set_code,name,subtitle,variant,card_number,aspect,arena,card_type,rarity
C24,Asajj Ventress,Count Dooku's Assassin,Convention Exclusive,,,,,
C24,Count Dooku,Darth Tyranus,Convention Exclusive,,,,,
C24,Darth Maul,Revenge At Last,Convention Exclusive,,,,,
C24,Darth Vader,Commanding the First Legion,Convention Exclusive,,,,,
C24,Emperor Palpatine,Master of the Dark Side,Convention Exclusive,,,,,
C24,Kylo Ren,Killing the Past,Convention Exclusive,,,,,
C25,BB-8,Happy Beeps,Convention Exclusive,,,,,
C25,BD-1,Beep Boo Boo Bweep,Convention Exclusive,,,,,
C25,C-3PO,Anything I Might Do?,Convention Exclusive,,,,,
C25,Chopper,War Hero,Convention Exclusive,,,,,
C25,L3-37,Get Out Of My Seat,Convention Exclusive,,,,,
C25,R2-D2,Artooooooooo!,Convention Exclusive,,,,,
G25,Darth Sidious,The Phantom Menace,Normal,,,,,
G25,Obi-Wan Kenobi,Protective Padawan,Normal,,,,,
GG,Catacombs of Cadera,,Hyperspace Foil,,,,,
GG,Dagobah Swamp,,Hyperspace Foil,,,,,
GG,Echo Base,,Hyperspace Foil,,,,,
GG,Jabba's Palace,,Hyperspace Foil,,,,,
J24,Avenger,Hunting Star Destroyer,Judge Program,,,,,
J24,K-2SO,Cassian's Counterpart,Judge Program,,,,,
J24,Maul,Shadow Collective Visionary,Judge Program,,,,,
J24,Supreme Leader Snoke,Shadow Ruler,Judge Program,,,,,
J24,Tech,Source of Insight,Judge Program,,,,,
J24,Wrecker,BOOM!,Judge Program,,,,,
J25,Ahsoka Tano,Chasing Whispers,Judge Program,,,,,
J25,Count Dooku,Fallen Jedi,Judge Program,,,,,
J25,Darth Maul,Revenge At Last,Judge Program,,,,,
J25,Darth Sion,Lord of Pain,Judge Program,,,,,
J25,Darth Vader,Scourge of Squadrons,Judge Program,,,,,
J25,Enfys Nest,Champion of Justice,Judge Program,,,,,
J25,General Grievous,Scuttling to Safety,Judge Program,,,,,
J25,HK-47,"Exclamation: Die, Meatbag!",Judge Program,,,,,
J25,Karis Nemik,Freedom is a Pure Idea,Judge Program,,,,,
J25,Ki-Adi-Mundi,Composed and Confident,Judge Program,,,,,
J25,Luke Skywalker,You Still With Me?,Judge Program,,,,,
J25,Luke Skywalker,A Hero's Beginning,Judge Program,,,,,
J25,Oggdo Bogdo,Bogano Brute,Judge Program,,,,,
J25,Poggle the Lesser,Archduke of the Stalgasin Hive,Judge Program,,,,,
J25,Queen Amidala,Championing Her People,Judge Program,,,,,
J25,Rey,With Palpatine's Power,Judge Program,,,,,
J25,The Ghost,Heart of the Family,Judge Program,,,,,
J25,The Mandalorian,Cleaning Up Nevarro,Judge Program,,,,,
J25,Yoda,My Ally is the Force,Judge Program,,,,,
JTL,Academy Graduate,,Standard,,,,,
JTL,Academy Graduate,,Hyperspace Foil,,,,,
JTL,Academy Graduate,,Standard Foil,,,,,
JTL,Academy Graduate,,Hyperspace,,,,,
JTL,Adept ARC-170,,Standard Foil,,,,,
JTL,Adept ARC-170,,Standard,,,,,
JTL,Adept ARC-170,,Hyperspace,,,,,
JTL,Adept ARC-170,,Hyperspace Foil,,,,,
JTL,Admiral Ackbar,It's A Trap!,Standard,,,,,
JTL,Admiral Ackbar,It's A Trap!,Hyperspace,,,,,
JTL,Admiral Ackbar,It's A Trap!,Showcase,,,,,
JTL,Admiral Holdo,We're Not Alone,Hyperspace,,,,,
JTL,Admiral Holdo,We're Not Alone,Standard,,,,,
JTL,Admiral Holdo,We're Not Alone,Showcase,,,,,
JTL,Admiral Piett,Commanding the Armada,Showcase,,,,,
JTL,Admiral Piett,Commanding the Armada,Hyperspace,,,,,
JTL,Admiral Piett,Commanding the Armada,Standard,,,,,
JTL,Admiral Trench,Chk-chk-chk-chk,Showcase,,,,,
JTL,Admiral Trench,Chk-chk-chk-chk,Standard,,,,,
JTL,Admiral Trench,Chk-chk-chk-chk,Hyperspace,,,,,
JTL,Admiral Yularen,Fleet Coordinator,Hyperspace Foil,,,,,
JTL,Admiral Yularen,Fleet Coordinator,Standard Foil,,,,,
JTL,Admiral Yularen,Fleet Coordinator,Standard,,,,,
JTL,Admiral Yularen,Fleet Coordinator,Hyperspace,,,,,
JTL,Ahsoka Tano,Chasing Whispers,Hyperspace,,,,,
JTL,Ahsoka Tano,Chasing Whispers,Hyperspace Foil,,,,,
JTL,Ahsoka Tano,Chasing Whispers,Standard,,,,,
JTL,Ahsoka Tano,Chasing Whispers,Standard Foil,,,,,
JTL,Air Superiority,,Standard,,,,,
JTL,Air Superiority,,Hyperspace,,,,,
JTL,Air Superiority,,Standard Foil,,,,,
JTL,Air Superiority,,Hyperspace Foil,,,,,
JTL,All Wings Report In,,Hyperspace Foil,,,,,
JTL,All Wings Report In,,Standard Foil,,,,,
JTL,All Wings Report In,,Hyperspace,,,,,
JTL,All Wings Report In,,Standard,,,,,
JTL,Allegiant General Pryde,Ruthless and Loyal,Standard,,,,,
JTL,Allegiant General Pryde,Ruthless and Loyal,Standard Foil,,,,,
JTL,Allegiant General Pryde,Ruthless and Loyal,Hyperspace Foil,,,,,
JTL,Allegiant General Pryde,Ruthless and Loyal,Hyperspace,,,,,
JTL,Anakin Skywalker,I'll Try Spinning,Hyperspace,,,,,
JTL,Anakin Skywalker,I'll Try Spinning,Standard Foil,,,,,
JTL,Anakin Skywalker,I'll Try Spinning,Standard,,,,,
JTL,Anakin Skywalker,I'll Try Spinning,Hyperspace Foil,,,,,
JTL,Annihilator,Tagge's Flagship,Hyperspace Foil,,,,,
JTL,Annihilator,Tagge's Flagship,Standard Prestige,,,,,
JTL,Annihilator,Tagge's Flagship,Hyperspace,,,,,
JTL,Annihilator,Tagge's Flagship,Standard,,,,,
JTL,Annihilator,Tagge's Flagship,Standard Foil,,,,,
JTL,Annihilator,Tagge's Flagship,Foil Prestige,,,,,
JTL,Annihilator,Tagge's Flagship,Serialized Prestige,,,,,
JTL,Apology Accepted,,Hyperspace,,,,,
JTL,Apology Accepted,,Hyperspace Foil,,,,,
JTL,Apology Accepted,,Standard,,,,,
JTL,Apology Accepted,,Standard Foil,,,,,
JTL,Asajj Ventress,I Work Alone,Showcase,,,,,
JTL,Asajj Ventress,I Work Alone,Standard,,,,,
JTL,Asajj Ventress,I Work Alone,Hyperspace,,,,,
JTL,Astromech Pilot,,Standard Foil,,,,,
JTL,Astromech Pilot,,Hyperspace,,,,,
JTL,Astromech Pilot,,Standard,,,,,
JTL,Astromech Pilot,,Hyperspace Foil,,,,,
JTL,AT-DP Occupier,,Hyperspace,,,,,
JTL,AT-DP Occupier,,Standard,,,,,
JTL,AT-DP Occupier,,Standard Foil,,,,,
JTL,AT-DP Occupier,,Hyperspace Foil,,,,,
JTL,Attack Run,,Standard,,,,,
JTL,Attack Run,,Standard Foil,,,,,
JTL,Attack Run,,Hyperspace Foil,,,,,
JTL,Attack Run,,Hyperspace,,,,,
JTL,Banshee,Crippling Command,Hyperspace Foil,,,,,
JTL,Banshee,Crippling Command,Foil Prestige,,,,,
JTL,Banshee,Crippling Command,Serialized Prestige,,,,,
JTL,Banshee,Crippling Command,Standard Prestige,,,,,
JTL,Banshee,Crippling Command,Standard,,,,,
JTL,Banshee,Crippling Command,Hyperspace,,,,,
JTL,Banshee,Crippling Command,Standard Foil,,,,,
JTL,Barrel Roll,,Standard Foil,,,,,
JTL,Barrel Roll,,Hyperspace,,,,,
JTL,Barrel Roll,,Hyperspace Foil,,,,,
JTL,Barrel Roll,,Standard,,,,,
JTL,BB-8,Happy Beeps,Standard,,,,,
JTL,BB-8,Happy Beeps,Hyperspace Foil,,,,,
JTL,BB-8,Happy Beeps,Standard Foil,,,,,
JTL,BB-8,Happy Beeps,Hyperspace,,,,,
JTL,Biggs Darklighter,They'll Never Stop Us,Standard Foil,,,,,
JTL,Biggs Darklighter,They'll Never Stop Us,Hyperspace Foil,,,,,
JTL,Biggs Darklighter,They'll Never Stop Us,Standard,,,,,
JTL,Biggs Darklighter,They'll Never Stop Us,Hyperspace,,,,,
JTL,Black One,Straight At Them,Hyperspace,,,,,
JTL,Black One,Straight At Them,Hyperspace Foil,,,,,
JTL,Black One,Straight At Them,Standard Foil,,,,,
JTL,Black One,Straight At Them,Standard Prestige,,,,,
JTL,Black One,Straight At Them,Foil Prestige,,,,,
JTL,Black One,Straight At Them,Serialized Prestige,,,,,
JTL,Black One,Straight At Them,Standard,,,,,
JTL,Black Squadron Scout Wing,,Hyperspace,,,,,
JTL,Black Squadron Scout Wing,,Standard,,,,,
JTL,Black Squadron Scout Wing,,Hyperspace Foil,,,,,
JTL,Black Squadron Scout Wing,,Standard Foil,,,,,
JTL,Blade Squadron B-Wing,,Hyperspace Foil,,,,,
JTL,Blade Squadron B-Wing,,Hyperspace,,,,,
JTL,Blade Squadron B-Wing,,Standard,,,,,
JTL,Blade Squadron B-Wing,,Standard Foil,,,,,
JTL,Blue Leader,Scarif Air Support,Standard,,,,,
JTL,Blue Leader,Scarif Air Support,Foil Prestige,,,,,
JTL,Blue Leader,Scarif Air Support,Serialized Prestige,,,,,
JTL,Blue Leader,Scarif Air Support,Hyperspace Foil,,,,,
JTL,Blue Leader,Scarif Air Support,Standard Prestige,,,,,
JTL,Blue Leader,Scarif Air Support,Standard Foil,,,,,
JTL,Blue Leader,Scarif Air Support,Hyperspace,,,,,
JTL,Boba Fett,Feared Bounty Hunter,Standard Foil,,,,,
JTL,Boba Fett,Any Methods Necessary,Standard,,,,,
JTL,Boba Fett,Any Methods Necessary,Showcase,,,,,
JTL,Boba Fett,Any Methods Necessary,Hyperspace,,,,,
JTL,Boba Fett,Feared Bounty Hunter,Hyperspace,,,,,
JTL,Boba Fett,Feared Bounty Hunter,Standard,,,,,
JTL,Boba Fett,Feared Bounty Hunter,Hyperspace Foil,,,,,
JTL,BoShek,Charismatic Smuggler,Standard,,,,,
JTL,BoShek,Charismatic Smuggler,Standard Foil,,,,,
JTL,BoShek,Charismatic Smuggler,Hyperspace,,,,,
JTL,BoShek,Charismatic Smuggler,Hyperspace Foil,,,,,
JTL,Bossk,Hunt By Instinct,Hyperspace,,,,,
JTL,Bossk,Hunt By Instinct,Standard Foil,,,,,
JTL,Bossk,Hunt By Instinct,Standard,,,,,
JTL,Bossk,Hunt By Instinct,Hyperspace Foil,,,,,
JTL,Bunker Defender,,Standard Foil,,,,,
JTL,Bunker Defender,,Hyperspace Foil,,,,,
JTL,Bunker Defender,,Hyperspace,,,,,
JTL,Bunker Defender,,Standard,,,,,
JTL,Captain Phasma,On My Command,Standard,,,,,
JTL,Captain Phasma,Chrome Dome,Hyperspace,,,,,
JTL,Captain Phasma,On My Command,Hyperspace,,,,,
JTL,Captain Phasma,On My Command,Hyperspace Foil,,,,,
JTL,Captain Phasma,On My Command,Standard Foil,,,,,
JTL,Captain Phasma,Chrome Dome,Standard,,,,,
JTL,Captain Phasma,Chrome Dome,Showcase,,,,,
JTL,Captain Tarkin,Full Forward Assault,Standard Foil,,,,,
JTL,Captain Tarkin,Full Forward Assault,Hyperspace,,,,,
JTL,Captain Tarkin,Full Forward Assault,Standard,,,,,
JTL,Captain Tarkin,Full Forward Assault,Hyperspace Foil,,,,,
JTL,Cassian Andor,Threading the Eye,Standard,,,,,
JTL,Cassian Andor,Threading the Eye,Hyperspace,,,,,
JTL,Cassian Andor,Threading the Eye,Hyperspace Foil,,,,,
JTL,Cassian Andor,Threading the Eye,Standard Foil,,,,,
JTL,Cat and Mouse,,Standard Foil,,,,,
JTL,Cat and Mouse,,Hyperspace Foil,,,,,
JTL,Cat and Mouse,,Hyperspace,,,,,
JTL,Cat and Mouse,,Standard,,,,,
JTL,Cham Syndulla,Rallying Ryloth,Standard,,,,,
JTL,Cham Syndulla,Rallying Ryloth,Standard Foil,,,,,
JTL,Cham Syndulla,Rallying Ryloth,Hyperspace Foil,,,,,
JTL,Cham Syndulla,Rallying Ryloth,Hyperspace,,,,,
JTL,Chewbacca,Faithful First Mate,Hyperspace,,,,,
JTL,Chewbacca,Faithful First Mate,Hyperspace Foil,,,,,
JTL,Chewbacca,Faithful First Mate,Standard Foil,,,,,
JTL,Chewbacca,Faithful First Mate,Standard,,,,,
JTL,Chimaera,Reinforcing the Center,Hyperspace,,,,,
JTL,Chimaera,Reinforcing the Center,Serialized Prestige,,,,,
JTL,Chimaera,Reinforcing the Center,Hyperspace Foil,,,,,
JTL,Chimaera,Reinforcing the Center,Foil Prestige,,,,,
JTL,Chimaera,Reinforcing the Center,Standard Foil,,,,,
JTL,Chimaera,Reinforcing the Center,Standard Prestige,,,,,
JTL,Chimaera,Reinforcing the Center,Standard,,,,,
JTL,Chopper Base,,Hyperspace,,,,,
JTL,Chopper Base,,Standard,,,,,
JTL,City in the Clouds,,Hyperspace,,,,,
JTL,City in the Clouds,,Standard,,,,,
JTL,Cloaked StarViper,,Standard Foil,,,,,
JTL,Cloaked StarViper,,Hyperspace,,,,,
JTL,Cloaked StarViper,,Standard,,,,,
JTL,Cloaked StarViper,,Hyperspace Foil,,,,,
JTL,Clone Combat Squadron,,Hyperspace Foil,,,,,
JTL,Clone Combat Squadron,,Hyperspace,,,,,
JTL,Clone Combat Squadron,,Standard,,,,,
JTL,Clone Combat Squadron,,Standard Foil,,,,,
JTL,Clone Pilot,,Hyperspace Foil,,,,,
JTL,Clone Pilot,,Hyperspace,,,,,
JTL,Clone Pilot,,Standard Foil,,,,,
JTL,Clone Pilot,,Standard,,,,,
JTL,Close the Shield Gate,,Standard Foil,,,,,
JTL,Close the Shield Gate,,Standard,,,,,
JTL,Close the Shield Gate,,Hyperspace Foil,,,,,
JTL,Close the Shield Gate,,Hyperspace,,,,,
JTL,Colossus,,Standard Foil,,,,,
JTL,Colossus,,Hyperspace Foil,,,,,
JTL,Colossus,,Hyperspace,,,,,
JTL,Colossus,,Standard,,,,,
JTL,Commandeer,,Hyperspace Foil,,,,,
JTL,Commandeer,,Standard Foil,,,,,
JTL,Commandeer,,Standard,,,,,
JTL,Commandeer,,Hyperspace,,,,,
JTL,Commence Patrol,,Hyperspace,,,,,
JTL,Commence Patrol,,Hyperspace Foil,,,,,
JTL,Commence Patrol,,Standard Foil,,,,,
JTL,Commence Patrol,,Standard,,,,,
JTL,Contracted Hunter,,Standard,,,,,
JTL,Contracted Hunter,,Standard Foil,,,,,
JTL,Contracted Hunter,,Hyperspace Foil,,,,,
JTL,Contracted Hunter,,Hyperspace,,,,,
JTL,Contracted Jumpmaster,,Standard Foil,,,,,
JTL,Contracted Jumpmaster,,Hyperspace,,,,,
JTL,Contracted Jumpmaster,,Hyperspace Foil,,,,,
JTL,Contracted Jumpmaster,,Standard,,,,,
JTL,Coordinated Front,,Standard Foil,,,,,
JTL,Coordinated Front,,Hyperspace Foil,,,,,
JTL,Coordinated Front,,Standard,,,,,
JTL,Coordinated Front,,Hyperspace,,,,,
JTL,Corellian Freighter,,Hyperspace Foil,,,,,
JTL,Corellian Freighter,,Hyperspace,,,,,
JTL,Corellian Freighter,,Standard,,,,,
JTL,Corellian Freighter,,Standard Foil,,,,,
JTL,Corporate Defense Shuttle,,Standard,,,,,
JTL,Corporate Defense Shuttle,,Hyperspace,,,,,
JTL,Corporate Defense Shuttle,,Hyperspace Foil,,,,,
JTL,Corporate Defense Shuttle,,Standard Foil,,,,,
JTL,Corporate Light Cruiser,,Standard,,,,,
JTL,Corporate Light Cruiser,,Hyperspace,,,,,
JTL,Corporate Light Cruiser,,Hyperspace Foil,,,,,
JTL,Corporate Light Cruiser,,Standard Foil,,,,,
JTL,Corvus,Inferno Squadron Raider,Foil Prestige,,,,,
JTL,Corvus,Inferno Squadron Raider,Serialized Prestige,,,,,
JTL,Corvus,Inferno Squadron Raider,Standard,,,,,
JTL,Corvus,Inferno Squadron Raider,Hyperspace,,,,,
JTL,Corvus,Inferno Squadron Raider,Hyperspace Foil,,,,,
JTL,Corvus,Inferno Squadron Raider,Standard Foil,,,,,
JTL,Corvus,Inferno Squadron Raider,Standard Prestige,,,,,
JTL,Covering the Wing,,Hyperspace Foil,,,,,
JTL,Covering the Wing,,Standard Foil,,,,,
JTL,Covering the Wing,,Hyperspace,,,,,
JTL,Covering the Wing,,Standard,,,,,
JTL,CR90 Relief Runner,,Standard,,,,,
JTL,CR90 Relief Runner,,Hyperspace,,,,,
JTL,CR90 Relief Runner,,Standard Foil,,,,,
JTL,CR90 Relief Runner,,Hyperspace Foil,,,,,
JTL,Crackshot V-Wing,,Hyperspace,,,,,
JTL,Crackshot V-Wing,,Hyperspace Foil,,,,,
JTL,Crackshot V-Wing,,Standard,,,,,
JTL,Crackshot V-Wing,,Standard Foil,,,,,
JTL,D'Qar Cargo Frigate,,Standard Foil,,,,,
JTL,D'Qar Cargo Frigate,,Standard,,,,,
JTL,D'Qar Cargo Frigate,,Hyperspace Foil,,,,,
JTL,D'Qar Cargo Frigate,,Hyperspace,,,,,
JTL,Dagger Squadron Pilot,,Hyperspace Foil,,,,,
JTL,Dagger Squadron Pilot,,Standard,,,,,
JTL,Dagger Squadron Pilot,,Hyperspace,,,,,
JTL,Dagger Squadron Pilot,,Standard Foil,,,,,
JTL,Darth Vader,Scourge of Squadrons,Hyperspace Foil,,,,,
JTL,Darth Vader,Victor Squadron Leader,Standard,,,,,
JTL,Darth Vader,Victor Squadron Leader,Hyperspace,,,,,
JTL,Darth Vader,Scourge of Squadrons,Standard,,,,,
JTL,Darth Vader,Victor Squadron Leader,Showcase,,,,,
JTL,Darth Vader,Scourge of Squadrons,Hyperspace,,,,,
JTL,Darth Vader,Scourge of Squadrons,Standard Foil,,,,,
JTL,Data Vault,,Standard,,,,,
JTL,Data Vault,,Hyperspace Foil,,,,,
JTL,Data Vault,,Standard Foil,,,,,
JTL,Data Vault,,Hyperspace,,,,,
JTL,Death Space Skirmisher,,Hyperspace Foil,,,,,
JTL,Death Space Skirmisher,,Hyperspace,,,,,
JTL,Death Space Skirmisher,,Standard Foil,,,,,
JTL,Death Space Skirmisher,,Standard,,,,,
JTL,Death Star Plans,,Standard,,,,,
JTL,Death Star Plans,,Standard Foil,,,,,
JTL,Death Star Plans,,Hyperspace Foil,,,,,
JTL,Death Star Plans,,Hyperspace,,,,,
JTL,Decimator of Dissidents,,Standard,,,,,
JTL,Decimator of Dissidents,,Standard Foil,,,,,
JTL,Decimator of Dissidents,,Hyperspace,,,,,
JTL,Decimator of Dissidents,,Hyperspace Foil,,,,,
JTL,Dedicated Wingmen,,Hyperspace,,,,,
JTL,Dedicated Wingmen,,Hyperspace Foil,,,,,
JTL,Dedicated Wingmen,,Standard,,,,,
JTL,Dedicated Wingmen,,Standard Foil,,,,,
JTL,Dengar,Crude and Slovenly,Hyperspace,,,,,
JTL,Dengar,Crude and Slovenly,Hyperspace Foil,,,,,
JTL,Dengar,Crude and Slovenly,Standard,,,,,
JTL,Dengar,Crude and Slovenly,Standard Foil,,,,,
JTL,Desperate Commando,,Standard,,,,,
JTL,Desperate Commando,,Hyperspace,,,,,
JTL,Desperate Commando,,Hyperspace Foil,,,,,
JTL,Desperate Commando,,Standard Foil,,,,,
JTL,Determined Recruit,,Standard Foil,,,,,
JTL,Determined Recruit,,Hyperspace,,,,,
JTL,Determined Recruit,,Hyperspace Foil,,,,,
JTL,Determined Recruit,,Standard,,,,,
JTL,Devastator,Hunting the Rebellion,Hyperspace Foil,,,,,
JTL,Devastator,Hunting the Rebellion,Hyperspace,,,,,
JTL,Devastator,Hunting the Rebellion,Standard Foil,,,,,
JTL,Devastator,Hunting the Rebellion,Standard,,,,,
JTL,Devastator,Hunting the Rebellion,Standard Prestige,,,,,
JTL,Devastator,Hunting the Rebellion,Serialized Prestige,,,,,
JTL,Devastator,Hunting the Rebellion,Foil Prestige,,,,,
JTL,Dilapidated Ski Speeder,,Standard Foil,,,,,
JTL,Dilapidated Ski Speeder,,Hyperspace,,,,,
JTL,Dilapidated Ski Speeder,,Hyperspace Foil,,,,,
JTL,Dilapidated Ski Speeder,,Standard,,,,,
JTL,Direct Hit,,Hyperspace,,,,,
JTL,Direct Hit,,Standard,,,,,
JTL,Direct Hit,,Hyperspace Foil,,,,,
JTL,Direct Hit,,Standard Foil,,,,,
JTL,Director Krennic,On the Verge of Greatness,Standard,,,,,
JTL,Director Krennic,On the Verge of Greatness,Standard Foil,,,,,
JTL,Director Krennic,On the Verge of Greatness,Hyperspace,,,,,
JTL,Director Krennic,On the Verge of Greatness,Hyperspace Foil,,,,,
JTL,Diversion,,Hyperspace Foil,,,,,
JTL,Diversion,,Standard,,,,,
JTL,Diversion,,Standard Foil,,,,,
JTL,Diversion,,Hyperspace,,,,,
JTL,Dogfight,,Hyperspace,,,,,
JTL,Dogfight,,Standard,,,,,
JTL,Dogfight,,Hyperspace Foil,,,,,
JTL,Dogfight,,Standard Foil,,,,,
JTL,Dornean Gunship,,Standard,,,,,
JTL,Dornean Gunship,,Hyperspace Foil,,,,,
JTL,Dornean Gunship,,Hyperspace,,,,,
JTL,Dornean Gunship,,Standard Foil,,,,,
JTL,Dorsal Turret,,Hyperspace,,,,,
JTL,Dorsal Turret,,Hyperspace Foil,,,,,
JTL,Dorsal Turret,,Standard,,,,,
JTL,Dorsal Turret,,Standard Foil,,,,,
JTL,Droid Missile Platform,,Hyperspace Foil,,,,,
JTL,Droid Missile Platform,,Hyperspace,,,,,
JTL,Droid Missile Platform,,Standard Foil,,,,,
JTL,Droid Missile Platform,,Standard,,,,,
JTL,Eager Escort Fighter,,Standard Foil,,,,,
JTL,Eager Escort Fighter,,Hyperspace,,,,,
JTL,Eager Escort Fighter,,Hyperspace Foil,,,,,
JTL,Eager Escort Fighter,,Standard,,,,,
JTL,Echo Base Engineer,,Hyperspace Foil,,,,,
JTL,Echo Base Engineer,,Standard,,,,,
JTL,Echo Base Engineer,,Standard Foil,,,,,
JTL,Echo Base Engineer,,Hyperspace,,,,,
JTL,Eject,,Hyperspace Foil,,,,,
JTL,Eject,,Hyperspace,,,,,
JTL,Eject,,Standard,,,,,
JTL,Eject,,Standard Foil,,,,,
JTL,Electromagnetic Pulse,,Standard,,,,,
JTL,Electromagnetic Pulse,,Hyperspace Foil,,,,,
JTL,Electromagnetic Pulse,,Standard Foil,,,,,
JTL,Electromagnetic Pulse,,Hyperspace,,,,,
JTL,Evasive Maneuver,,Hyperspace Foil,,,,,
JTL,Evasive Maneuver,,Hyperspace,,,,,
JTL,Evasive Maneuver,,Standard Foil,,,,,
JTL,Evasive Maneuver,,Standard,,,,,
JTL,Executor,Might of the Empire,Hyperspace Foil,,,,,
JTL,Executor,Might of the Empire,Standard,,,,,
JTL,Executor,Might of the Empire,Standard Prestige,,,,,
JTL,Executor,Might of the Empire,Serialized Prestige,,,,,
JTL,Executor,Might of the Empire,Foil Prestige,,,,,
JTL,Executor,Might of the Empire,Hyperspace,,,,,
JTL,Executor,Might of the Empire,Standard Foil,,,,,
JTL,Face Off,,Hyperspace,,,,,
JTL,Face Off,,Standard Foil,,,,,
JTL,Face Off,,Standard,,,,,
JTL,Face Off,,Hyperspace Foil,,,,,
JTL,Fett's Firespray,Feared Silhouette,Standard,,,,,
JTL,Fett's Firespray,Feared Silhouette,Standard Prestige,,,,,
JTL,Fett's Firespray,Feared Silhouette,Foil Prestige,,,,,
JTL,Fett's Firespray,Feared Silhouette,Hyperspace Foil,,,,,
JTL,Fett's Firespray,Feared Silhouette,Standard Foil,,,,,
JTL,Fett's Firespray,Feared Silhouette,Hyperspace,,,,,
JTL,Fett's Firespray,Feared Silhouette,Serialized Prestige,,,,,
JTL,Fight Fire With Fire,,Hyperspace Foil,,,,,
JTL,Fight Fire With Fire,,Hyperspace,,,,,
JTL,Fight Fire With Fire,,Standard,,,,,
JTL,Fight Fire With Fire,,Standard Foil,,,,,
JTL,Fireball,An Explosion With Wings,Standard Foil,,,,,
JTL,Fireball,An Explosion With Wings,Standard Prestige,,,,,
JTL,Fireball,An Explosion With Wings,Hyperspace,,,,,
JTL,Fireball,An Explosion With Wings,Foil Prestige,,,,,
JTL,Fireball,An Explosion With Wings,Serialized Prestige,,,,,
JTL,Fireball,An Explosion With Wings,Standard,,,,,
JTL,Fireball,An Explosion With Wings,Hyperspace Foil,,,,,
JTL,First Order Stormtrooper,,Standard,,,,,
JTL,First Order Stormtrooper,,Hyperspace,,,,,
JTL,First Order Stormtrooper,,Hyperspace Foil,,,,,
JTL,First Order Stormtrooper,,Standard Foil,,,,,
JTL,First Order TIE Fighter,,Hyperspace,,,,,
JTL,First Order TIE Fighter,,Hyperspace Foil,,,,,
JTL,First Order TIE Fighter,,Standard Foil,,,,,
JTL,First Order TIE Fighter,,Standard,,,,,
JTL,Flanking Fang Fighter,,Standard,,,,,
JTL,Flanking Fang Fighter,,Hyperspace Foil,,,,,
JTL,Flanking Fang Fighter,,Hyperspace,,,,,
JTL,Flanking Fang Fighter,,Standard Foil,,,,,
JTL,Fleet Interdictor,,Standard,,,,,
JTL,Fleet Interdictor,,Hyperspace,,,,,
JTL,Fleet Interdictor,,Standard Foil,,,,,
JTL,Fleet Interdictor,,Hyperspace Foil,,,,,
JTL,Fly Casual,,Hyperspace,,,,,
JTL,Fly Casual,,Hyperspace Foil,,,,,
JTL,Fly Casual,,Standard Foil,,,,,
JTL,Fly Casual,,Standard,,,,,
JTL,Focus Fire,,Standard Foil,,,,,
JTL,Focus Fire,,Standard,,,,,
JTL,Focus Fire,,Hyperspace,,,,,
JTL,Focus Fire,,Hyperspace Foil,,,,,
JTL,Frisk,Vanguard Loudmouth,Standard,,,,,
JTL,Frisk,Vanguard Loudmouth,Standard Foil,,,,,
JTL,Frisk,Vanguard Loudmouth,Hyperspace Foil,,,,,
JTL,Frisk,Vanguard Loudmouth,Hyperspace,,,,,
JTL,General Draven,Doing What Must Be Done,Standard Foil,,,,,
JTL,General Draven,Doing What Must Be Done,Hyperspace,,,,,
JTL,General Draven,Doing What Must Be Done,Hyperspace Foil,,,,,
JTL,General Draven,Doing What Must Be Done,Standard,,,,,
JTL,General Hux,"No Terms, No Surrender",Standard,,,,,
JTL,General Hux,"No Terms, No Surrender",Hyperspace Foil,,,,,
JTL,General Hux,"No Terms, No Surrender",Standard Foil,,,,,
JTL,General Hux,"No Terms, No Surrender",Hyperspace,,,,,
JTL,Gold Leader,Fastest Ship in the Fleet,Serialized Prestige,,,,,
JTL,Gold Leader,Fastest Ship in the Fleet,Hyperspace Foil,,,,,
JTL,Gold Leader,Fastest Ship in the Fleet,Standard Prestige,,,,,
JTL,Gold Leader,Fastest Ship in the Fleet,Hyperspace,,,,,
JTL,Gold Leader,Fastest Ship in the Fleet,Foil Prestige,,,,,
JTL,Gold Leader,Fastest Ship in the Fleet,Standard,,,,,
JTL,Gold Leader,Fastest Ship in the Fleet,Standard Foil,,,,,
JTL,Grand Admiral Thrawn,...How Unfortunate,Standard,,,,,
JTL,Grand Admiral Thrawn,...How Unfortunate,Hyperspace,,,,,
JTL,Grand Admiral Thrawn,...How Unfortunate,Showcase,,,,,
JTL,Grim Valor,,Standard,,,,,
JTL,Grim Valor,,Standard Foil,,,,,
JTL,Grim Valor,,Hyperspace Foil,,,,,
JTL,Grim Valor,,Hyperspace,,,,,
JTL,Guerilla Soldier,,Standard Foil,,,,,
JTL,Guerilla Soldier,,Hyperspace Foil,,,,,
JTL,Guerilla Soldier,,Hyperspace,,,,,
JTL,Guerilla Soldier,,Standard,,,,,
JTL,Han Solo,Has His Moments,Hyperspace Foil,,,,,
JTL,Han Solo,Never Tell Me the Odds,Standard,,,,,
JTL,Han Solo,Has His Moments,Hyperspace,,,,,
JTL,Han Solo,Never Tell Me the Odds,Hyperspace,,,,,
JTL,Han Solo,Never Tell Me the Odds,Showcase,,,,,
JTL,Han Solo,Has His Moments,Standard,,,,,
JTL,Han Solo,Has His Moments,Standard Foil,,,,,
JTL,Heartless Tactics,,Standard,,,,,
JTL,Heartless Tactics,,Hyperspace,,,,,
JTL,Heartless Tactics,,Hyperspace Foil,,,,,
JTL,Heartless Tactics,,Standard Foil,,,,,
JTL,Hera Syndulla,We've Lost Enough,Hyperspace,,,,,
JTL,Hera Syndulla,We've Lost Enough,Standard,,,,,
JTL,Hera Syndulla,We've Lost Enough,Hyperspace Foil,,,,,
JTL,Hera Syndulla,We've Lost Enough,Standard Foil,,,,,
JTL,Home One,On My Mark,Standard Foil,,,,,
JTL,Home One,On My Mark,Foil Prestige,,,,,
JTL,Home One,On My Mark,Hyperspace Foil,,,,,
JTL,Home One,On My Mark,Standard,,,,,
JTL,Home One,On My Mark,Hyperspace,,,,,
JTL,Home One,On My Mark,Standard Prestige,,,,,
JTL,Home One,On My Mark,Serialized Prestige,,,,,
JTL,Homestead Militia,,Standard,,,,,
JTL,Homestead Militia,,Hyperspace Foil,,,,,
JTL,Homestead Militia,,Hyperspace,,,,,
JTL,Homestead Militia,,Standard Foil,,,,,
JTL,Hondo Ohnaka,Superfluous Swindler,Standard,,,,,
JTL,Hondo Ohnaka,Superfluous Swindler,Hyperspace Foil,,,,,
JTL,Hondo Ohnaka,Superfluous Swindler,Standard Foil,,,,,
JTL,Hondo Ohnaka,Superfluous Swindler,Hyperspace,,,,,
JTL,Hopeful Volunteer,,Standard,,,,,
JTL,Hopeful Volunteer,,Hyperspace,,,,,
JTL,Hopeful Volunteer,,Standard Foil,,,,,
JTL,Hopeful Volunteer,,Hyperspace Foil,,,,,
JTL,Hotshot Maneuver,,Hyperspace,,,,,
JTL,Hotshot Maneuver,,Standard,,,,,
JTL,Hotshot Maneuver,,Hyperspace Foil,,,,,
JTL,Hotshot Maneuver,,Standard Foil,,,,,
JTL,Hound's Tooth,Reliable and Deadly,Standard,,,,,
JTL,Hound's Tooth,Reliable and Deadly,Hyperspace Foil,,,,,
JTL,Hound's Tooth,Reliable and Deadly,Standard Foil,,,,,
JTL,Hound's Tooth,Reliable and Deadly,Foil Prestige,,,,,
JTL,Hound's Tooth,Reliable and Deadly,Standard Prestige,,,,,
JTL,Hound's Tooth,Reliable and Deadly,Hyperspace,,,,,
JTL,Hound's Tooth,Reliable and Deadly,Serialized Prestige,,,,,
JTL,Hunting Aggressor,,Hyperspace Foil,,,,,
JTL,Hunting Aggressor,,Hyperspace,,,,,
JTL,Hunting Aggressor,,Standard,,,,,
JTL,Hunting Aggressor,,Standard Foil,,,,,
JTL,I Have You Now,,Hyperspace,,,,,
JTL,I Have You Now,,Standard,,,,,
JTL,I Have You Now,,Standard Foil,,,,,
JTL,I Have You Now,,Hyperspace Foil,,,,,
JTL,Iden Versio,Adapt or Die,Standard Foil,,,,,
JTL,Iden Versio,Adapt or Die,Hyperspace Foil,,,,,
JTL,Iden Versio,Adapt or Die,Standard,,,,,
JTL,Iden Versio,Adapt or Die,Hyperspace,,,,,
JTL,IG-2000,Assassin's Aggressor,Standard Prestige,,,,,
JTL,IG-2000,Assassin's Aggressor,Serialized Prestige,,,,,
JTL,IG-2000,Assassin's Aggressor,Foil Prestige,,,,,
JTL,IG-2000,Assassin's Aggressor,Hyperspace,,,,,
JTL,IG-2000,Assassin's Aggressor,Hyperspace Foil,,,,,
JTL,IG-2000,Assassin's Aggressor,Standard,,,,,
JTL,IG-2000,Assassin's Aggressor,Standard Foil,,,,,
JTL,IG-88,Murderous Phlutdroid,Standard,,,,,
JTL,IG-88,Murderous Phlutdroid,Hyperspace Foil,,,,,
JTL,IG-88,Murderous Phlutdroid,Hyperspace,,,,,
JTL,IG-88,Murderous Phlutdroid,Standard Foil,,,,,
JTL,In Debt to Crimson Dawn,,Hyperspace,,,,,
JTL,In Debt to Crimson Dawn,,Standard Foil,,,,,
JTL,In Debt to Crimson Dawn,,Standard,,,,,
JTL,In Debt to Crimson Dawn,,Hyperspace Foil,,,,,
JTL,In the Heat of Battle,,Standard,,,,,
JTL,In the Heat of Battle,,Standard Foil,,,,,
JTL,In the Heat of Battle,,Hyperspace Foil,,,,,
JTL,In the Heat of Battle,,Hyperspace,,,,,
JTL,Independent Smuggler,,Hyperspace Foil,,,,,
JTL,Independent Smuggler,,Hyperspace,,,,,
JTL,Independent Smuggler,,Standard,,,,,
JTL,Independent Smuggler,,Standard Foil,,,,,
JTL,Indoctrinated Conscript,,Hyperspace,,,,,
JTL,Indoctrinated Conscript,,Hyperspace Foil,,,,,
JTL,Indoctrinated Conscript,,Standard,,,,,
JTL,Indoctrinated Conscript,,Standard Foil,,,,,
JTL,Insurgent Saboteurs,,Hyperspace Foil,,,,,
JTL,Insurgent Saboteurs,,Standard Foil,,,,,
JTL,Insurgent Saboteurs,,Hyperspace,,,,,
JTL,Insurgent Saboteurs,,Standard,,,,,
JTL,Interceptor Ace,,Hyperspace Foil,,,,,
JTL,Interceptor Ace,,Hyperspace,,,,,
JTL,Interceptor Ace,,Standard Foil,,,,,
JTL,Interceptor Ace,,Standard,,,,,
JTL,Invincible,Naval Adversary,Standard Foil,,,,,
JTL,Invincible,Naval Adversary,Standard Prestige,,,,,
JTL,Invincible,Naval Adversary,Foil Prestige,,,,,
JTL,Invincible,Naval Adversary,Hyperspace,,,,,
JTL,Invincible,Naval Adversary,Hyperspace Foil,,,,,
JTL,Invincible,Naval Adversary,Serialized Prestige,,,,,
JTL,Invincible,Naval Adversary,Standard,,,,,
JTL,It's a Trap,,Standard Foil,,,,,
JTL,It's a Trap,,Hyperspace Foil,,,,,
JTL,It's a Trap,,Hyperspace,,,,,
JTL,It's a Trap,,Standard,,,,,
JTL,Jam Communications,,Hyperspace,,,,,
JTL,Jam Communications,,Standard Foil,,,,,
JTL,Jam Communications,,Hyperspace Foil,,,,,
JTL,Jam Communications,,Standard,,,,,
JTL,Jarek Yeager,Coordinating With The Resistance,Standard,,,,,
JTL,Jarek Yeager,Coordinating With The Resistance,Hyperspace,,,,,
JTL,Jarek Yeager,Coordinating With The Resistance,Standard Foil,,,,,
JTL,Jarek Yeager,Coordinating With The Resistance,Hyperspace Foil,,,,,
JTL,Jedi Light Cruiser,,Hyperspace Foil,,,,,
JTL,Jedi Light Cruiser,,Standard Foil,,,,,
JTL,Jedi Light Cruiser,,Hyperspace,,,,,
JTL,Jedi Light Cruiser,,Standard,,,,,
JTL,Jump to Lightspeed,,Hyperspace,,,,,
JTL,Jump to Lightspeed,,Hyperspace Foil,,,,,
JTL,Jump to Lightspeed,,Standard,,,,,
JTL,Jump to Lightspeed,,Standard Foil,,,,,
JTL,Kazuda Xiono,Best Pilot in the Galaxy,Standard,,,,,
JTL,Kazuda Xiono,Best Pilot in the Galaxy,Hyperspace,,,,,
JTL,Kazuda Xiono,Best Pilot in the Galaxy,Showcase,,,,,
JTL,Kijimi Patrollers,,Standard,,,,,
JTL,Kijimi Patrollers,,Standard Foil,,,,,
JTL,Kijimi Patrollers,,Hyperspace,,,,,
JTL,Kijimi Patrollers,,Hyperspace Foil,,,,,
JTL,Kimogila Heavy Fighter,,Standard Foil,,,,,
JTL,Kimogila Heavy Fighter,,Standard,,,,,
JTL,Kimogila Heavy Fighter,,Hyperspace,,,,,
JTL,Kimogila Heavy Fighter,,Hyperspace Foil,,,,,
JTL,Koiogran Turn,,Standard Foil,,,,,
JTL,Koiogran Turn,,Standard,,,,,
JTL,Koiogran Turn,,Hyperspace,,,,,
JTL,Koiogran Turn,,Hyperspace Foil,,,,,
JTL,L3-37,Get Out Of My Seat,Hyperspace,,,,,
JTL,L3-37,Get Out Of My Seat,Standard Foil,,,,,
JTL,L3-37,Get Out Of My Seat,Standard,,,,,
JTL,L3-37,Get Out Of My Seat,Hyperspace Foil,,,,,
JTL,Lake Country,,Standard,,,,,
JTL,Lake Country,,Hyperspace Foil,,,,,
JTL,Lake Country,,Standard Foil,,,,,
JTL,Lake Country,,Hyperspace,,,,,
JTL,Landing Shuttle,,Standard,,,,,
JTL,Landing Shuttle,,Hyperspace Foil,,,,,
JTL,Landing Shuttle,,Standard Foil,,,,,
JTL,Landing Shuttle,,Hyperspace,,,,,
JTL,Lando Calrissian,Buying Time,Standard,,,,,
JTL,Lando Calrissian,Buying Time,Showcase,,,,,
JTL,Lando Calrissian,Buying Time,Hyperspace,,,,,
JTL,Leia Organa,"Pilots, To Your Stations",Standard Foil,,,,,
JTL,Leia Organa,"Pilots, To Your Stations",Hyperspace,,,,,
JTL,Leia Organa,"Pilots, To Your Stations",Standard,,,,,
JTL,Leia Organa,"Pilots, To Your Stations",Hyperspace Foil,,,,,
JTL,Lightspeed Assault,,Standard,,,,,
JTL,Lightspeed Assault,,Hyperspace Foil,,,,,
JTL,Lightspeed Assault,,Hyperspace,,,,,
JTL,Lightspeed Assault,,Standard Foil,,,,,
JTL,Luke Skywalker,Hero of Yavin,Showcase,,,,,
JTL,Luke Skywalker,You Still With Me?,Hyperspace,,,,,
JTL,Luke Skywalker,Hero of Yavin,Hyperspace,,,,,
JTL,Luke Skywalker,Hero of Yavin,Standard,,,,,
JTL,Luke Skywalker,You Still With Me?,Standard Foil,,,,,
JTL,Luke Skywalker,You Still With Me?,Standard,,,,,
JTL,Luke Skywalker,You Still With Me?,Hyperspace Foil,,,,,
JTL,Major Vonreg,Red Baron,Standard,,,,,
JTL,Major Vonreg,Red Baron,Showcase,,,,,
JTL,Major Vonreg,Red Baron,Hyperspace,,,,,
JTL,Massassi Tactical Officer,,Hyperspace Foil,,,,,
JTL,Massassi Tactical Officer,,Standard Foil,,,,,
JTL,Massassi Tactical Officer,,Hyperspace,,,,,
JTL,Massassi Tactical Officer,,Standard,,,,,
JTL,Massassi Temple,,Standard,,,,,
JTL,Massassi Temple,,Hyperspace,,,,,
JTL,MC30 Assault Frigate,,Standard Foil,,,,,
JTL,MC30 Assault Frigate,,Hyperspace,,,,,
JTL,MC30 Assault Frigate,,Standard,,,,,
JTL,MC30 Assault Frigate,,Hyperspace Foil,,,,,
JTL,Millennium Falcon,Get Out And Push,Standard Prestige,,,,,
JTL,Millennium Falcon,Get Out And Push,Standard,,,,,
JTL,Millennium Falcon,Get Out And Push,Foil Prestige,,,,,
JTL,Millennium Falcon,Get Out And Push,Hyperspace Foil,,,,,
JTL,Millennium Falcon,Get Out And Push,Hyperspace,,,,,
JTL,Millennium Falcon,Get Out And Push,Standard Foil,,,,,
JTL,Millennium Falcon,Get Out And Push,Serialized Prestige,,,,,
JTL,Mist Hunter,The Findsman's Pursuit,Foil Prestige,,,,,
JTL,Mist Hunter,The Findsman's Pursuit,Standard Prestige,,,,,
JTL,Mist Hunter,The Findsman's Pursuit,Standard,,,,,
JTL,Mist Hunter,The Findsman's Pursuit,Hyperspace Foil,,,,,
JTL,Mist Hunter,The Findsman's Pursuit,Hyperspace,,,,,
JTL,Mist Hunter,The Findsman's Pursuit,Serialized Prestige,,,,,
JTL,Mist Hunter,The Findsman's Pursuit,Standard Foil,,,,,
JTL,Moff Gideon,I Know Everything,Hyperspace Foil,,,,,
JTL,Moff Gideon,I Know Everything,Standard,,,,,
JTL,Moff Gideon,I Know Everything,Hyperspace,,,,,
JTL,Moff Gideon,I Know Everything,Standard Foil,,,,,
JTL,Mos Eisley,,Standard,,,,,
JTL,Mos Eisley,,Hyperspace,,,,,
JTL,Munificent Frigate,,Standard,,,,,
JTL,Munificent Frigate,,Hyperspace,,,,,
JTL,Munificent Frigate,,Standard Foil,,,,,
JTL,Munificent Frigate,,Hyperspace Foil,,,,,
JTL,Nabat Village,,Standard,,,,,
JTL,Nabat Village,,Hyperspace,,,,,
JTL,Nabat Village,,Hyperspace Foil,,,,,
JTL,Nabat Village,,Standard Foil,,,,,
JTL,Nadiri Dockyards,,Standard,,,,,
JTL,Nadiri Dockyards,,Hyperspace,,,,,
JTL,Nebula Ignition,,Standard,,,,,
JTL,Nebula Ignition,,Hyperspace,,,,,
JTL,Nebula Ignition,,Standard Foil,,,,,
JTL,Nebula Ignition,,Hyperspace Foil,,,,,
JTL,Never Tell Me the Odds,,Hyperspace Foil,,,,,
JTL,Never Tell Me the Odds,,Hyperspace,,,,,
JTL,Never Tell Me the Odds,,Standard Foil,,,,,
JTL,Never Tell Me the Odds,,Standard,,,,,
JTL,Nien Nunb,Loyal Co-Pilot,Hyperspace Foil,,,,,
JTL,Nien Nunb,Loyal Co-Pilot,Standard Foil,,,,,
JTL,Nien Nunb,Loyal Co-Pilot,Standard,,,,,
JTL,Nien Nunb,Loyal Co-Pilot,Hyperspace,,,,,
JTL,No Disintegrations,,Hyperspace,,,,,
JTL,No Disintegrations,,Hyperspace Foil,,,,,
JTL,No Disintegrations,,Standard Foil,,,,,
JTL,No Disintegrations,,Standard,,,,,
JTL,No Glory,Only Results,Standard,,,,,
JTL,No Glory,Only Results,Hyperspace,,,,,
JTL,No Glory,Only Results,Standard Foil,,,,,
JTL,No Glory,Only Results,Hyperspace Foil,,,,,
JTL,Occupier Siege Tank,,Hyperspace Foil,,,,,
JTL,Occupier Siege Tank,,Standard,,,,,
JTL,Occupier Siege Tank,,Standard Foil,,,,,
JTL,Occupier Siege Tank,,Hyperspace,,,,,
JTL,Omicron Strike Craft,,Standard,,,,,
JTL,Omicron Strike Craft,,Hyperspace,,,,,
JTL,Omicron Strike Craft,,Hyperspace Foil,,,,,
JTL,Omicron Strike Craft,,Standard Foil,,,,,
JTL,Onyx Squadron Brute,,Hyperspace Foil,,,,,
JTL,Onyx Squadron Brute,,Standard Foil,,,,,
JTL,Onyx Squadron Brute,,Standard,,,,,
JTL,Onyx Squadron Brute,,Hyperspace,,,,,
JTL,Orbiting K-Wing,,Standard,,,,,
JTL,Orbiting K-Wing,,Standard Foil,,,,,
JTL,Orbiting K-Wing,,Hyperspace Foil,,,,,
JTL,Orbiting K-Wing,,Hyperspace,,,,,
JTL,Out the Airlock,,Standard,,,,,
JTL,Out the Airlock,,Standard Foil,,,,,
JTL,Out the Airlock,,Hyperspace,,,,,
JTL,Out the Airlock,,Hyperspace Foil,,,,,
JTL,Outer Rim Outlaws,,Standard,,,,,
JTL,Outer Rim Outlaws,,Standard Foil,,,,,
JTL,Outer Rim Outlaws,,Hyperspace,,,,,
JTL,Outer Rim Outlaws,,Hyperspace Foil,,,,,
JTL,Paige Tico,Dropping the Hammer,Standard Foil,,,,,
JTL,Paige Tico,Dropping the Hammer,Standard,,,,,
JTL,Paige Tico,Dropping the Hammer,Hyperspace,,,,,
JTL,Paige Tico,Dropping the Hammer,Hyperspace Foil,,,,,
JTL,Pantoran Starship Thief,,Standard,,,,,
JTL,Pantoran Starship Thief,,Hyperspace,,,,,
JTL,Pantoran Starship Thief,,Standard Foil,,,,,
JTL,Pantoran Starship Thief,,Hyperspace Foil,,,,,
JTL,Perimeter AT-RT,,Standard,,,,,
JTL,Perimeter AT-RT,,Standard Foil,,,,,
JTL,Perimeter AT-RT,,Hyperspace,,,,,
JTL,Perimeter AT-RT,,Hyperspace Foil,,,,,
JTL,Phantom II,Modified to Dock,Standard Prestige,,,,,
JTL,Phantom II,Modified to Dock,Serialized Prestige,,,,,
JTL,Phantom II,Modified to Dock,Standard,,,,,
JTL,Phantom II,Modified to Dock,Standard Foil,,,,,
JTL,Phantom II,Modified to Dock,Foil Prestige,,,,,
JTL,Phantom II,Modified to Dock,Hyperspace Foil,,,,,
JTL,Phantom II,Modified to Dock,Hyperspace,,,,,
JTL,Phoenix Squadron A-Wing,,Hyperspace Foil,,,,,
JTL,Phoenix Squadron A-Wing,,Hyperspace,,,,,
JTL,Phoenix Squadron A-Wing,,Standard,,,,,
JTL,Phoenix Squadron A-Wing,,Standard Foil,,,,,
JTL,Piercing Shot,,Hyperspace Foil,,,,,
JTL,Piercing Shot,,Standard Foil,,,,,
JTL,Piercing Shot,,Hyperspace,,,,,
JTL,Piercing Shot,,Standard,,,,,
JTL,Planetary Bombardment,,Standard Foil,,,,,
JTL,Planetary Bombardment,,Hyperspace Foil,,,,,
JTL,Planetary Bombardment,,Hyperspace,,,,,
JTL,Planetary Bombardment,,Standard,,,,,
JTL,Poe Dameron,I Can Fly Anything,Standard,,,,,
JTL,Poe Dameron,One Hell of a Pilot,Hyperspace,,,,,
JTL,Poe Dameron,One Hell of a Pilot,Hyperspace Foil,,,,,
JTL,Poe Dameron,One Hell of a Pilot,Standard Foil,,,,,
JTL,Poe Dameron,I Can Fly Anything,Showcase,,,,,
JTL,Poe Dameron,One Hell of a Pilot,Standard,,,,,
JTL,Poe Dameron,I Can Fly Anything,Hyperspace,,,,,
JTL,Power from Pain,,Standard,,,,,
JTL,Power from Pain,,Hyperspace,,,,,
JTL,Power from Pain,,Hyperspace Foil,,,,,
JTL,Power from Pain,,Standard Foil,,,,,
JTL,Prepare for Takeoff,,Hyperspace Foil,,,,,
JTL,Prepare for Takeoff,,Standard,,,,,
JTL,Prepare for Takeoff,,Standard Foil,,,,,
JTL,Prepare for Takeoff,,Hyperspace,,,,,
JTL,Profundity,We Fight!,Serialized Prestige,,,,,
JTL,Profundity,We Fight!,Foil Prestige,,,,,
JTL,Profundity,We Fight!,Standard Foil,,,,,
JTL,Profundity,We Fight!,Standard Prestige,,,,,
JTL,Profundity,We Fight!,Standard,,,,,
JTL,Profundity,We Fight!,Hyperspace,,,,,
JTL,Profundity,We Fight!,Hyperspace Foil,,,,,
JTL,Prototype TIE Advanced,,Standard,,,,,
JTL,Prototype TIE Advanced,,Standard Foil,,,,,
JTL,Prototype TIE Advanced,,Hyperspace Foil,,,,,
JTL,Prototype TIE Advanced,,Hyperspace,,,,,
JTL,Punch It,,Standard Foil,,,,,
JTL,Punch It,,Hyperspace,,,,,
JTL,Punch It,,Hyperspace Foil,,,,,
JTL,Punch It,,Standard,,,,,
JTL,Quasar TIE Carrier,,Hyperspace,,,,,
JTL,Quasar TIE Carrier,,Standard,,,,,
JTL,Quasar TIE Carrier,,Standard Foil,,,,,
JTL,Quasar TIE Carrier,,Hyperspace Foil,,,,,
JTL,R2-D2,Artooooooooo!,Standard,,,,,
JTL,R2-D2,Artooooooooo!,Hyperspace,,,,,
JTL,R2-D2,Artooooooooo!,Hyperspace Foil,,,,,
JTL,R2-D2,Artooooooooo!,Standard Foil,,,,,
JTL,Raddus,Holdo's Final Command,Standard Prestige,,,,,
JTL,Raddus,Holdo's Final Command,Standard Foil,,,,,
JTL,Raddus,Holdo's Final Command,Serialized Prestige,,,,,
JTL,Raddus,Holdo's Final Command,Standard,,,,,
JTL,Raddus,Holdo's Final Command,Hyperspace,,,,,
JTL,Raddus,Holdo's Final Command,Hyperspace Foil,,,,,
JTL,Raddus,Holdo's Final Command,Foil Prestige,,,,,
JTL,Radiant VII,Ambassadors' Arrival,Serialized Prestige,,,,,
JTL,Radiant VII,Ambassadors' Arrival,Standard,,,,,
JTL,Radiant VII,Ambassadors' Arrival,Hyperspace,,,,,
JTL,Radiant VII,Ambassadors' Arrival,Standard Prestige,,,,,
JTL,Radiant VII,Ambassadors' Arrival,Standard Foil,,,,,
JTL,Radiant VII,Ambassadors' Arrival,Hyperspace Foil,,,,,
JTL,Radiant VII,Ambassadors' Arrival,Foil Prestige,,,,,
JTL,Rafa Martez,Shrewd Sister,Standard,,,,,
JTL,Rafa Martez,Shrewd Sister,Standard Foil,,,,,
JTL,Rafa Martez,Shrewd Sister,Hyperspace,,,,,
JTL,Rafa Martez,Shrewd Sister,Hyperspace Foil,,,,,
JTL,Rampart,Enjoy the Exit,Standard Foil,,,,,
JTL,Rampart,Enjoy the Exit,Standard Prestige,,,,,
JTL,Rampart,Enjoy the Exit,Hyperspace Foil,,,,,
JTL,Rampart,Enjoy the Exit,Standard,,,,,
JTL,Rampart,Enjoy the Exit,Hyperspace,,,,,
JTL,Rampart,Enjoy the Exit,Foil Prestige,,,,,
JTL,Rampart,Enjoy the Exit,Serialized Prestige,,,,,
JTL,Razor Crest,Ride For Hire,Serialized Prestige,,,,,
JTL,Razor Crest,Ride For Hire,Hyperspace Foil,,,,,
JTL,Razor Crest,Ride For Hire,Foil Prestige,,,,,
JTL,Razor Crest,Ride For Hire,Standard,,,,,
JTL,Razor Crest,Ride For Hire,Standard Prestige,,,,,
JTL,Razor Crest,Ride For Hire,Standard Foil,,,,,
JTL,Razor Crest,Ride For Hire,Hyperspace,,,,,
JTL,Rebellious Hammerhead,,Standard Foil,,,,,
JTL,Rebellious Hammerhead,,Standard,,,,,
JTL,Rebellious Hammerhead,,Hyperspace Foil,,,,,
JTL,Rebellious Hammerhead,,Hyperspace,,,,,
JTL,Red Five,Running the Trench,Foil Prestige,,,,,
JTL,Red Five,Running the Trench,Hyperspace Foil,,,,,
JTL,Red Five,Running the Trench,Standard Foil,,,,,
JTL,Red Five,Running the Trench,Serialized Prestige,,,,,
JTL,Red Five,Running the Trench,Standard,,,,,
JTL,Red Five,Running the Trench,Standard Prestige,,,,,
JTL,Red Five,Running the Trench,Hyperspace,,,,,
JTL,Red Leader,Form Up,Serialized Prestige,,,,,
JTL,Red Leader,Form Up,Hyperspace Foil,,,,,
JTL,Red Leader,Form Up,Foil Prestige,,,,,
JTL,Red Leader,Form Up,Standard,,,,,
JTL,Red Leader,Form Up,Standard Foil,,,,,
JTL,Red Leader,Form Up,Hyperspace,,,,,
JTL,Red Leader,Form Up,Standard Prestige,,,,,
JTL,Red Squadron X-Wing,,Standard Foil,,,,,
JTL,Red Squadron X-Wing,,Standard,,,,,
JTL,Red Squadron X-Wing,,Hyperspace Foil,,,,,
JTL,Red Squadron X-Wing,,Hyperspace,,,,,
JTL,Red Squadron Y-Wing,,Hyperspace,,,,,
JTL,Red Squadron Y-Wing,,Hyperspace Foil,,,,,
JTL,Red Squadron Y-Wing,,Standard,,,,,
JTL,Red Squadron Y-Wing,,Standard Foil,,,,,
JTL,Relentless Firespray,,Standard Foil,,,,,
JTL,Relentless Firespray,,Standard,,,,,
JTL,Relentless Firespray,,Hyperspace,,,,,
JTL,Relentless Firespray,,Hyperspace Foil,,,,,
JTL,Repair,,Standard,,,,,
JTL,Repair,,Hyperspace Foil,,,,,
JTL,Repair,,Hyperspace,,,,,
JTL,Repair,,Standard Foil,,,,,
JTL,Republic Y-Wing,,Hyperspace Foil,,,,,
JTL,Republic Y-Wing,,Standard Foil,,,,,
JTL,Republic Y-Wing,,Standard,,,,,
JTL,Republic Y-Wing,,Hyperspace,,,,,
JTL,Resistance Blue Squadron,,Standard,,,,,
JTL,Resistance Blue Squadron,,Hyperspace,,,,,
JTL,Resistance Blue Squadron,,Standard Foil,,,,,
JTL,Resistance Blue Squadron,,Hyperspace Foil,,,,,
JTL,Resistance Headquarters,,Standard,,,,,
JTL,Resistance Headquarters,,Hyperspace,,,,,
JTL,Resistance X-Wing,,Hyperspace,,,,,
JTL,Resistance X-Wing,,Hyperspace Foil,,,,,
JTL,Resistance X-Wing,,Standard Foil,,,,,
JTL,Resistance X-Wing,,Standard,,,,,
JTL,Resupply Carrier,,Standard,,,,,
JTL,Resupply Carrier,,Hyperspace Foil,,,,,
JTL,Resupply Carrier,,Hyperspace,,,,,
JTL,Resupply Carrier,,Standard Foil,,,,,
JTL,Retrofitted Airspeeder,,Hyperspace Foil,,,,,
JTL,Retrofitted Airspeeder,,Standard,,,,,
JTL,Retrofitted Airspeeder,,Standard Foil,,,,,
JTL,Retrofitted Airspeeder,,Hyperspace,,,,,
JTL,Rio Durant,Wisecracking Wheelman,Standard,,,,,
JTL,Rio Durant,Wisecracking Wheelman,Showcase,,,,,
JTL,Rio Durant,Wisecracking Wheelman,Hyperspace,,,,,
JTL,Rogue-class Starfighter,,Standard,,,,,
JTL,Rogue-class Starfighter,,Hyperspace Foil,,,,,
JTL,Rogue-class Starfighter,,Standard Foil,,,,,
JTL,Rogue-class Starfighter,,Hyperspace,,,,,
JTL,Rose Tico,Saving What We Love,Standard,,,,,
JTL,Rose Tico,Saving What We Love,Hyperspace,,,,,
JTL,Rose Tico,Saving What We Love,Showcase,,,,,
JTL,Royal Security Fighter,,Hyperspace,,,,,
JTL,Royal Security Fighter,,Standard,,,,,
JTL,Royal Security Fighter,,Hyperspace Foil,,,,,
JTL,Royal Security Fighter,,Standard Foil,,,,,
JTL,Sabine's Masterpiece,Crazy Colorful,Serialized Prestige,,,,,
JTL,Sabine's Masterpiece,Crazy Colorful,Standard Prestige,,,,,
JTL,Sabine's Masterpiece,Crazy Colorful,Hyperspace Foil,,,,,
JTL,Sabine's Masterpiece,Crazy Colorful,Hyperspace,,,,,
JTL,Sabine's Masterpiece,Crazy Colorful,Standard,,,,,
JTL,Sabine's Masterpiece,Crazy Colorful,Standard Foil,,,,,
JTL,Sabine's Masterpiece,Crazy Colorful,Foil Prestige,,,,,
JTL,Salvage,,Hyperspace Foil,,,,,
JTL,Salvage,,Hyperspace,,,,,
JTL,Salvage,,Standard Foil,,,,,
JTL,Salvage,,Standard,,,,,
JTL,Scouting Headhunter,,Standard,,,,,
JTL,Scouting Headhunter,,Hyperspace Foil,,,,,
JTL,Scouting Headhunter,,Hyperspace,,,,,
JTL,Scouting Headhunter,,Standard Foil,,,,,
JTL,Scramble Fighters,,Standard,,,,,
JTL,Scramble Fighters,,Hyperspace,,,,,
JTL,Scramble Fighters,,Hyperspace Foil,,,,,
JTL,Scramble Fighters,,Standard Foil,,,,,
JTL,Seasoned Fleet Admiral,,Standard Foil,,,,,
JTL,Seasoned Fleet Admiral,,Hyperspace Foil,,,,,
JTL,Seasoned Fleet Admiral,,Standard,,,,,
JTL,Seasoned Fleet Admiral,,Hyperspace,,,,,
JTL,Shadow Caster,Just Business,Serialized Prestige,,,,,
JTL,Shadow Caster,Just Business,Standard Prestige,,,,,
JTL,Shadow Caster,Just Business,Hyperspace,,,,,
JTL,Shadow Caster,Just Business,Standard Foil,,,,,
JTL,Shadow Caster,Just Business,Foil Prestige,,,,,
JTL,Shadow Caster,Just Business,Hyperspace Foil,,,,,
JTL,Shadow Caster,Just Business,Standard,,,,,
JTL,Shadowed Hover Tank,,Hyperspace Foil,,,,,
JTL,Shadowed Hover Tank,,Hyperspace,,,,,
JTL,Shadowed Hover Tank,,Standard,,,,,
JTL,Shadowed Hover Tank,,Standard Foil,,,,,
JTL,Shield Generator Complex,,Standard,,,,,
JTL,Shield Generator Complex,,Hyperspace,,,,,
JTL,Shoot Down,,Standard,,,,,
JTL,Shoot Down,,Hyperspace Foil,,,,,
JTL,Shoot Down,,Standard Foil,,,,,
JTL,Shoot Down,,Hyperspace,,,,,
JTL,Shuttle ST-149,Under Krennic's Authority,Standard Foil,,,,,
JTL,Shuttle ST-149,Under Krennic's Authority,Foil Prestige,,,,,
JTL,Shuttle ST-149,Under Krennic's Authority,Hyperspace Foil,,,,,
JTL,Shuttle ST-149,Under Krennic's Authority,Serialized Prestige,,,,,
JTL,Shuttle ST-149,Under Krennic's Authority,Hyperspace,,,,,
JTL,Shuttle ST-149,Under Krennic's Authority,Standard,,,,,
JTL,Shuttle ST-149,Under Krennic's Authority,Standard Prestige,,,,,
JTL,Shuttle Tydirium,Fly Casual,Foil Prestige,,,,,
JTL,Shuttle Tydirium,Fly Casual,Standard Foil,,,,,
JTL,Shuttle Tydirium,Fly Casual,Hyperspace Foil,,,,,
JTL,Shuttle Tydirium,Fly Casual,Standard Prestige,,,,,
JTL,Shuttle Tydirium,Fly Casual,Standard,,,,,
JTL,Shuttle Tydirium,Fly Casual,Serialized Prestige,,,,,
JTL,Shuttle Tydirium,Fly Casual,Hyperspace,,,,,
JTL,Sidon Ithano,The Crimson Corsair,Hyperspace,,,,,
JTL,Sidon Ithano,The Crimson Corsair,Standard Foil,,,,,
JTL,Sidon Ithano,The Crimson Corsair,Hyperspace Foil,,,,,
JTL,Sidon Ithano,The Crimson Corsair,Standard,,,,,
JTL,Silver Angel,Trace's Hope,Standard,,,,,
JTL,Silver Angel,Trace's Hope,Foil Prestige,,,,,
JTL,Silver Angel,Trace's Hope,Hyperspace Foil,,,,,
JTL,Silver Angel,Trace's Hope,Standard Foil,,,,,
JTL,Silver Angel,Trace's Hope,Serialized Prestige,,,,,
JTL,Silver Angel,Trace's Hope,Hyperspace,,,,,
JTL,Silver Angel,Trace's Hope,Standard Prestige,,,,,
JTL,Sith Trooper,,Hyperspace Foil,,,,,
JTL,Sith Trooper,,Hyperspace,,,,,
JTL,Sith Trooper,,Standard,,,,,
JTL,Sith Trooper,,Standard Foil,,,,,
JTL,Skyway Cloud Car,,Hyperspace,,,,,
JTL,Skyway Cloud Car,,Standard,,,,,
JTL,Skyway Cloud Car,,Standard Foil,,,,,
JTL,Skyway Cloud Car,,Hyperspace Foil,,,,,
JTL,Snap Wexley,Resistance Recon Flier,Hyperspace Foil,,,,,
JTL,Snap Wexley,Resistance Recon Flier,Standard Foil,,,,,
JTL,Snap Wexley,Resistance Recon Flier,Hyperspace,,,,,
JTL,Snap Wexley,Resistance Recon Flier,Standard,,,,,
JTL,Special Forces TIE Fighter,,Hyperspace Foil,,,,,
JTL,Special Forces TIE Fighter,,Standard,,,,,
JTL,Special Forces TIE Fighter,,Hyperspace,,,,,
JTL,Special Forces TIE Fighter,,Standard Foil,,,,,
JTL,Stay on Target,,Hyperspace Foil,,,,,
JTL,Stay on Target,,Hyperspace,,,,,
JTL,Stay on Target,,Standard Foil,,,,,
JTL,Stay on Target,,Standard,,,,,
JTL,Stolen AT-Hauler,,Standard Foil,,,,,
JTL,Stolen AT-Hauler,,Hyperspace Foil,,,,,
JTL,Stolen AT-Hauler,,Standard,,,,,
JTL,Stolen AT-Hauler,,Hyperspace,,,,,
JTL,Sullustan Spacer,,Hyperspace,,,,,
JTL,Sullustan Spacer,,Standard Foil,,,,,
JTL,Sullustan Spacer,,Hyperspace Foil,,,,,
JTL,Sullustan Spacer,,Standard,,,,,
JTL,Superheavy Ion Cannon,,Standard Foil,,,,,
JTL,Superheavy Ion Cannon,,Hyperspace,,,,,
JTL,Superheavy Ion Cannon,,Standard,,,,,
JTL,Superheavy Ion Cannon,,Hyperspace Foil,,,,,
JTL,Supporting Eta-2,,Standard Foil,,,,,
JTL,Supporting Eta-2,,Standard,,,,,
JTL,Supporting Eta-2,,Hyperspace Foil,,,,,
JTL,Supporting Eta-2,,Hyperspace,,,,,
JTL,Swarming Vulture Droid,,Hyperspace,,,,,
JTL,Swarming Vulture Droid,,Standard Foil,,,,,
JTL,Swarming Vulture Droid,,Hyperspace Foil,,,,,
JTL,Swarming Vulture Droid,,Standard,,,,,
JTL,Sweep the Area,,Standard Foil,,,,,
JTL,Sweep the Area,,Standard,,,,,
JTL,Sweep the Area,,Standard,,,,,
JTL,Sweep the Area,,Hyperspace,,,,,
JTL,System Shock,,Hyperspace,,,,,
JTL,System Shock,,Standard Foil,,,,,
JTL,System Shock,,Hyperspace Foil,,,,,
JTL,System Shock,,Standard,,,,,
JTL,Tactical Heavy Bomber,,Standard,,,,,
JTL,Tactical Heavy Bomber,,Hyperspace,,,,,
JTL,Tactical Heavy Bomber,,Standard Foil,,,,,
JTL,Tactical Heavy Bomber,,Hyperspace Foil,,,,,
JTL,Tam Ryvora,Searching For Purpose,Standard Foil,,,,,
JTL,Tam Ryvora,Searching For Purpose,Hyperspace Foil,,,,,
JTL,Tam Ryvora,Searching For Purpose,Hyperspace,,,,,
JTL,Tam Ryvora,Searching For Purpose,Standard,,,,,
JTL,Tandem Assault,,Hyperspace Foil,,,,,
JTL,Tandem Assault,,Standard Foil,,,,,
JTL,Tandem Assault,,Hyperspace,,,,,
JTL,Tandem Assault,,Standard,,,,,
JTL,Tantive IV,Fleeing the Empire,Foil Prestige,,,,,
JTL,Tantive IV,Fleeing the Empire,Standard Foil,,,,,
JTL,Tantive IV,Fleeing the Empire,Serialized Prestige,,,,,
JTL,Tantive IV,Fleeing the Empire,Standard,,,,,
JTL,Tantive IV,Fleeing the Empire,Hyperspace Foil,,,,,
JTL,Tantive IV,Fleeing the Empire,Hyperspace,,,,,
JTL,Tantive IV,Fleeing the Empire,Standard Prestige,,,,,
JTL,Targeting Computer,,Hyperspace Foil,,,,,
JTL,Targeting Computer,,Hyperspace,,,,,
JTL,Targeting Computer,,Standard,,,,,
JTL,Targeting Computer,,Standard Foil,,,,,
JTL,Techno Union Transport,,Hyperspace Foil,,,,,
JTL,Techno Union Transport,,Standard Foil,,,,,
JTL,Techno Union Transport,,Standard,,,,,
JTL,Techno Union Transport,,Hyperspace,,,,,
JTL,The Ghost,Heart of the Family,Standard Foil,,,,,
JTL,The Ghost,Heart of the Family,Hyperspace,,,,,
JTL,The Ghost,Heart of the Family,Standard,,,,,
JTL,The Ghost,Heart of the Family,Hyperspace Foil,,,,,
JTL,The Ghost,Heart of the Family,Foil Prestige,,,,,
JTL,The Ghost,Heart of the Family,Serialized Prestige,,,,,
JTL,The Ghost,Heart of the Family,Standard Prestige,,,,,
JTL,The Invisible Hand,Crawling With Vultures,Standard Foil,,,,,
JTL,The Invisible Hand,Crawling With Vultures,Standard Prestige,,,,,
JTL,The Invisible Hand,Crawling With Vultures,Hyperspace Foil,,,,,
JTL,The Invisible Hand,Crawling With Vultures,Serialized Prestige,,,,,
JTL,The Invisible Hand,Crawling With Vultures,Hyperspace,,,,,
JTL,The Invisible Hand,Crawling With Vultures,Foil Prestige,,,,,
JTL,The Invisible Hand,Crawling With Vultures,Standard,,,,,
JTL,The Mandalorian,Weathered Pilot,Hyperspace,,,,,
JTL,The Mandalorian,Weathered Pilot,Standard Foil,,,,,
JTL,The Mandalorian,Weathered Pilot,Standard,,,,,
JTL,The Mandalorian,Weathered Pilot,Hyperspace Foil,,,,,
JTL,The Starhawk,Prototype Battleship,Hyperspace,,,,,
JTL,The Starhawk,Prototype Battleship,Standard,,,,,
JTL,The Starhawk,Prototype Battleship,Serialized Prestige,,,,,
JTL,The Starhawk,Prototype Battleship,Standard Foil,,,,,
JTL,The Starhawk,Prototype Battleship,Standard Prestige,,,,,
JTL,The Starhawk,Prototype Battleship,Foil Prestige,,,,,
JTL,The Starhawk,Prototype Battleship,Hyperspace Foil,,,,,
JTL,Theed Palace,,Hyperspace,,,,,
JTL,Theed Palace,,Standard,,,,,
JTL,There Is No Escape,,Standard Foil,,,,,
JTL,There Is No Escape,,Hyperspace,,,,,
JTL,There Is No Escape,,Standard,,,,,
JTL,There Is No Escape,,Hyperspace Foil,,,,,
JTL,Thermal Oscillator,,Standard Foil,,,,,
JTL,Thermal Oscillator,,Standard,,,,,
JTL,Thermal Oscillator,,Hyperspace,,,,,
JTL,Thermal Oscillator,,Hyperspace Foil,,,,,
JTL,They Hate That Ship,,Hyperspace Foil,,,,,
JTL,They Hate That Ship,,Standard Foil,,,,,
JTL,They Hate That Ship,,Hyperspace,,,,,
JTL,They Hate That Ship,,Standard,,,,,
JTL,TIE Ambush Squadron,,Hyperspace Foil,,,,,
JTL,TIE Ambush Squadron,,Standard Foil,,,,,
JTL,TIE Ambush Squadron,,Hyperspace,,,,,
JTL,TIE Ambush Squadron,,Standard,,,,,
JTL,TIE Bomber,,Hyperspace Foil,,,,,
JTL,TIE Bomber,,Standard Foil,,,,,
JTL,TIE Bomber,,Hyperspace,,,,,
JTL,TIE Bomber,,Standard,,,,,
JTL,TIE Dagger Vanguard,,Hyperspace,,,,,
JTL,TIE Dagger Vanguard,,Hyperspace Foil,,,,,
JTL,TIE Dagger Vanguard,,Standard Foil,,,,,
JTL,TIE Dagger Vanguard,,Standard,,,,,
JTL,Timely Reinforcements,,Standard Foil,,,,,
JTL,Timely Reinforcements,,Hyperspace Foil,,,,,
JTL,Timely Reinforcements,,Hyperspace,,,,,
JTL,Timely Reinforcements,,Standard,,,,,
JTL,Torpedo Barrage,,Hyperspace,,,,,
JTL,Torpedo Barrage,,Standard Foil,,,,,
JTL,Torpedo Barrage,,Hyperspace Foil,,,,,
JTL,Torpedo Barrage,,Standard,,,,,
JTL,Trace Martez,Trusting Sister,Hyperspace Foil,,,,,
JTL,Trace Martez,Trusting Sister,Standard Foil,,,,,
JTL,Trace Martez,Trusting Sister,Standard,,,,,
JTL,Trace Martez,Trusting Sister,Hyperspace,,,,,
JTL,Trench Run,,Hyperspace,,,,,
JTL,Trench Run,,Hyperspace Foil,,,,,
JTL,Trench Run,,Standard,,,,,
JTL,Trench Run,,Standard Foil,,,,,
JTL,Turbolaser Salvo,,Standard,,,,,
JTL,Turbolaser Salvo,,Hyperspace Foil,,,,,
JTL,Turbolaser Salvo,,Hyperspace,,,,,
JTL,Turbolaser Salvo,,Standard Foil,,,,,
JTL,Twin Laser Turret,,Hyperspace,,,,,
JTL,Twin Laser Turret,,Hyperspace Foil,,,,,
JTL,Twin Laser Turret,,Standard,,,,,
JTL,Twin Laser Turret,,Standard Foil,,,,,
JTL,U-Wing Lander,,Hyperspace,,,,,
JTL,U-Wing Lander,,Standard,,,,,
JTL,U-Wing Lander,,Hyperspace Foil,,,,,
JTL,U-Wing Lander,,Standard Foil,,,,,
JTL,Unity of Purpose,,Standard Foil,,,,,
JTL,Unity of Purpose,,Hyperspace,,,,,
JTL,Unity of Purpose,,Standard,,,,,
JTL,Unity of Purpose,,Hyperspace Foil,,,,,
JTL,Veteran Fleet Officer,,Hyperspace,,,,,
JTL,Veteran Fleet Officer,,Hyperspace Foil,,,,,
JTL,Veteran Fleet Officer,,Standard Foil,,,,,
JTL,Veteran Fleet Officer,,Standard,,,,,
JTL,Victor Leader,Leading from the Front,Serialized Prestige,,,,,
JTL,Victor Leader,Leading from the Front,Hyperspace Foil,,,,,
JTL,Victor Leader,Leading from the Front,Hyperspace,,,,,
JTL,Victor Leader,Leading from the Front,Standard,,,,,
JTL,Victor Leader,Leading from the Front,Standard Prestige,,,,,
JTL,Victor Leader,Leading from the Front,Standard Foil,,,,,
JTL,Victor Leader,Leading from the Front,Foil Prestige,,,,,
JTL,Vonreg's TIE Interceptor,Ace of the First Order,Hyperspace Foil,,,,,
JTL,Vonreg's TIE Interceptor,Ace of the First Order,Hyperspace,,,,,
JTL,Vonreg's TIE Interceptor,Ace of the First Order,Standard Prestige,,,,,
JTL,Vonreg's TIE Interceptor,Ace of the First Order,Foil Prestige,,,,,
JTL,Vonreg's TIE Interceptor,Ace of the First Order,Standard,,,,,
JTL,Vonreg's TIE Interceptor,Ace of the First Order,Standard Foil,,,,,
JTL,Vonreg's TIE Interceptor,Ace of the First Order,Serialized Prestige,,,,,
JTL,War Juggernaut,,Standard Foil,,,,,
JTL,War Juggernaut,,Hyperspace Foil,,,,,
JTL,War Juggernaut,,Hyperspace,,,,,
JTL,War Juggernaut,,Standard,,,,,
JTL,Wedge Antilles,Leader of Red Squadron,Showcase,,,,,
JTL,Wedge Antilles,Leader of Red Squadron,Standard,,,,,
JTL,Wedge Antilles,Leader of Red Squadron,Hyperspace,,,,,
JTL,Wing Guard Security Team,,Standard,,,,,
JTL,Wing Guard Security Team,,Hyperspace Foil,,,,,
JTL,Wing Guard Security Team,,Hyperspace,,,,,
JTL,Wing Guard Security Team,,Standard Foil,,,,,
JTL,Wingman Victor Three,Backstabber,Hyperspace Foil,,,,,
JTL,Wingman Victor Three,Backstabber,Standard Foil,,,,,
JTL,Wingman Victor Three,Backstabber,Standard,,,,,
JTL,Wingman Victor Three,Backstabber,Hyperspace,,,,,
JTL,Wingman Victor Two,Mauler Mithel,Hyperspace,,,,,
JTL,Wingman Victor Two,Mauler Mithel,Standard Foil,,,,,
JTL,Wingman Victor Two,Mauler Mithel,Standard,,,,,
JTL,Wingman Victor Two,Mauler Mithel,Hyperspace Foil,,,,,
JTL,X-34 Landspeeder,,Hyperspace Foil,,,,,
JTL,X-34 Landspeeder,,Hyperspace,,,,,
JTL,X-34 Landspeeder,,Standard Foil,,,,,
JTL,X-34 Landspeeder,,Standard,,,,,
JTL,You're All Clear,Kid,Hyperspace,,,,,
JTL,You're All Clear,Kid,Standard,,,,,
JTL,You're All Clear,Kid,Hyperspace Foil,,,,,
JTL,You're All Clear,Kid,Standard Foil,,,,,
JTL,Zygerrian Starhopper,,Hyperspace,,,,,
JTL,Zygerrian Starhopper,,Standard,,,,,
JTL,Zygerrian Starhopper,,Standard Foil,,,,,
JTL,Zygerrian Starhopper,,Hyperspace Foil,,,,,
JTLW,Anakin Skywalker,I'll Try Spinning,Weekly Play Foil,,,,,
JTLW,Anakin Skywalker,I'll Try Spinning,Weekly Play,,,,,
JTLW,BB-8,Happy Beeps,Weekly Play Foil,,,,,
JTLW,BB-8,Happy Beeps,Weekly Play,,,,,
JTLW,Boba Fett,Feared Bounty Hunter,Weekly Play Foil,,,,,
JTLW,Boba Fett,Feared Bounty Hunter,Weekly Play,,,,,
JTLW,Captain Tarkin,Full Forward Assault,Weekly Play,,,,,
JTLW,Captain Tarkin,Full Forward Assault,Weekly Play Foil,,,,,
JTLW,Cassian Andor,Threading the Eye,Weekly Play,,,,,
JTLW,Cassian Andor,Threading the Eye,Weekly Play Foil,,,,,
JTLW,Chewbacca,Faithful First Mate,Weekly Play Foil,,,,,
JTLW,Chewbacca,Faithful First Mate,Weekly Play,,,,,
JTLW,Director Krennic,On the Verge of Greatness,Weekly Play Foil,,,,,
JTLW,Director Krennic,On the Verge of Greatness,Weekly Play,,,,,
JTLW,Fett's Firespray,Feared Silhouette,Weekly Play Foil,,,,,
JTLW,Fett's Firespray,Feared Silhouette,Weekly Play,,,,,
JTLW,General Hux,"No Terms, No Surrender",Weekly Play Foil,,,,,
JTLW,General Hux,"No Terms, No Surrender",Weekly Play,,,,,
JTLW,Han Solo,Has His Moments,Weekly Play Foil,,,,,
JTLW,Han Solo,Has His Moments,Weekly Play,,,,,
JTLW,Hera Syndulla,We've Lost Enough,Weekly Play,,,,,
JTLW,Hera Syndulla,We've Lost Enough,Weekly Play Foil,,,,,
JTLW,IG-88,Murderous Phlutdroid,Weekly Play,,,,,
JTLW,IG-88,Murderous Phlutdroid,Weekly Play Foil,,,,,
JTLW,Leia Organa,"Pilots, To Your Stations",Weekly Play,,,,,
JTLW,Leia Organa,"Pilots, To Your Stations",Weekly Play Foil,,,,,
JTLW,Millennium Falcon,Get Out And Push,Weekly Play,,,,,
JTLW,Millennium Falcon,Get Out And Push,Weekly Play Foil,,,,,
JTLW,Onyx Squadron Brute,,Weekly Play,,,,,
JTLW,Onyx Squadron Brute,,Weekly Play Foil,,,,,
JTLW,Poe Dameron,One Hell of a Pilot,Weekly Play Foil,,,,,
JTLW,Poe Dameron,One Hell of a Pilot,Weekly Play,,,,,
JTLW,Red Five,Running the Trench,Weekly Play,,,,,
JTLW,Red Five,Running the Trench,Weekly Play Foil,,,,,
JTLW,Red Squadron Y-Wing,,Weekly Play Foil,,,,,
JTLW,Red Squadron Y-Wing,,Weekly Play,,,,,
JTLW,Shoot Down,,Weekly Play,,,,,
JTLW,Shoot Down,,Weekly Play Foil,,,,,
JTLW,Swarming Vulture Droid,,Weekly Play,,,,,
JTLW,Swarming Vulture Droid,,Weekly Play Foil,,,,,
LAW,“Staccato Lightning” Repeater,,Hyperspace,,,,,
LAW,“Staccato Lightning” Repeater,,Standard,,,,,
LAW,“Staccato Lightning” Repeater,,Hyperspace Foil,,,,,
LAW,0-0-0,Translation and Torture,Hyperspace,,,,,
LAW,0-0-0,Translation and Torture,Hyperspace Foil,,,,,
LAW,0-0-0,Translation and Torture,Standard,,,,,
LAW,4-LOM,Devious,Hyperspace,,,,,
LAW,4-LOM,Devious,Hyperspace Foil,,,,,
LAW,4-LOM,Devious,Standard,,,,,
LAW,Admiral Motti,Chain of Command,Hyperspace,,,,,
LAW,Admiral Motti,Chain of Command,Hyperspace Foil,,,,,
LAW,Admiral Motti,Chain of Command,Standard,,,,,
LAW,Adventurer Sniper Rifle,,Standard,,,,,
LAW,Adventurer Sniper Rifle,,Hyperspace,,,,,
LAW,Adventurer Sniper Rifle,,Hyperspace Foil,,,,,
LAW,Aerie,Cloud-Rider Dropship,Hyperspace,,,,,
LAW,Aerie,Cloud-Rider Dropship,Standard,,,,,
LAW,Aerie,Cloud-Rider Dropship,Hyperspace Foil,,,,,
LAW,Agent Kallus,Reconsider Your Allegiance,Standard,,,,,
LAW,Agent Kallus,Reconsider Your Allegiance,Showcase,,,,,
LAW,Agent Kallus,Reconsider Your Allegiance,Hyperspace,,,,,
LAW,Aldhani Garrison,,Standard,,,,,
LAW,Aldhani Garrison,,Hyperspace,,,,,
LAW,Alkenzi Patroller,,Standard,,,,,
LAW,Alkenzi Patroller,,Hyperspace,,,,,
LAW,Alkenzi Patroller,,Hyperspace Foil,,,,,
LAW,Alliance Outpost,,Hyperspace,,,,,
LAW,Alliance Outpost,,Standard,,,,,
LAW,Alliance Outpost,,Hyperspace Foil,,,,,
LAW,Alliance X-Wing,,Standard,,,,,
LAW,Alliance X-Wing,,Hyperspace Foil,,,,,
LAW,Alliance X-Wing,,Hyperspace,,,,,
LAW,Anakin Skywalker,Prescient Podracer,Hyperspace,,,,,
LAW,Anakin Skywalker,Prescient Podracer,Standard,,,,,
LAW,Anakin Skywalker,Prescient Podracer,Hyperspace Foil,,,,,
LAW,Anakin's Podracer,So Wizard!,Hyperspace,,,,,
LAW,Anakin's Podracer,So Wizard!,Standard,,,,,
LAW,Anakin's Podracer,So Wizard!,Hyperspace Foil,,,,,
LAW,Artful Pickpocket,,Hyperspace,,,,,
LAW,Artful Pickpocket,,Standard,,,,,
LAW,Artful Pickpocket,,Hyperspace Foil,,,,,
LAW,Arvel Skeen,Win and Walk Away,Hyperspace,,,,,
LAW,Arvel Skeen,Win and Walk Away,Standard,,,,,
LAW,Arvel Skeen,Win and Walk Away,Hyperspace Foil,,,,,
LAW,Asajj Ventress,Reluctant Hunter,Standard,,,,,
LAW,Asajj Ventress,Reluctant Hunter,Serialized Prestige,,,,,
LAW,Asajj Ventress,Reluctant Hunter,Foil Prestige,,,,,
LAW,Asajj Ventress,Reluctant Hunter,Standard Prestige,,,,,
LAW,Asajj Ventress,Reluctant Hunter,Hyperspace,,,,,
LAW,Asajj Ventress,Reluctant Hunter,Hyperspace Foil,,,,,
LAW,Attack From All Sides,,Hyperspace,,,,,
LAW,Attack From All Sides,,Standard,,,,,
LAW,Attack From All Sides,,Hyperspace Foil,,,,,
LAW,Aurra Sing,Assassin,Showcase,,,,,
LAW,Aurra Sing,Assassin,Hyperspace,,,,,
LAW,Aurra Sing,Assassin,Standard,,,,,
LAW,B-Wing Skirmisher,,Hyperspace,,,,,
LAW,B-Wing Skirmisher,,Standard,,,,,
LAW,B-Wing Skirmisher,,Hyperspace Foil,,,,,
LAW,Backed by the Hutts,,Standard,,,,,
LAW,Backed by the Hutts,,Hyperspace Foil,,,,,
LAW,Backed by the Hutts,,Hyperspace,,,,,
LAW,Bank Job Fugitives,,Hyperspace Foil,,,,,
LAW,Bank Job Fugitives,,Hyperspace,,,,,
LAW,Bank Job Fugitives,,Standard,,,,,
LAW,Baze Malbus,Good Luck,Serialized Prestige,,,,,
LAW,Baze Malbus,Good Luck,Foil Prestige,,,,,
LAW,Baze Malbus,Good Luck,Standard Prestige,,,,,
LAW,Baze Malbus,Good Luck,Standard,,,,,
LAW,Baze Malbus,Good Luck,Hyperspace,,,,,
LAW,Baze Malbus,Good Luck,Hyperspace Foil,,,,,
LAW,Beach Patrol AT-ACT,,Hyperspace,,,,,
LAW,Beach Patrol AT-ACT,,Hyperspace Foil,,,,,
LAW,Beach Patrol AT-ACT,,Standard,,,,,
LAW,Beilert Valance,Target: Vader,Standard,,,,,
LAW,Beilert Valance,Target: Vader,Hyperspace,,,,,
LAW,Beilert Valance,Target: Vader,Hyperspace Foil,,,,,
LAW,Ben Solo,Facing the Light,Hyperspace,,,,,
LAW,Ben Solo,Facing the Light,Standard,,,,,
LAW,Ben Solo,Facing the Light,Hyperspace Foil,,,,,
LAW,Benthic “Two Tubes”,The War Has Just Begun,Standard,,,,,
LAW,Benthic “Two Tubes”,The War Has Just Begun,Hyperspace,,,,,
LAW,Benthic “Two Tubes”,The War Has Just Begun,Hyperspace Foil,,,,,
LAW,Betrayed Trust,,Hyperspace,,,,,
LAW,Betrayed Trust,,Hyperspace Foil,,,,,
LAW,Betrayed Trust,,Standard,,,,,
LAW,Bib Fortuna,Die Wanna Wanga?,Hyperspace,,,,,
LAW,Bib Fortuna,Die Wanna Wanga?,Hyperspace Foil,,,,,
LAW,Bib Fortuna,Die Wanna Wanga?,Standard,,,,,
LAW,Bith Brute,,Standard,,,,,
LAW,Bith Brute,,Hyperspace,,,,,
LAW,Bith Brute,,Hyperspace Foil,,,,,
LAW,Bix Caleen,Selling Scrap,Standard,,,,,
LAW,Bix Caleen,Selling Scrap,Hyperspace Foil,,,,,
LAW,Bix Caleen,Selling Scrap,Hyperspace,,,,,
LAW,Black Sun Cabalist,,Standard,,,,,
LAW,Black Sun Cabalist,,Hyperspace Foil,,,,,
LAW,Black Sun Cabalist,,Hyperspace,,,,,
LAW,Black Sun Patroller,,Hyperspace,,,,,
LAW,Black Sun Patroller,,Standard,,,,,
LAW,Black Sun Patroller,,Hyperspace Foil,,,,,
LAW,Boba Fett,For a Price,Hyperspace,,,,,
LAW,Boba Fett,For a Price,Serialized Prestige,,,,,
LAW,Boba Fett,Krayt's Claw Commander,Standard,,,,,
LAW,Boba Fett,For a Price,Foil Prestige,,,,,
LAW,Boba Fett,For a Price,Standard,,,,,
LAW,Boba Fett,For a Price,Standard Prestige,,,,,
LAW,Boba Fett,For a Price,Hyperspace Foil,,,,,
LAW,Boba Fett,Krayt's Claw Commander,Showcase,,,,,
LAW,Boba Fett,Krayt's Claw Commander,Hyperspace,,,,,
LAW,Bodhi Rook,Creating a Diversion,Serialized Prestige,,,,,
LAW,Bodhi Rook,Creating a Diversion,Foil Prestige,,,,,
LAW,Bodhi Rook,Creating a Diversion,Standard,,,,,
LAW,Bodhi Rook,Creating a Diversion,Standard Prestige,,,,,
LAW,Bodhi Rook,Creating a Diversion,Hyperspace,,,,,
LAW,Bodhi Rook,Creating a Diversion,Hyperspace Foil,,,,,
LAW,Boonta Eve Flagbearer,,Standard,,,,,
LAW,Boonta Eve Flagbearer,,Hyperspace,,,,,
LAW,Boonta Eve Flagbearer,,Hyperspace Foil,,,,,
LAW,Bossk,Join Our Merry Band,Standard,,,,,
LAW,Bossk,Join Our Merry Band,Serialized Prestige,,,,,
LAW,Bossk,Join Our Merry Band,Foil Prestige,,,,,
LAW,Bossk,Join Our Merry Band,Standard Prestige,,,,,
LAW,Bossk,Join Our Merry Band,Hyperspace,,,,,
LAW,Bossk,Join Our Merry Band,Hyperspace Foil,,,,,
LAW,Bracca Shipbreaker,,Hyperspace,,,,,
LAW,Bracca Shipbreaker,,Standard,,,,,
LAW,Bracca Shipbreaker,,Hyperspace Foil,,,,,
LAW,Broken Horn,Vizago's Pride,Hyperspace,,,,,
LAW,Broken Horn,Vizago's Pride,Standard,,,,,
LAW,Broken Horn,Vizago's Pride,Hyperspace Foil,,,,,
LAW,BT-1,Blastomech,Hyperspace,,,,,
LAW,BT-1,Blastomech,Hyperspace Foil,,,,,
LAW,BT-1,Blastomech,Standard,,,,,
LAW,C-3PO,Translation Protocol,Serialized Prestige,,,,,
LAW,C-3PO,Translation Protocol,Hyperspace,,,,,
LAW,C-3PO,Translation Protocol,Foil Prestige,,,,,
LAW,C-3PO,Translation Protocol,Standard Prestige,,,,,
LAW,C-3PO,Translation Protocol,Hyperspace Foil,,,,,
LAW,C-3PO,Translation Protocol,Standard,,,,,
LAW,Cad Bane,Now It's My Turn,Serialized Prestige,,,,,
LAW,Cad Bane,Now It's My Turn,Foil Prestige,,,,,
LAW,Cad Bane,Now It's My Turn,Standard Prestige,,,,,
LAW,Cad Bane,Now It's My Turn,Hyperspace,,,,,
LAW,Cad Bane,Now It's My Turn,Hyperspace Foil,,,,,
LAW,Cad Bane,Now It's My Turn,Standard,,,,,
LAW,Callous Bounty Hunter,,Standard,,,,,
LAW,Callous Bounty Hunter,,Hyperspace Foil,,,,,
LAW,Callous Bounty Hunter,,Hyperspace,,,,,
LAW,Canto Bight,,Standard,,,,,
LAW,Canto Bight,,Hyperspace,,,,,
LAW,Canto Bight Security,,Standard,,,,,
LAW,Canto Bight Security,,Hyperspace,,,,,
LAW,Canto Bight Security,,Hyperspace Foil,,,,,
LAW,Canyon Frontrunner,,Standard,,,,,
LAW,Canyon Frontrunner,,Hyperspace Foil,,,,,
LAW,Canyon Frontrunner,,Hyperspace,,,,,
LAW,Cartel Heavy Fighter,,Hyperspace Foil,,,,,
LAW,Cartel Heavy Fighter,,Hyperspace,,,,,
LAW,Cartel Heavy Fighter,,Standard,,,,,
LAW,Cassian Andor,Everything For the Rebellion,Standard,,,,,
LAW,Cassian Andor,Everything For the Rebellion,Serialized Prestige,,,,,
LAW,Cassian Andor,Everything For the Rebellion,Foil Prestige,,,,,
LAW,Cassian Andor,Everything For the Rebellion,Standard Prestige,,,,,
LAW,Cassian Andor,Everything For the Rebellion,Hyperspace,,,,,
LAW,Cassian Andor,Everything For the Rebellion,Hyperspace Foil,,,,,
LAW,Cavern Angels X-Wing,,Hyperspace,,,,,
LAW,Cavern Angels X-Wing,,Standard,,,,,
LAW,Cavern Angels X-Wing,,Hyperspace Foil,,,,,
LAW,Champion's KT9 Podracer,,Standard,,,,,
LAW,Champion's KT9 Podracer,,Hyperspace Foil,,,,,
LAW,Champion's KT9 Podracer,,Hyperspace,,,,,
LAW,Chewbacca,Mighty Rescuer,Serialized Prestige,,,,,
LAW,Chewbacca,Mighty Rescuer,Foil Prestige,,,,,
LAW,Chewbacca,Hero of Kessel,Standard,,,,,
LAW,Chewbacca,Mighty Rescuer,Standard Prestige,,,,,
LAW,Chewbacca,Mighty Rescuer,Hyperspace,,,,,
LAW,Chewbacca,Hero of Kessel,Showcase,,,,,
LAW,Chewbacca,Hero of Kessel,Hyperspace,,,,,
LAW,Chewbacca,Mighty Rescuer,Hyperspace Foil,,,,,
LAW,Chewbacca,Mighty Rescuer,Standard,,,,,
LAW,Chio Fain,Four-Armed Slicer,Standard,,,,,
LAW,Chio Fain,Four-Armed Slicer,Hyperspace,,,,,
LAW,Chio Fain,Four-Armed Slicer,Hyperspace Foil,,,,,
LAW,Chirrut Îmwe,I Don't Need Luck,Serialized Prestige,,,,,
LAW,Chirrut Îmwe,I Don't Need Luck,Foil Prestige,,,,,
LAW,Chirrut Îmwe,I Don't Need Luck,Standard Prestige,,,,,
LAW,Chirrut Îmwe,I Don't Need Luck,Standard,,,,,
LAW,Chirrut Îmwe,I Don't Need Luck,Hyperspace,,,,,
LAW,Chirrut Îmwe,I Don't Need Luck,Hyperspace Foil,,,,,
LAW,Choke on Aspirations,,Standard,,,,,
LAW,Choke on Aspirations,,Hyperspace,,,,,
LAW,Choke on Aspirations,,Hyperspace Foil,,,,,
LAW,Chopper,Spectre Three,Standard,,,,,
LAW,Chopper,Spectre Three,Serialized Prestige,,,,,
LAW,Chopper,Spectre Three,Foil Prestige,,,,,
LAW,Chopper,Spectre Three,Standard Prestige,,,,,
LAW,Chopper,Spectre Three,Hyperspace,,,,,
LAW,Chopper,Spectre Three,Hyperspace Foil,,,,,
LAW,Cinta Kaz,Stone Cold and Fearless,Standard,,,,,
LAW,Cinta Kaz,Stone Cold and Fearless,Hyperspace,,,,,
LAW,Cinta Kaz,Stone Cold and Fearless,Hyperspace Foil,,,,,
LAW,Circuit Challenger,,Standard,,,,,
LAW,Circuit Challenger,,Hyperspace Foil,,,,,
LAW,Circuit Challenger,,Hyperspace,,,,,
LAW,Citadel Research Center,,Standard,,,,,
LAW,Citadel Research Center,,Hyperspace,,,,,
LAW,Citadel Research Center,,Hyperspace Foil,,,,,
LAW,Cloud-Rider Veteran,,Hyperspace,,,,,
LAW,Cloud-Rider Veteran,,Standard,,,,,
LAW,Cloud-Rider Veteran,,Hyperspace Foil,,,,,
LAW,Coaxium Mine,,Standard,,,,,
LAW,Coaxium Mine,,Hyperspace,,,,,
LAW,Collateral Damage,,Hyperspace,,,,,
LAW,Collateral Damage,,Standard,,,,,
LAW,Collateral Damage,,Hyperspace Foil,,,,,
LAW,Combat Exercise,,Hyperspace,,,,,
LAW,Combat Exercise,,Hyperspace Foil,,,,,
LAW,Combat Exercise,,Standard,,,,,
LAW,Commence the Festivities,,Hyperspace,,,,,
LAW,Commence the Festivities,,Standard,,,,,
LAW,Commence the Festivities,,Hyperspace Foil,,,,,
LAW,Common Cause,,Hyperspace,,,,,
LAW,Common Cause,,Hyperspace Foil,,,,,
LAW,Common Cause,,Standard,,,,,
LAW,Contested Caverns,,Standard,,,,,
LAW,Contested Caverns,,Hyperspace,,,,,
LAW,Conveyex Security Captain,,Standard,,,,,
LAW,Conveyex Security Captain,,Hyperspace,,,,,
LAW,Conveyex Security Captain,,Hyperspace Foil,,,,,
LAW,Credit,,Hyperspace,,,,,
LAW,Credit,,Standard,,,,,
LAW,Criminal Contact,,Hyperspace Foil,,,,,
LAW,Criminal Contact,,Hyperspace,,,,,
LAW,Criminal Contact,,Standard,,,,,
LAW,Cutthroat Podracer,,Hyperspace,,,,,
LAW,Cutthroat Podracer,,Standard,,,,,
LAW,Cutthroat Podracer,,Hyperspace Foil,,,,,
LAW,Daimyo's Palace,,Standard,,,,,
LAW,Daimyo's Palace,,Hyperspace,,,,,
LAW,Daring Delve,,Hyperspace,,,,,
LAW,Daring Delve,,Standard,,,,,
LAW,Daring Delve,,Hyperspace Foil,,,,,
LAW,Darth Vader,Unstoppable,Standard,,,,,
LAW,Darth Vader,Unstoppable,Showcase,,,,,
LAW,Darth Vader,Unstoppable,Hyperspace,,,,,
LAW,Defiant Hammerhead,,Standard,,,,,
LAW,Defiant Hammerhead,,Hyperspace,,,,,
LAW,Defiant Hammerhead,,Hyperspace Foil,,,,,
LAW,Defiant Scrapper,,Standard,,,,,
LAW,Defiant Scrapper,,Hyperspace,,,,,
LAW,Defiant Scrapper,,Hyperspace Foil,,,,,
LAW,Dengar,Take Your Shot,Standard,,,,,
LAW,Dengar,Take Your Shot,Hyperspace,,,,,
LAW,Dengar,Take Your Shot,Hyperspace Foil,,,,,
LAW,Devaronian Doorbuster,,Hyperspace,,,,,
LAW,Devaronian Doorbuster,,Hyperspace Foil,,,,,
LAW,Devaronian Doorbuster,,Standard,,,,,
LAW,Director Krennic,Amidst My Achievement,Showcase,,,,,
LAW,Director Krennic,Amidst My Achievement,Standard,,,,,
LAW,Director Krennic,Amidst My Achievement,Hyperspace,,,,,
LAW,Display Piece,,Standard,,,,,
LAW,Display Piece,,Hyperspace,,,,,
LAW,Display Piece,,Hyperspace Foil,,,,,
LAW,Doctor Aphra,Digging For Answers,Hyperspace,,,,,
LAW,Doctor Aphra,Digging For Answers,Standard,,,,,
LAW,Doctor Aphra,Digging For Answers,Hyperspace Foil,,,,,
LAW,Dogged Pursuers,,Hyperspace,,,,,
LAW,Dogged Pursuers,,Standard,,,,,
LAW,Dogged Pursuers,,Hyperspace Foil,,,,,
LAW,Double-Cross,,Hyperspace,,,,,
LAW,Double-Cross,,Hyperspace Foil,,,,,
LAW,Double-Cross,,Standard,,,,,
LAW,Droid Laser Turret,,Standard,,,,,
LAW,Droid Laser Turret,,Hyperspace,,,,,
LAW,Droid Laser Turret,,Hyperspace Foil,,,,,
LAW,Enfys Nest,Until We Can Go No Higher,Standard,,,,,
LAW,Enfys Nest,Until We Can Go No Higher,Showcase,,,,,
LAW,Enfys Nest,Until We Can Go No Higher,Hyperspace,,,,,
LAW,Enfys Nest's Helmet,,Hyperspace,,,,,
LAW,Enfys Nest's Helmet,,Standard,,,,,
LAW,Enfys Nest's Helmet,,Hyperspace Foil,,,,,
LAW,Every Day,More Lies,Hyperspace,,,,,
LAW,Every Day,More Lies,Standard,,,,,
LAW,Every Day,More Lies,Hyperspace Foil,,,,,
LAW,Expendable Mercenary,,Hyperspace,,,,,
LAW,Expendable Mercenary,,Hyperspace Foil,,,,,
LAW,Expendable Mercenary,,Standard,,,,,
LAW,Experience,,Hyperspace,,,,,
LAW,Experience,,Standard,,,,,
LAW,Ezra Bridger,Spectre Six,Serialized Prestige,,,,,
LAW,Ezra Bridger,Spectre Six,Foil Prestige,,,,,
LAW,Ezra Bridger,Spectre Six,Standard Prestige,,,,,
LAW,Ezra Bridger,Spectre Six,Hyperspace,,,,,
LAW,Ezra Bridger,Spectre Six,Standard,,,,,
LAW,Ezra Bridger,Spectre Six,Hyperspace Foil,,,,,
LAW,Fear and Dead Men,,Hyperspace,,,,,
LAW,Fear and Dead Men,,Standard,,,,,
LAW,Fear and Dead Men,,Hyperspace Foil,,,,,
LAW,Fett's Firespray,In Pursuit,Standard,,,,,
LAW,Fett's Firespray,In Pursuit,Serialized Prestige,,,,,
LAW,Fett's Firespray,In Pursuit,Foil Prestige,,,,,
LAW,Fett's Firespray,In Pursuit,Standard Prestige,,,,,
LAW,Fett's Firespray,In Pursuit,Hyperspace Foil,,,,,
LAW,Fett's Firespray,In Pursuit,Hyperspace,,,,,
LAW,Finn,Looking Closer,Hyperspace,,,,,
LAW,Finn,Looking Closer,Standard,,,,,
LAW,Finn,Looking Closer,Hyperspace Foil,,,,,
LAW,Fire Across the Galaxy,,Hyperspace Foil,,,,,
LAW,Fire Across the Galaxy,,Hyperspace,,,,,
LAW,Fire Across the Galaxy,,Standard,,,,,
LAW,Flash the Vents,,Hyperspace,,,,,
LAW,Flash the Vents,,Standard,,,,,
LAW,Flash the Vents,,Hyperspace Foil,,,,,
LAW,Follower of the Code,,Hyperspace,,,,,
LAW,Follower of the Code,,Hyperspace Foil,,,,,
LAW,Follower of the Code,,Standard,,,,,
LAW,From a Certain Point of View,,Hyperspace Foil,,,,,
LAW,From a Certain Point of View,,Hyperspace,,,,,
LAW,From a Certain Point of View,,Standard,,,,,
LAW,Fulcrum,,Hyperspace,,,,,
LAW,Fulcrum,,Hyperspace Foil,,,,,
LAW,Fulcrum,,Standard,,,,,
LAW,Galen Erso,Destroying His Creation,Standard,,,,,
LAW,Galen Erso,Destroying His Creation,Hyperspace Foil,,,,,
LAW,Galen Erso,Destroying His Creation,Hyperspace,,,,,
LAW,Getaway Freighter,,Hyperspace,,,,,
LAW,Getaway Freighter,,Hyperspace Foil,,,,,
LAW,Getaway Freighter,,Standard,,,,,
LAW,Governor's Shuttle,,Standard,,,,,
LAW,Governor's Shuttle,,Hyperspace,,,,,
LAW,Governor's Shuttle,,Hyperspace Foil,,,,,
LAW,Great Pit of Carkoon,,Standard,,,,,
LAW,Great Pit of Carkoon,,Hyperspace,,,,,
LAW,Great Pit of Carkoon,,Hyperspace Foil,,,,,
LAW,Guild Ambush Team,,Standard,,,,,
LAW,Guild Ambush Team,,Hyperspace Foil,,,,,
LAW,Guild Ambush Team,,Hyperspace,,,,,
LAW,Han Solo,Hibernation Sick,Serialized Prestige,,,,,
LAW,Han Solo,Hibernation Sick,Foil Prestige,,,,,
LAW,Han Solo,Hibernation Sick,Standard Prestige,,,,,
LAW,Han Solo,Hibernation Sick,Hyperspace,,,,,
LAW,Han Solo,I Got a Really Good Feeling,Showcase,,,,,
LAW,Han Solo,Hibernation Sick,Standard,,,,,
LAW,Han Solo,I Got a Really Good Feeling,Hyperspace,,,,,
LAW,Han Solo,Hibernation Sick,Hyperspace Foil,,,,,
LAW,Han Solo,I Got a Really Good Feeling,Standard,,,,,
LAW,Han's Golden Dice,,Standard,,,,,
LAW,Han's Golden Dice,,Hyperspace Foil,,,,,
LAW,Han's Golden Dice,,Hyperspace,,,,,
LAW,Haxion Aggressor,,Hyperspace,,,,,
LAW,Haxion Aggressor,,Standard,,,,,
LAW,Haxion Aggressor,,Hyperspace Foil,,,,,
LAW,Haymaker,,Hyperspace,,,,,
LAW,Haymaker,,Hyperspace Foil,,,,,
LAW,Haymaker,,Standard,,,,,
LAW,Hera Syndulla,Not Fighting Alone,Showcase,,,,,
LAW,Hera Syndulla,Not Fighting Alone,Hyperspace,,,,,
LAW,Hera Syndulla,Not Fighting Alone,Standard,,,,,
LAW,Hidden Hand Supplier,,Hyperspace Foil,,,,,
LAW,Hidden Hand Supplier,,Hyperspace,,,,,
LAW,Hidden Hand Supplier,,Standard,,,,,
LAW,Hidden Hunters,,Hyperspace,,,,,
LAW,Hidden Hunters,,Hyperspace Foil,,,,,
LAW,Hidden Hunters,,Standard,,,,,
LAW,Highsinger,Deadly Droid,Standard,,,,,
LAW,Highsinger,Deadly Droid,Serialized Prestige,,,,,
LAW,Highsinger,Deadly Droid,Foil Prestige,,,,,
LAW,Highsinger,Deadly Droid,Standard Prestige,,,,,
LAW,Highsinger,Deadly Droid,Hyperspace,,,,,
LAW,Highsinger,Deadly Droid,Hyperspace Foil,,,,,
LAW,Hold For Questioning,,Hyperspace,,,,,
LAW,Hold For Questioning,,Standard,,,,,
LAW,Hold For Questioning,,Hyperspace Foil,,,,,
LAW,Hondo Ohnaka,Plays By His Own Rules,Serialized Prestige,,,,,
LAW,Hondo Ohnaka,Plays By His Own Rules,Foil Prestige,,,,,
LAW,Hondo Ohnaka,Plays By His Own Rules,Standard Prestige,,,,,
LAW,Hondo Ohnaka,Plays By His Own Rules,Hyperspace,,,,,
LAW,Hondo Ohnaka,Plays By His Own Rules,Standard,,,,,
LAW,Hondo Ohnaka,Plays By His Own Rules,Hyperspace Foil,,,,,
LAW,Honnah,OINK! SQUEE!,Standard,,,,,
LAW,Honnah,OINK! SQUEE!,Hyperspace,,,,,
LAW,Honnah,OINK! SQUEE!,Hyperspace Foil,,,,,
LAW,Honor-Bound Partisan,,Standard,,,,,
LAW,Honor-Bound Partisan,,Hyperspace,,,,,
LAW,Honor-Bound Partisan,,Hyperspace Foil,,,,,
LAW,Hound's Tooth,Hunters' Approach,Serialized Prestige,,,,,
LAW,Hound's Tooth,Hunters' Approach,Foil Prestige,,,,,
LAW,Hound's Tooth,Hunters' Approach,Standard Prestige,,,,,
LAW,Hound's Tooth,Hunters' Approach,Hyperspace,,,,,
LAW,Hound's Tooth,Hunters' Approach,Hyperspace Foil,,,,,
LAW,Hound's Tooth,Hunters' Approach,Standard,,,,,
LAW,Hunter For Hire,,Hyperspace,,,,,
LAW,Hunter For Hire,,Hyperspace Foil,,,,,
LAW,Hunter For Hire,,Standard,,,,,
LAW,IG-88,Programmed to Kill,Serialized Prestige,,,,,
LAW,IG-88,Programmed to Kill,Foil Prestige,,,,,
LAW,IG-88,Programmed to Kill,Standard Prestige,,,,,
LAW,IG-88,Programmed to Kill,Standard,,,,,
LAW,IG-88,Programmed to Kill,Hyperspace,,,,,
LAW,IG-88,Programmed to Kill,Hyperspace Foil,,,,,
LAW,IGV-55 Listener,,Standard,,,,,
LAW,IGV-55 Listener,,Hyperspace,,,,,
LAW,IGV-55 Listener,,Hyperspace Foil,,,,,
LAW,Imperial Command Complex,,Standard,,,,,
LAW,Imperial Command Complex,,Hyperspace,,,,,
LAW,Imperial Door Technician,,Standard,,,,,
LAW,Imperial Door Technician,,Hyperspace,,,,,
LAW,Imperial Door Technician,,Hyperspace Foil,,,,,
LAW,Improvise,,Standard,,,,,
LAW,Improvise,,Hyperspace Foil,,,,,
LAW,Improvise,,Hyperspace,,,,,
LAW,Incapacitate,,Hyperspace,,,,,
LAW,Incapacitate,,Hyperspace Foil,,,,,
LAW,Incapacitate,,Standard,,,,,
LAW,Industrious Team,,Standard,,,,,
LAW,Industrious Team,,Hyperspace,,,,,
LAW,Industrious Team,,Hyperspace Foil,,,,,
LAW,Inspired Recruit,,Hyperspace,,,,,
LAW,Inspired Recruit,,Standard,,,,,
LAW,Inspired Recruit,,Hyperspace Foil,,,,,
LAW,Interrogation Droid,,Hyperspace,,,,,
LAW,Interrogation Droid,,Standard,,,,,
LAW,Interrogation Droid,,Hyperspace Foil,,,,,
LAW,Intimidator,Citadel Overwatch,Hyperspace,,,,,
LAW,Intimidator,Citadel Overwatch,Hyperspace Foil,,,,,
LAW,Intimidator,Citadel Overwatch,Standard,,,,,
LAW,Jabba the Hutt,Crime Boss,Standard,,,,,
LAW,Jabba the Hutt,Crime Boss,Showcase,,,,,
LAW,Jabba the Hutt,Crime Boss,Hyperspace,,,,,
LAW,Jabba's Rancor,Snack Time!,Hyperspace,,,,,
LAW,Jabba's Rancor,Snack Time!,Serialized Prestige,,,,,
LAW,Jabba's Rancor,Snack Time!,Foil Prestige,,,,,
LAW,Jabba's Rancor,Snack Time!,Standard,,,,,
LAW,Jabba's Rancor,Snack Time!,Standard Prestige,,,,,
LAW,Jabba's Rancor,Snack Time!,Hyperspace Foil,,,,,
LAW,Jango Fett,Wily Mercenary,Serialized Prestige,,,,,
LAW,Jango Fett,Wily Mercenary,Foil Prestige,,,,,
LAW,Jango Fett,Wily Mercenary,Standard Prestige,,,,,
LAW,Jango Fett,Wily Mercenary,Hyperspace,,,,,
LAW,Jango Fett,Wily Mercenary,Standard,,,,,
LAW,Jango Fett,Wily Mercenary,Hyperspace Foil,,,,,
LAW,Jaunty Light Freighter,,Hyperspace,,,,,
LAW,Jaunty Light Freighter,,Hyperspace Foil,,,,,
LAW,Jaunty Light Freighter,,Standard,,,,,
LAW,Jyn Erso,Take the Next Chance,Serialized Prestige,,,,,
LAW,Jyn Erso,Take the Next Chance,Foil Prestige,,,,,
LAW,Jyn Erso,Take the Next Chance,Standard Prestige,,,,,
LAW,Jyn Erso,Take the Next Chance,Hyperspace,,,,,
LAW,Jyn Erso,Time to Fight,Standard,,,,,
LAW,Jyn Erso,Time to Fight,Showcase,,,,,
LAW,Jyn Erso,Take the Next Chance,Hyperspace Foil,,,,,
LAW,Jyn Erso,Time to Fight,Hyperspace,,,,,
LAW,Jyn Erso,Take the Next Chance,Standard,,,,,
LAW,K-2SO,Locking the Vault,Serialized Prestige,,,,,
LAW,K-2SO,Locking the Vault,Foil Prestige,,,,,
LAW,K-2SO,Locking the Vault,Standard Prestige,,,,,
LAW,K-2SO,Locking the Vault,Hyperspace,,,,,
LAW,K-2SO,Locking the Vault,Standard,,,,,
LAW,K-2SO,Locking the Vault,Hyperspace Foil,,,,,
LAW,Kage Elite,,Standard,,,,,
LAW,Kage Elite,,Hyperspace Foil,,,,,
LAW,Kage Elite,,Hyperspace,,,,,
LAW,Kanan Jarrus,Spectre One,Serialized Prestige,,,,,
LAW,Kanan Jarrus,Spectre One,Foil Prestige,,,,,
LAW,Kanan Jarrus,Spectre One,Standard Prestige,,,,,
LAW,Kanan Jarrus,Spectre One,Hyperspace,,,,,
LAW,Kanan Jarrus,Spectre One,Standard,,,,,
LAW,Kanan Jarrus,Spectre One,Hyperspace Foil,,,,,
LAW,Kessel Hulk,,Hyperspace Foil,,,,,
LAW,Kessel Hulk,,Hyperspace,,,,,
LAW,Kessel Hulk,,Standard,,,,,
LAW,Khetanna,Upon the Dune Sea,Hyperspace,,,,,
LAW,Khetanna,Upon the Dune Sea,Hyperspace Foil,,,,,
LAW,Khetanna,Upon the Dune Sea,Standard,,,,,
LAW,Kill Switch,,Standard,,,,,
LAW,Kill Switch,,Hyperspace,,,,,
LAW,Kill Switch,,Hyperspace Foil,,,,,
LAW,Krrsantan,Hit and Run,Hyperspace,,,,,
LAW,Krrsantan,Hit and Run,Standard,,,,,
LAW,Krrsantan,Hit and Run,Hyperspace Foil,,,,,
LAW,L3-37,Radical Instigator,Standard,,,,,
LAW,L3-37,Radical Instigator,Serialized Prestige,,,,,
LAW,L3-37,Radical Instigator,Foil Prestige,,,,,
LAW,L3-37,Radical Instigator,Standard Prestige,,,,,
LAW,L3-37,Radical Instigator,Hyperspace,,,,,
LAW,L3-37,Radical Instigator,Hyperspace Foil,,,,,
LAW,Lady Proxima,Where's the Money?,Standard,,,,,
LAW,Lady Proxima,Where's the Money?,Hyperspace Foil,,,,,
LAW,Lady Proxima,Where's the Money?,Hyperspace,,,,,
LAW,Lando Calrissian,Eyes Open,Serialized Prestige,,,,,
LAW,Lando Calrissian,Eyes Open,Standard,,,,,
LAW,Lando Calrissian,Eyes Open,Foil Prestige,,,,,
LAW,Lando Calrissian,Eyes Open,Standard Prestige,,,,,
LAW,Lando Calrissian,Eyes Open,Hyperspace,,,,,
LAW,Lando Calrissian,Eyes Open,Hyperspace Foil,,,,,
LAW,Lando Calrissian,Full Sabacc,Showcase,,,,,
LAW,Lando Calrissian,Full Sabacc,Standard,,,,,
LAW,Lando Calrissian,Full Sabacc,Hyperspace,,,,,
LAW,Latts Razzi,Deadly Whipmaster,Serialized Prestige,,,,,
LAW,Latts Razzi,Deadly Whipmaster,Foil Prestige,,,,,
LAW,Latts Razzi,Deadly Whipmaster,Standard Prestige,,,,,
LAW,Latts Razzi,Deadly Whipmaster,Hyperspace,,,,,
LAW,Latts Razzi,Deadly Whipmaster,Standard,,,,,
LAW,Latts Razzi,Deadly Whipmaster,Hyperspace Foil,,,,,
LAW,Lawbringer,Shadow Over Lothal,Standard,,,,,
LAW,Lawbringer,Shadow Over Lothal,Hyperspace,,,,,
LAW,Lawbringer,Shadow Over Lothal,Hyperspace Foil,,,,,
LAW,Leia Organa,Someone Who Loves You,Standard,,,,,
LAW,Leia Organa,Someone Who Loves You,Showcase,,,,,
LAW,Leia Organa,Someone Who Loves You,Hyperspace,,,,,
LAW,Leia's Disguise,,Standard,,,,,
LAW,Leia's Disguise,,Hyperspace,,,,,
LAW,Leia's Disguise,,Hyperspace Foil,,,,,
LAW,Lepi Lookout,,Hyperspace,,,,,
LAW,Lepi Lookout,,Standard,,,,,
LAW,Lepi Lookout,,Hyperspace Foil,,,,,
LAW,Liberated Wookiee,,Hyperspace,,,,,
LAW,Liberated Wookiee,,Hyperspace Foil,,,,,
LAW,Liberated Wookiee,,Standard,,,,,
LAW,Liberty,Draw Their Fire!,Standard,,,,,
LAW,Liberty,Draw Their Fire!,Hyperspace Foil,,,,,
LAW,Liberty,Draw Their Fire!,Hyperspace,,,,,
LAW,Lieutenant Gorn,I Deserve Worse,Hyperspace,,,,,
LAW,Lieutenant Gorn,I Deserve Worse,Standard,,,,,
LAW,Lieutenant Gorn,I Deserve Worse,Hyperspace Foil,,,,,
LAW,Lost and Forgotten,,Hyperspace,,,,,
LAW,Lost and Forgotten,,Hyperspace Foil,,,,,
LAW,Lost and Forgotten,,Standard,,,,,
LAW,Luke Skywalker,Profit or Be Destroyed,Serialized Prestige,,,,,
LAW,Luke Skywalker,Profit or Be Destroyed,Foil Prestige,,,,,
LAW,Luke Skywalker,Profit or Be Destroyed,Standard Prestige,,,,,
LAW,Luke Skywalker,Profit or Be Destroyed,Hyperspace,,,,,
LAW,Luke Skywalker,Profit or Be Destroyed,Standard,,,,,
LAW,Luke Skywalker,Profit or Be Destroyed,Hyperspace Foil,,,,,
LAW,Malakili,Keeper of the Menagerie,Hyperspace,,,,,
LAW,Malakili,Keeper of the Menagerie,Standard,,,,,
LAW,Malakili,Keeper of the Menagerie,Hyperspace Foil,,,,,
LAW,Massassi Group Marines,,Hyperspace,,,,,
LAW,Massassi Group Marines,,Hyperspace Foil,,,,,
LAW,Massassi Group Marines,,Standard,,,,,
LAW,Mastery,,Hyperspace,,,,,
LAW,Mastery,,Hyperspace Foil,,,,,
LAW,Mastery,,Standard,,,,,
LAW,Maul,Master of the Shadow Collective,Serialized Prestige,,,,,
LAW,Maul,Master of the Shadow Collective,Standard,,,,,
LAW,Maul,Master of the Shadow Collective,Foil Prestige,,,,,
LAW,Maul,Master of the Shadow Collective,Standard Prestige,,,,,
LAW,Maul,Master of the Shadow Collective,Hyperspace,,,,,
LAW,Maul,Master of the Shadow Collective,Hyperspace Foil,,,,,
LAW,Max Rebo,Encore!,Hyperspace,,,,,
LAW,Max Rebo,Encore!,Hyperspace Foil,,,,,
LAW,Max Rebo,Encore!,Standard,,,,,
LAW,Maz Kanata,Where's My Boyfriend?,Serialized Prestige,,,,,
LAW,Maz Kanata,Where's My Boyfriend?,Foil Prestige,,,,,
LAW,Maz Kanata,Where's My Boyfriend?,Standard Prestige,,,,,
LAW,Maz Kanata,Where's My Boyfriend?,Hyperspace,,,,,
LAW,Maz Kanata,Where's My Boyfriend?,Hyperspace Foil,,,,,
LAW,Maz Kanata,Where's My Boyfriend?,Standard,,,,,
LAW,Mercenary Fleet,,Hyperspace,,,,,
LAW,Mercenary Fleet,,Hyperspace Foil,,,,,
LAW,Mercenary Fleet,,Standard,,,,,
LAW,Mid Rim Sharpshooter,,Hyperspace,,,,,
LAW,Mid Rim Sharpshooter,,Standard,,,,,
LAW,Mid Rim Sharpshooter,,Hyperspace Foil,,,,,
LAW,Millennium Falcon,Dodging Patrols,Serialized Prestige,,,,,
LAW,Millennium Falcon,Dodging Patrols,Foil Prestige,,,,,
LAW,Millennium Falcon,Dodging Patrols,Standard Prestige,,,,,
LAW,Millennium Falcon,Dodging Patrols,Hyperspace,,,,,
LAW,Millennium Falcon,Dodging Patrols,Hyperspace Foil,,,,,
LAW,Millennium Falcon,Dodging Patrols,Standard,,,,,
LAW,Milodon Rider,,Standard,,,,,
LAW,Milodon Rider,,Hyperspace Foil,,,,,
LAW,Milodon Rider,,Hyperspace,,,,,
LAW,Night Wind Assailants,,Standard,,,,,
LAW,Night Wind Assailants,,Hyperspace Foil,,,,,
LAW,Night Wind Assailants,,Hyperspace,,,,,
LAW,Nihil Stormsower,,Hyperspace,,,,,
LAW,Nihil Stormsower,,Standard,,,,,
LAW,Nihil Stormsower,,Hyperspace Foil,,,,,
LAW,Nothing Left to Fear,,Standard,,,,,
LAW,Nothing Left to Fear,,Hyperspace,,,,,
LAW,Nothing Left to Fear,,Hyperspace Foil,,,,,
LAW,Obi-Wan Kenobi,Protector of Felucia,Hyperspace,,,,,
LAW,Obi-Wan Kenobi,Protector of Felucia,Standard,,,,,
LAW,Obi-Wan Kenobi,Protector of Felucia,Hyperspace Foil,,,,,
LAW,Ohnaka Gang Bandits,,Hyperspace,,,,,
LAW,Ohnaka Gang Bandits,,Standard,,,,,
LAW,Ohnaka Gang Bandits,,Hyperspace Foil,,,,,
LAW,Ohnaka Gang Starhopper,,Standard,,,,,
LAW,Ohnaka Gang Starhopper,,Hyperspace Foil,,,,,
LAW,Ohnaka Gang Starhopper,,Hyperspace,,,,,
LAW,Overcharged Transport,,Hyperspace,,,,,
LAW,Overcharged Transport,,Standard,,,,,
LAW,Overcharged Transport,,Hyperspace Foil,,,,,
LAW,Partisan Hideout,,Standard,,,,,
LAW,Partisan Hideout,,Hyperspace,,,,,
LAW,Partisan Infantry,,Hyperspace,,,,,
LAW,Partisan Infantry,,Hyperspace Foil,,,,,
LAW,Partisan Infantry,,Standard,,,,,
LAW,Partisan U-Wing,,Hyperspace,,,,,
LAW,Partisan U-Wing,,Hyperspace Foil,,,,,
LAW,Partisan U-Wing,,Standard,,,,,
LAW,Patient Hunter,,Hyperspace,,,,,
LAW,Patient Hunter,,Standard,,,,,
LAW,Patient Hunter,,Hyperspace Foil,,,,,
LAW,Payroll Heist,,Hyperspace,,,,,
LAW,Payroll Heist,,Hyperspace Foil,,,,,
LAW,Payroll Heist,,Standard,,,,,
LAW,Persecutor,Fire Over Scarif,Hyperspace,,,,,
LAW,Persecutor,Fire Over Scarif,Standard,,,,,
LAW,Persecutor,Fire Over Scarif,Hyperspace Foil,,,,,
LAW,Phantom,Spectre Shuttle,Serialized Prestige,,,,,
LAW,Phantom,Spectre Shuttle,Hyperspace,,,,,
LAW,Phantom,Spectre Shuttle,Foil Prestige,,,,,
LAW,Phantom,Spectre Shuttle,Standard Prestige,,,,,
LAW,Phantom,Spectre Shuttle,Hyperspace Foil,,,,,
LAW,Phantom,Spectre Shuttle,Standard,,,,,
LAW,Phoenix Squadron Fighters,,Standard,,,,,
LAW,Phoenix Squadron Fighters,,Hyperspace,,,,,
LAW,Phoenix Squadron Fighters,,Hyperspace Foil,,,,,
LAW,Pirate Snub Fighter,,Hyperspace,,,,,
LAW,Pirate Snub Fighter,,Hyperspace Foil,,,,,
LAW,Pirate Snub Fighter,,Standard,,,,,
LAW,Profiteering Hunter,,Hyperspace,,,,,
LAW,Profiteering Hunter,,Hyperspace Foil,,,,,
LAW,Profiteering Hunter,,Standard,,,,,
LAW,Prototype TIE Advanced,,Hyperspace,,,,,
LAW,Prototype TIE Advanced,,Hyperspace Foil,,,,,
LAW,Prototype TIE Advanced,,Standard,,,,,
LAW,Putting a Team Together,,Hyperspace,,,,,
LAW,Putting a Team Together,,Hyperspace Foil,,,,,
LAW,Putting a Team Together,,Standard,,,,,
LAW,Quarren Contractor,,Standard,,,,,
LAW,Quarren Contractor,,Hyperspace,,,,,
LAW,Quarren Contractor,,Hyperspace Foil,,,,,
LAW,Qui-Gon Jinn,Influencing Chance,Standard,,,,,
LAW,Qui-Gon Jinn,Influencing Chance,Hyperspace Foil,,,,,
LAW,Qui-Gon Jinn,Influencing Chance,Hyperspace,,,,,
LAW,R2-D2,Part of the Plan,Serialized Prestige,,,,,
LAW,R2-D2,Part of the Plan,Hyperspace,,,,,
LAW,R2-D2,Part of the Plan,Foil Prestige,,,,,
LAW,R2-D2,Part of the Plan,Standard Prestige,,,,,
LAW,R2-D2,Part of the Plan,Hyperspace Foil,,,,,
LAW,R2-D2,Part of the Plan,Standard,,,,,
LAW,Rebel Blockade Runner,,Hyperspace,,,,,
LAW,Rebel Blockade Runner,,Standard,,,,,
LAW,Rebel Blockade Runner,,Hyperspace Foil,,,,,
LAW,Relentless Hunters,,Hyperspace,,,,,
LAW,Relentless Hunters,,Standard,,,,,
LAW,Relentless Hunters,,Hyperspace Foil,,,,,
LAW,Rey,Skywalker,Hyperspace,,,,,
LAW,Rey,Skywalker,Hyperspace Foil,,,,,
LAW,Rey,Skywalker,Standard,,,,,
LAW,Rhydonium Detonation,,Standard,,,,,
LAW,Rhydonium Detonation,,Hyperspace,,,,,
LAW,Rhydonium Detonation,,Hyperspace Foil,,,,,
LAW,Rickety Quadjumper,,Standard,,,,,
LAW,Rickety Quadjumper,,Hyperspace,,,,,
LAW,Rickety Quadjumper,,Hyperspace Foil,,,,,
LAW,Rio Durant,Beckett's Right Hands,Serialized Prestige,,,,,
LAW,Rio Durant,Beckett's Right Hands,Foil Prestige,,,,,
LAW,Rio Durant,Beckett's Right Hands,Standard Prestige,,,,,
LAW,Rio Durant,Beckett's Right Hands,Hyperspace,,,,,
LAW,Rio Durant,Beckett's Right Hands,Standard,,,,,
LAW,Rio Durant,Beckett's Right Hands,Hyperspace Foil,,,,,
LAW,Rodian Bondsman,,Standard,,,,,
LAW,Rodian Bondsman,,Hyperspace,,,,,
LAW,Rodian Bondsman,,Hyperspace Foil,,,,,
LAW,Rogue One,At Any Cost,Standard,,,,,
LAW,Rogue One,At Any Cost,Hyperspace,,,,,
LAW,Rogue One,At Any Cost,Hyperspace Foil,,,,,
LAW,Rookie Rocket-jumper,,Standard,,,,,
LAW,Rookie Rocket-jumper,,Hyperspace Foil,,,,,
LAW,Rookie Rocket-jumper,,Hyperspace,,,,,
LAW,Rose Tico,Now It's Worth It,Hyperspace,,,,,
LAW,Rose Tico,Now It's Worth It,Standard,,,,,
LAW,Rose Tico,Now It's Worth It,Hyperspace Foil,,,,,
LAW,Ruthless Duo,,Hyperspace,,,,,
LAW,Ruthless Duo,,Hyperspace Foil,,,,,
LAW,Ruthless Duo,,Standard,,,,,
LAW,Sabine Wren,Spectre Five,Serialized Prestige,,,,,
LAW,Sabine Wren,Spectre Five,Foil Prestige,,,,,
LAW,Sabine Wren,Spectre Five,Standard Prestige,,,,,
LAW,Sabine Wren,Spectre Five,Hyperspace,,,,,
LAW,Sabine Wren,Spectre Five,Standard,,,,,
LAW,Sabine Wren,Spectre Five,Hyperspace Foil,,,,,
LAW,Salacious Crumb,Cackling Companion,Hyperspace,,,,,
LAW,Salacious Crumb,Cackling Companion,Serialized Prestige,,,,,
LAW,Salacious Crumb,Cackling Companion,Foil Prestige,,,,,
LAW,Salacious Crumb,Cackling Companion,Standard,,,,,
LAW,Salacious Crumb,Cackling Companion,Standard Prestige,,,,,
LAW,Salacious Crumb,Cackling Companion,Hyperspace Foil,,,,,
LAW,Salvaged Blaster,,Hyperspace,,,,,
LAW,Salvaged Blaster,,Standard,,,,,
LAW,Salvaged Blaster,,Hyperspace Foil,,,,,
LAW,Salvaged Materials,,Standard,,,,,
LAW,Salvaged Materials,,Hyperspace Foil,,,,,
LAW,Salvaged Materials,,Hyperspace,,,,,
LAW,Savareen Survivor,,Hyperspace,,,,,
LAW,Savareen Survivor,,Standard,,,,,
LAW,Savareen Survivor,,Hyperspace Foil,,,,,
LAW,Saw Gerrera,Bring Down the Empire,Showcase,,,,,
LAW,Saw Gerrera,Bring Down the Empire,Hyperspace,,,,,
LAW,Saw Gerrera,Bring Down the Empire,Standard,,,,,
LAW,Scarif Lieutenant,,Hyperspace,,,,,
LAW,Scarif Lieutenant,,Hyperspace Foil,,,,,
LAW,Scarif Lieutenant,,Standard,,,,,
LAW,Scavenging Sandcrawler,,Standard,,,,,
LAW,Scavenging Sandcrawler,,Hyperspace Foil,,,,,
LAW,Scavenging Sandcrawler,,Hyperspace,,,,,
LAW,Seasoned Tracker,,Hyperspace Foil,,,,,
LAW,Seasoned Tracker,,Hyperspace,,,,,
LAW,Seasoned Tracker,,Standard,,,,,
LAW,Sebulba,Especially Dangerous Dug,Standard,,,,,
LAW,Sebulba,Especially Dangerous Dug,Showcase,,,,,
LAW,Sebulba,Especially Dangerous Dug,Hyperspace,,,,,
LAW,Sebulba's Podracer,Taking the Lead,Hyperspace,,,,,
LAW,Sebulba's Podracer,Taking the Lead,Standard,,,,,
LAW,Sebulba's Podracer,Taking the Lead,Hyperspace Foil,,,,,
LAW,Secret Battle of Pretend,,Standard,,,,,
LAW,Secret Battle of Pretend,,Hyperspace Foil,,,,,
LAW,Secret Battle of Pretend,,Hyperspace,,,,,
LAW,Shadow Cloaking,,Hyperspace,,,,,
LAW,Shadow Cloaking,,Standard,,,,,
LAW,Shadow Cloaking,,Hyperspace Foil,,,,,
LAW,Shadow of Stygeon Prime,,Hyperspace,,,,,
LAW,Shadow of Stygeon Prime,,Standard,,,,,
LAW,Shadow of Stygeon Prime,,Hyperspace Foil,,,,,
LAW,Shield,,Hyperspace,,,,,
LAW,Shield,,Standard,,,,,
LAW,Shield Drive Outfitter,,Standard,,,,,
LAW,Shield Drive Outfitter,,Hyperspace,,,,,
LAW,Shield Drive Outfitter,,Hyperspace Foil,,,,,
LAW,Shielded Hauler,,Standard,,,,,
LAW,Shielded Hauler,,Hyperspace,,,,,
LAW,Shielded Hauler,,Hyperspace Foil,,,,,
LAW,Shifty Suspects,,Hyperspace,,,,,
LAW,Shifty Suspects,,Standard,,,,,
LAW,Shifty Suspects,,Hyperspace Foil,,,,,
LAW,Shipbreaking Yard,,Standard,,,,,
LAW,Shipbreaking Yard,,Hyperspace,,,,,
LAW,Shipbreaking Yard,,Hyperspace Foil,,,,,
LAW,Single Reactor Ignition,,Standard,,,,,
LAW,Single Reactor Ignition,,Hyperspace,,,,,
LAW,Single Reactor Ignition,,Hyperspace Foil,,,,,
LAW,Smuggler's YT-2400,,Hyperspace,,,,,
LAW,Smuggler's YT-2400,,Hyperspace Foil,,,,,
LAW,Smuggler's YT-2400,,Standard,,,,,
LAW,Son-tuul Berserkers,,Hyperspace,,,,,
LAW,Son-tuul Berserkers,,Standard,,,,,
LAW,Son-tuul Berserkers,,Hyperspace Foil,,,,,
LAW,Stalwart Fleet Trooper,,Standard,,,,,
LAW,Stalwart Fleet Trooper,,Hyperspace Foil,,,,,
LAW,Stalwart Fleet Trooper,,Hyperspace,,,,,
LAW,Stockpile,,Hyperspace,,,,,
LAW,Stockpile,,Hyperspace Foil,,,,,
LAW,Stockpile,,Standard,,,,,
LAW,Storm Raider,,Hyperspace,,,,,
LAW,Storm Raider,,Hyperspace Foil,,,,,
LAW,Storm Raider,,Standard,,,,,
LAW,Street Gang Recruiter,,Hyperspace Foil,,,,,
LAW,Street Gang Recruiter,,Hyperspace,,,,,
LAW,Street Gang Recruiter,,Standard,,,,,
LAW,Stygeon Spire,,Standard,,,,,
LAW,Stygeon Spire,,Hyperspace,,,,,
LAW,Sullustan Sapper,,Hyperspace,,,,,
LAW,Sullustan Sapper,,Standard,,,,,
LAW,Sullustan Sapper,,Hyperspace Foil,,,,,
LAW,Swoop Bike Marauder,,Standard,,,,,
LAW,Swoop Bike Marauder,,Hyperspace,,,,,
LAW,Swoop Bike Marauder,,Hyperspace Foil,,,,,
LAW,Syndicate Security,,Standard,,,,,
LAW,Syndicate Security,,Hyperspace,,,,,
LAW,Syndicate Security,,Hyperspace Foil,,,,,
LAW,Syndicate Spice Runner,,Hyperspace,,,,,
LAW,Syndicate Spice Runner,,Hyperspace Foil,,,,,
LAW,Syndicate Spice Runner,,Standard,,,,,
LAW,Tantive IV,Carrying Hope,Standard,,,,,
LAW,Tantive IV,Carrying Hope,Hyperspace,,,,,
LAW,Tantive IV,Carrying Hope,Hyperspace Foil,,,,,
LAW,Taramyn Barcona,Eyes Front!,Standard,,,,,
LAW,Taramyn Barcona,Eyes Front!,Hyperspace,,,,,
LAW,Taramyn Barcona,Eyes Front!,Hyperspace Foil,,,,,
LAW,Target Tagger,,Hyperspace,,,,,
LAW,Target Tagger,,Hyperspace Foil,,,,,
LAW,Target Tagger,,Standard,,,,,
LAW,Targeted For Removal,,Hyperspace,,,,,
LAW,Targeted For Removal,,Hyperspace Foil,,,,,
LAW,Targeted For Removal,,Standard,,,,,
LAW,Tear This Ship Apart,,Hyperspace,,,,,
LAW,Tear This Ship Apart,,Hyperspace Foil,,,,,
LAW,Tear This Ship Apart,,Standard,,,,,
LAW,That's a Rock,,Hyperspace,,,,,
LAW,That's a Rock,,Standard,,,,,
LAW,That's a Rock,,Hyperspace Foil,,,,,
LAW,The Axe Forgets,,Standard,,,,,
LAW,The Axe Forgets,,Hyperspace Foil,,,,,
LAW,The Axe Forgets,,Hyperspace,,,,,
LAW,The Blade Wing,The Secret of Shantipole,Standard,,,,,
LAW,The Blade Wing,The Secret of Shantipole,Hyperspace Foil,,,,,
LAW,The Blade Wing,The Secret of Shantipole,Hyperspace,,,,,
LAW,The Client,Please Lower Your Blaster,Standard,,,,,
LAW,The Client,Please Lower Your Blaster,Showcase,,,,,
LAW,The Client,Please Lower Your Blaster,Hyperspace,,,,,
LAW,The Ghost,Home of the Spectres,Serialized Prestige,,,,,
LAW,The Ghost,Home of the Spectres,Foil Prestige,,,,,
LAW,The Ghost,Home of the Spectres,Standard Prestige,,,,,
LAW,The Ghost,Home of the Spectres,Hyperspace,,,,,
LAW,The Ghost,Home of the Spectres,Hyperspace Foil,,,,,
LAW,The Ghost,Home of the Spectres,Standard,,,,,
LAW,The Mandalorian,Let's See the Puck,Serialized Prestige,,,,,
LAW,The Mandalorian,Let's See the Puck,Foil Prestige,,,,,
LAW,The Mandalorian,Let's See the Puck,Standard,,,,,
LAW,The Mandalorian,Let's See the Puck,Standard Prestige,,,,,
LAW,The Mandalorian,Let's See the Puck,Hyperspace,,,,,
LAW,The Mandalorian,Let's See the Puck,Hyperspace Foil,,,,,
LAW,The Master Codebreaker,High Stakes,Standard,,,,,
LAW,The Master Codebreaker,High Stakes,Hyperspace Foil,,,,,
LAW,The Master Codebreaker,High Stakes,Hyperspace,,,,,
LAW,The Max Rebo Band,Jatz-Wailers,Hyperspace,,,,,
LAW,The Max Rebo Band,Jatz-Wailers,Hyperspace Foil,,,,,
LAW,The Max Rebo Band,Jatz-Wailers,Standard,,,,,
LAW,The Sarlacc of Carkoon,Horror of the Dune Sea,Hyperspace,,,,,
LAW,The Sarlacc of Carkoon,Horror of the Dune Sea,Hyperspace Foil,,,,,
LAW,The Sarlacc of Carkoon,Horror of the Dune Sea,Standard,,,,,
LAW,The Stranger,No Survivors,Hyperspace,,,,,
LAW,The Stranger,No Survivors,Standard,,,,,
LAW,The Stranger,No Survivors,Hyperspace Foil,,,,,
LAW,The Tree Remembers,,Hyperspace,,,,,
LAW,The Tree Remembers,,Hyperspace Foil,,,,,
LAW,The Tree Remembers,,Standard,,,,,
LAW,Thermal Detonator,,Hyperspace,,,,,
LAW,Thermal Detonator,,Standard,,,,,
LAW,Thermal Detonator,,Hyperspace Foil,,,,,
LAW,Tobias Beckett,People are Predictable,Standard,,,,,
LAW,Tobias Beckett,People are Predictable,Showcase,,,,,
LAW,Tobias Beckett,People are Predictable,Hyperspace,,,,,
LAW,Toydarian Technician,,Hyperspace,,,,,
LAW,Toydarian Technician,,Standard,,,,,
LAW,Toydarian Technician,,Hyperspace Foil,,,,,
LAW,Transmission Jamming,,Standard,,,,,
LAW,Transmission Jamming,,Hyperspace Foil,,,,,
LAW,Transmission Jamming,,Hyperspace,,,,,
LAW,Two-Faced Troig,,Standard,,,,,
LAW,Two-Faced Troig,,Hyperspace,,,,,
LAW,Two-Faced Troig,,Hyperspace Foil,,,,,
LAW,Undercity Hunting Team,,Hyperspace,,,,,
LAW,Undercity Hunting Team,,Hyperspace Foil,,,,,
LAW,Undercity Hunting Team,,Standard,,,,,
LAW,Unmarked Credits,,Standard,,,,,
LAW,Unmarked Credits,,Hyperspace Foil,,,,,
LAW,Unmarked Credits,,Hyperspace,,,,,
LAW,Urrr'k,Elite Sharpshooter,Standard,,,,,
LAW,Urrr'k,Elite Sharpshooter,Hyperspace Foil,,,,,
LAW,Urrr'k,Elite Sharpshooter,Hyperspace,,,,,
LAW,Val,"It's Been a Ride, Babe",Serialized Prestige,,,,,
LAW,Val,"It's Been a Ride, Babe",Foil Prestige,,,,,
LAW,Val,"It's Been a Ride, Babe",Standard Prestige,,,,,
LAW,Val,"It's Been a Ride, Babe",Hyperspace,,,,,
LAW,Val,"It's Been a Ride, Babe",Standard,,,,,
LAW,Val,"It's Been a Ride, Babe",Hyperspace Foil,,,,,
LAW,Vandor Range Troopers,,Standard,,,,,
LAW,Vandor Range Troopers,,Hyperspace,,,,,
LAW,Vandor Range Troopers,,Hyperspace Foil,,,,,
LAW,Veiled Strength,,Hyperspace,,,,,
LAW,Veiled Strength,,Hyperspace Foil,,,,,
LAW,Veiled Strength,,Standard,,,,,
LAW,Vel Sartha,Aldhani Insurgent,Standard,,,,,
LAW,Vel Sartha,Aldhani Insurgent,Showcase,,,,,
LAW,Vel Sartha,Aldhani Insurgent,Hyperspace,,,,,
LAW,Vermillion,Qi'ra's Auction House,Hyperspace,,,,,
LAW,Vermillion,Qi'ra's Auction House,Standard,,,,,
LAW,Vermillion,Qi'ra's Auction House,Hyperspace Foil,,,,,
LAW,Vigilant Scouts,,Standard,,,,,
LAW,Vigilant Scouts,,Hyperspace,,,,,
LAW,Vigilant Scouts,,Hyperspace Foil,,,,,
LAW,Vult Skerris's Defender,Secret Project,Hyperspace,,,,,
LAW,Vult Skerris's Defender,Secret Project,Hyperspace Foil,,,,,
LAW,Vult Skerris's Defender,Secret Project,Standard,,,,,
LAW,Watchful,,Standard,,,,,
LAW,Watchful,,Hyperspace,,,,,
LAW,Watchful,,Hyperspace Foil,,,,,
LAW,Weazel,Fighting Back,Hyperspace,,,,,
LAW,Weazel,Fighting Back,Hyperspace Foil,,,,,
LAW,Weazel,Fighting Back,Standard,,,,,
LAW,Weequay Pirate,,Standard,,,,,
LAW,Weequay Pirate,,Hyperspace Foil,,,,,
LAW,Weequay Pirate,,Hyperspace,,,,,
LAW,Windfall,,Standard,,,,,
LAW,Windfall,,Hyperspace Foil,,,,,
LAW,Windfall,,Hyperspace,,,,,
LAW,Wookiee Guerilla,,Hyperspace,,,,,
LAW,Wookiee Guerilla,,Standard,,,,,
LAW,Wookiee Guerilla,,Hyperspace Foil,,,,,
LAW,You Hold This,,Hyperspace,,,,,
LAW,You Hold This,,Standard,,,,,
LAW,You Hold This,,Hyperspace Foil,,,,,
LAW,Zeb Orellios,Spectre Four,Standard Prestige,,,,,
LAW,Zeb Orellios,Spectre Four,Serialized Prestige,,,,,
LAW,Zeb Orellios,Spectre Four,Foil Prestige,,,,,
LAW,Zeb Orellios,Spectre Four,Hyperspace,,,,,
LAW,Zeb Orellios,Spectre Four,Standard,,,,,
LAW,Zeb Orellios,Spectre Four,Hyperspace Foil,,,,,
LAW,Zuckuss,Dangerous,Standard,,,,,
LAW,Zuckuss,Dangerous,Hyperspace Foil,,,,,
LAW,Zuckuss,Dangerous,Hyperspace,,,,,
LOF,A Precarious Predicament,,Hyperspace Foil,,,,,
LOF,A Precarious Predicament,,Standard Foil,,,,,
LOF,A Precarious Predicament,,Hyperspace,,,,,
LOF,A Precarious Predicament,,Standard,,,,,
LOF,Acclamator Assault Ship,,Hyperspace Foil,,,,,
LOF,Acclamator Assault Ship,,Standard Foil,,,,,
LOF,Acclamator Assault Ship,,Hyperspace,,,,,
LOF,Acclamator Assault Ship,,Standard,,,,,
LOF,Acolyte of the Beyond,,Hyperspace Foil,,,,,
LOF,Acolyte of the Beyond,,Standard Foil,,,,,
LOF,Acolyte of the Beyond,,Hyperspace,,,,,
LOF,Acolyte of the Beyond,,Standard,,,,,
LOF,Adept of Anger,,Standard Foil,,,,,
LOF,Adept of Anger,,Hyperspace,,,,,
LOF,Adept of Anger,,Standard,,,,,
LOF,Adept of Anger,,Hyperspace Foil,,,,,
LOF,Adi Gallia,Stern and Focused,Hyperspace Foil,,,,,
LOF,Adi Gallia,Stern and Focused,Serialized Prestige,,,,,
LOF,Adi Gallia,Stern and Focused,Foil Prestige,,,,,
LOF,Adi Gallia,Stern and Focused,Standard Prestige,,,,,
LOF,Adi Gallia,Stern and Focused,Hyperspace,,,,,
LOF,Adi Gallia,Stern and Focused,Standard Foil,,,,,
LOF,Adi Gallia,Stern and Focused,Standard,,,,,
LOF,Ahsoka Tano,Fighting For Peace,Hyperspace,,,,,
LOF,Ahsoka Tano,Fighting For Peace,Showcase,,,,,
LOF,Ahsoka Tano,Fighting For Peace,Standard,,,,,
LOF,Always Two,,Hyperspace Foil,,,,,
LOF,Always Two,,Standard Foil,,,,,
LOF,Always Two,,Hyperspace,,,,,
LOF,Always Two,,Standard,,,,,
LOF,Anakin Skywalker,Tempted by the Dark Side,Hyperspace,,,,,
LOF,Anakin Skywalker,Tempted by the Dark Side,Showcase,,,,,
LOF,Anakin Skywalker,Champion of Mortis,Hyperspace Foil,,,,,
LOF,Anakin Skywalker,Force Prodigy,Standard Foil,,,,,
LOF,Anakin Skywalker,Force Prodigy,Foil Prestige,,,,,
LOF,Anakin Skywalker,Champion of Mortis,Standard Foil,,,,,
LOF,Anakin Skywalker,Force Prodigy,Hyperspace,,,,,
LOF,Anakin Skywalker,Force Prodigy,Serialized Prestige,,,,,
LOF,Anakin Skywalker,Champion of Mortis,Hyperspace,,,,,
LOF,Anakin Skywalker,Force Prodigy,Standard,,,,,
LOF,Anakin Skywalker,Champion of Mortis,Serialized Prestige,,,,,
LOF,Anakin Skywalker,Force Prodigy,Standard Prestige,,,,,
LOF,Anakin Skywalker,Champion of Mortis,Foil Prestige,,,,,
LOF,Anakin Skywalker,Champion of Mortis,Standard,,,,,
LOF,Anakin Skywalker,Tempted by the Dark Side,Standard,,,,,
LOF,Anakin Skywalker,Champion of Mortis,Standard Prestige,,,,,
LOF,Anakin Skywalker,Force Prodigy,Hyperspace Foil,,,,,
LOF,Army of the Dead,,Standard Foil,,,,,
LOF,Army of the Dead,,Hyperspace Foil,,,,,
LOF,Army of the Dead,,Hyperspace,,,,,
LOF,Army of the Dead,,Standard,,,,,
LOF,As I Have Foreseen,,Standard Foil,,,,,
LOF,As I Have Foreseen,,Hyperspace,,,,,
LOF,As I Have Foreseen,,Standard,,,,,
LOF,As I Have Foreseen,,Hyperspace Foil,,,,,
LOF,Asajj Ventress,Harden Your Heart,Standard Foil,,,,,
LOF,Asajj Ventress,Harden Your Heart,Hyperspace,,,,,
LOF,Asajj Ventress,Harden Your Heart,Standard,,,,,
LOF,Asajj Ventress,Harden Your Heart,Hyperspace Foil,,,,,
LOF,Ascension Cable,,Standard Foil,,,,,
LOF,Ascension Cable,,Hyperspace,,,,,
LOF,Ascension Cable,,Standard,,,,,
LOF,Ascension Cable,,Hyperspace Foil,,,,,
LOF,Ataru Onslaught,,Standard Foil,,,,,
LOF,Ataru Onslaught,,Hyperspace,,,,,
LOF,Ataru Onslaught,,Standard,,,,,
LOF,Ataru Onslaught,,Hyperspace Foil,,,,,
LOF,Attuned Fyrnock,,Standard Foil,,,,,
LOF,Attuned Fyrnock,,Hyperspace Foil,,,,,
LOF,Attuned Fyrnock,,Hyperspace,,,,,
LOF,Attuned Fyrnock,,Standard,,,,,
LOF,Aurra Sing,Patient and Deadly,Standard Foil,,,,,
LOF,Aurra Sing,Patient and Deadly,Hyperspace,,,,,
LOF,Aurra Sing,Patient and Deadly,Standard,,,,,
LOF,Aurra Sing,Patient and Deadly,Hyperspace Foil,,,,,
LOF,Avar Kriss,Marshal of Starlight,Showcase,,,,,
LOF,Avar Kriss,Marshal of Starlight,Hyperspace,,,,,
LOF,Avar Kriss,Marshal of Starlight,Standard,,,,,
LOF,Awakened Specters,,Hyperspace Foil,,,,,
LOF,Awakened Specters,,Standard Foil,,,,,
LOF,Awakened Specters,,Hyperspace,,,,,
LOF,Awakened Specters,,Standard,,,,,
LOF,Axe Woves,Accomplished Warrior,Hyperspace Foil,,,,,
LOF,Axe Woves,Accomplished Warrior,Standard Foil,,,,,
LOF,Axe Woves,Accomplished Warrior,Hyperspace,,,,,
LOF,Axe Woves,Accomplished Warrior,Standard,,,,,
LOF,Babu Frik,Heyyy!,Hyperspace Foil,,,,,
LOF,Babu Frik,Heyyy!,Standard Foil,,,,,
LOF,Babu Frik,Heyyy!,Hyperspace,,,,,
LOF,Babu Frik,Heyyy!,Standard,,,,,
LOF,Banking Clan Shuttle,,Standard Foil,,,,,
LOF,Banking Clan Shuttle,,Hyperspace,,,,,
LOF,Banking Clan Shuttle,,Standard,,,,,
LOF,Banking Clan Shuttle,,Hyperspace Foil,,,,,
LOF,Barriss Offee,We Have Become Villains,Hyperspace,,,,,
LOF,Barriss Offee,We Have Become Villains,Showcase,,,,,
LOF,Barriss Offee,We Have Become Villains,Standard,,,,,
LOF,Battle Fury,,Hyperspace Foil,,,,,
LOF,Battle Fury,,Standard Foil,,,,,
LOF,Battle Fury,,Hyperspace,,,,,
LOF,Battle Fury,,Standard,,,,,
LOF,Baylan Skoll,Enigmatic Master,Standard Prestige,,,,,
LOF,Baylan Skoll,Enigmatic Master,Foil Prestige,,,,,
LOF,Baylan Skoll,Enigmatic Master,Standard Foil,,,,,
LOF,Baylan Skoll,Enigmatic Master,Hyperspace,,,,,
LOF,Baylan Skoll,Enigmatic Master,Standard,,,,,
LOF,Baylan Skoll,Enigmatic Master,Serialized Prestige,,,,,
LOF,Baylan Skoll,Enigmatic Master,Hyperspace Foil,,,,,
LOF,BD-1,Beep Boo Boo Bweep,Standard Foil,,,,,
LOF,BD-1,Beep Boo Boo Bweep,Hyperspace,,,,,
LOF,BD-1,Beep Boo Boo Bweep,Standard,,,,,
LOF,BD-1,Beep Boo Boo Bweep,Hyperspace Foil,,,,,
LOF,Bendu,Do You Fear the Storm?,Standard Prestige,,,,,
LOF,Bendu,Do You Fear the Storm?,Standard Foil,,,,,
LOF,Bendu,Do You Fear the Storm?,Hyperspace,,,,,
LOF,Bendu,Do You Fear the Storm?,Foil Prestige,,,,,
LOF,Bendu,Do You Fear the Storm?,Standard,,,,,
LOF,Bendu,Do You Fear the Storm?,Serialized Prestige,,,,,
LOF,Bendu,Do You Fear the Storm?,Hyperspace Foil,,,,,
LOF,Blockade Runner,,Standard Foil,,,,,
LOF,Blockade Runner,,Hyperspace,,,,,
LOF,Blockade Runner,,Standard,,,,,
LOF,Blockade Runner,,Hyperspace Foil,,,,,
LOF,Blue Squadron Assault Wing,,Hyperspace Foil,,,,,
LOF,Blue Squadron Assault Wing,,Standard Foil,,,,,
LOF,Blue Squadron Assault Wing,,Hyperspace,,,,,
LOF,Blue Squadron Assault Wing,,Standard,,,,,
LOF,Bolstered Endurance,,Hyperspace Foil,,,,,
LOF,Bolstered Endurance,,Standard Foil,,,,,
LOF,Bolstered Endurance,,Hyperspace,,,,,
LOF,Bolstered Endurance,,Standard,,,,,
LOF,Cal Kestis,I Can't Keep Hiding,Showcase,,,,,
LOF,Cal Kestis,I Can't Keep Hiding,Hyperspace,,,,,
LOF,Cal Kestis,I Can't Keep Hiding,Standard,,,,,
LOF,Calm in the Storm,,Hyperspace Foil,,,,,
LOF,Calm in the Storm,,Standard Foil,,,,,
LOF,Calm in the Storm,,Hyperspace,,,,,
LOF,Calm in the Storm,,Standard,,,,,
LOF,Captain Enoch,Captain of the Guard,Hyperspace Foil,,,,,
LOF,Captain Enoch,Captain of the Guard,Standard Foil,,,,,
LOF,Captain Enoch,Captain of the Guard,Hyperspace,,,,,
LOF,Captain Enoch,Captain of the Guard,Standard,,,,,
LOF,Caretaker Matron,,Hyperspace Foil,,,,,
LOF,Caretaker Matron,,Standard Foil,,,,,
LOF,Caretaker Matron,,Hyperspace,,,,,
LOF,Caretaker Matron,,Standard,,,,,
LOF,Cartel Interceptor,,Hyperspace Foil,,,,,
LOF,Cartel Interceptor,,Standard Foil,,,,,
LOF,Cartel Interceptor,,Hyperspace,,,,,
LOF,Cartel Interceptor,,Standard,,,,,
LOF,Charging Phillak,,Hyperspace Foil,,,,,
LOF,Charging Phillak,,Standard Foil,,,,,
LOF,Charging Phillak,,Hyperspace,,,,,
LOF,Charging Phillak,,Standard,,,,,
LOF,Chirrut Îmwe,"Blind, but not Deaf",Serialized Prestige,,,,,
LOF,Chirrut Îmwe,"Blind, but not Deaf",Foil Prestige,,,,,
LOF,Chirrut Îmwe,"Blind, but not Deaf",Standard Prestige,,,,,
LOF,Chirrut Îmwe,"Blind, but not Deaf",Hyperspace Foil,,,,,
LOF,Chirrut Îmwe,"Blind, but not Deaf",Standard Foil,,,,,
LOF,Chirrut Îmwe,"Blind, but not Deaf",Hyperspace,,,,,
LOF,Chirrut Îmwe,"Blind, but not Deaf",Standard,,,,,
LOF,Cin Drallig,Esteemed Blademaster,Serialized Prestige,,,,,
LOF,Cin Drallig,Esteemed Blademaster,Foil Prestige,,,,,
LOF,Cin Drallig,Esteemed Blademaster,Hyperspace Foil,,,,,
LOF,Cin Drallig,Esteemed Blademaster,Standard Prestige,,,,,
LOF,Cin Drallig,Esteemed Blademaster,Standard Foil,,,,,
LOF,Cin Drallig,Esteemed Blademaster,Hyperspace,,,,,
LOF,Cin Drallig,Esteemed Blademaster,Standard,,,,,
LOF,Constructed Lightsaber,,Standard Foil,,,,,
LOF,Constructed Lightsaber,,Hyperspace,,,,,
LOF,Constructed Lightsaber,,Hyperspace Foil,,,,,
LOF,Constructed Lightsaber,,Standard,,,,,
LOF,Consumed by the Dark Side,,Hyperspace Foil,,,,,
LOF,Consumed by the Dark Side,,Standard Foil,,,,,
LOF,Consumed by the Dark Side,,Hyperspace,,,,,
LOF,Consumed by the Dark Side,,Standard,,,,,
LOF,Corrupted Saber,,Standard Foil,,,,,
LOF,Corrupted Saber,,Hyperspace,,,,,
LOF,Corrupted Saber,,Standard,,,,,
LOF,Corrupted Saber,,Hyperspace Foil,,,,,
LOF,Craving Power,,Standard Foil,,,,,
LOF,Craving Power,,Hyperspace Foil,,,,,
LOF,Craving Power,,Hyperspace,,,,,
LOF,Craving Power,,Standard,,,,,
LOF,Crushing Blow,,Hyperspace Foil,,,,,
LOF,Crushing Blow,,Standard Foil,,,,,
LOF,Crushing Blow,,Hyperspace,,,,,
LOF,Crushing Blow,,Standard,,,,,
LOF,Crystal Caves,,Hyperspace,,,,,
LOF,Crystal Caves,,Standard,,,,,
LOF,Cure Wounds,,Hyperspace Foil,,,,,
LOF,Cure Wounds,,Standard Foil,,,,,
LOF,Cure Wounds,,Hyperspace,,,,,
LOF,Cure Wounds,,Standard,,,,,
LOF,Curious Flock,,Hyperspace Foil,,,,,
LOF,Curious Flock,,Standard Foil,,,,,
LOF,Curious Flock,,Hyperspace,,,,,
LOF,Curious Flock,,Standard,,,,,
LOF,Dagoyan Master,,Hyperspace Foil,,,,,
LOF,Dagoyan Master,,Standard Foil,,,,,
LOF,Dagoyan Master,,Hyperspace,,,,,
LOF,Dagoyan Master,,Standard,,,,,
LOF,Darth Malak,Covetous Apprentice,Standard Prestige,,,,,
LOF,Darth Malak,Covetous Apprentice,Hyperspace Foil,,,,,
LOF,Darth Malak,Covetous Apprentice,Standard Foil,,,,,
LOF,Darth Malak,Covetous Apprentice,Serialized Prestige,,,,,
LOF,Darth Malak,Covetous Apprentice,Hyperspace,,,,,
LOF,Darth Malak,Covetous Apprentice,Standard,,,,,
LOF,Darth Malak,Covetous Apprentice,Foil Prestige,,,,,
LOF,Darth Maul,Sith Revealed,Hyperspace,,,,,
LOF,Darth Maul,Sith Revealed,Showcase,,,,,
LOF,Darth Maul,Sith Revealed,Standard,,,,,
LOF,Darth Maul's Lightsaber,,Hyperspace Foil,,,,,
LOF,Darth Maul's Lightsaber,,Standard Foil,,,,,
LOF,Darth Maul's Lightsaber,,Hyperspace,,,,,
LOF,Darth Maul's Lightsaber,,Standard,,,,,
LOF,Darth Revan,Scourge of the Old Republic,Hyperspace,,,,,
LOF,Darth Revan,Scourge of the Old Republic,Showcase,,,,,
LOF,Darth Revan,Scourge of the Old Republic,Standard,,,,,
LOF,Darth Revan's Lightsabers,,Hyperspace Foil,,,,,
LOF,Darth Revan's Lightsabers,,Standard Foil,,,,,
LOF,Darth Revan's Lightsabers,,Hyperspace,,,,,
LOF,Darth Revan's Lightsabers,,Standard,,,,,
LOF,Darth Sidious,The Phantom Menace,Hyperspace Foil,,,,,
LOF,Darth Sidious,The Phantom Menace,Standard Foil,,,,,
LOF,Darth Sidious,The Phantom Menace,Hyperspace,,,,,
LOF,Darth Sidious,The Phantom Menace,Standard,,,,,
LOF,Darth Tyranus,Servant of Sidious,Hyperspace Foil,,,,,
LOF,Darth Tyranus,Servant of Sidious,Standard Foil,,,,,
LOF,Darth Tyranus,Servant of Sidious,Hyperspace,,,,,
LOF,Darth Tyranus,Servant of Sidious,Standard,,,,,
LOF,Darth Vader,Twilight of the Apprentice,Foil Prestige,,,,,
LOF,Darth Vader,Twilight of the Apprentice,Standard Prestige,,,,,
LOF,Darth Vader,Twilight of the Apprentice,Hyperspace Foil,,,,,
LOF,Darth Vader,Twilight of the Apprentice,Serialized Prestige,,,,,
LOF,Darth Vader,Twilight of the Apprentice,Standard Foil,,,,,
LOF,Darth Vader,Twilight of the Apprentice,Hyperspace,,,,,
LOF,Darth Vader,Twilight of the Apprentice,Standard,,,,,
LOF,Death Field,,Hyperspace Foil,,,,,
LOF,Death Field,,Standard Foil,,,,,
LOF,Death Field,,Hyperspace,,,,,
LOF,Death Field,,Standard,,,,,
LOF,Deceptive Shade,,Standard Foil,,,,,
LOF,Deceptive Shade,,Hyperspace,,,,,
LOF,Deceptive Shade,,Standard,,,,,
LOF,Deceptive Shade,,Hyperspace Foil,,,,,
LOF,Depa Billaba,A Higher Purpose,Standard Prestige,,,,,
LOF,Depa Billaba,A Higher Purpose,Standard Foil,,,,,
LOF,Depa Billaba,A Higher Purpose,Foil Prestige,,,,,
LOF,Depa Billaba,A Higher Purpose,Hyperspace,,,,,
LOF,Depa Billaba,A Higher Purpose,Serialized Prestige,,,,,
LOF,Depa Billaba,A Higher Purpose,Standard,,,,,
LOF,Depa Billaba,A Higher Purpose,Hyperspace Foil,,,,,
LOF,Directed by the Force,,Hyperspace Foil,,,,,
LOF,Directed by the Force,,Standard Foil,,,,,
LOF,Directed by the Force,,Hyperspace,,,,,
LOF,Directed by the Force,,Standard,,,,,
LOF,Disturbance in the Force,,Hyperspace Foil,,,,,
LOF,Disturbance in the Force,,Standard Foil,,,,,
LOF,Disturbance in the Force,,Hyperspace,,,,,
LOF,Disturbance in the Force,,Standard,,,,,
LOF,Do or Do Not,,Standard Foil,,,,,
LOF,Do or Do Not,,Hyperspace,,,,,
LOF,Do or Do Not,,Standard,,,,,
LOF,Do or Do Not,,Hyperspace Foil,,,,,
LOF,Dooku,It Is Too Late,Serialized Prestige,,,,,
LOF,Dooku,It Is Too Late,Foil Prestige,,,,,
LOF,Dooku,It Is Too Late,Hyperspace Foil,,,,,
LOF,Dooku,It Is Too Late,Standard Prestige,,,,,
LOF,Dooku,It Is Too Late,Standard Foil,,,,,
LOF,Dooku,It Is Too Late,Hyperspace,,,,,
LOF,Dooku,It Is Too Late,Standard,,,,,
LOF,Drain Essence,,Hyperspace Foil,,,,,
LOF,Drain Essence,,Standard Foil,,,,,
LOF,Drain Essence,,Hyperspace,,,,,
LOF,Drain Essence,,Standard,,,,,
LOF,Drengir Spawn,,Hyperspace Foil,,,,,
LOF,Drengir Spawn,,Standard Foil,,,,,
LOF,Drengir Spawn,,Hyperspace,,,,,
LOF,Drengir Spawn,,Standard,,,,,
LOF,DRK-1 Probe Droid,,Standard Foil,,,,,
LOF,DRK-1 Probe Droid,,Hyperspace,,,,,
LOF,DRK-1 Probe Droid,,Hyperspace Foil,,,,,
LOF,DRK-1 Probe Droid,,Standard,,,,,
LOF,Dume,Redeem the Future,Foil Prestige,,,,,
LOF,Dume,Redeem the Future,Serialized Prestige,,,,,
LOF,Dume,Redeem the Future,Standard Prestige,,,,,
LOF,Dume,Redeem the Future,Hyperspace Foil,,,,,
LOF,Dume,Redeem the Future,Standard Foil,,,,,
LOF,Dume,Redeem the Future,Hyperspace,,,,,
LOF,Dume,Redeem the Future,Standard,,,,,
LOF,Eeth Koth,Spiritual Warrior,Serialized Prestige,,,,,
LOF,Eeth Koth,Spiritual Warrior,Foil Prestige,,,,,
LOF,Eeth Koth,Spiritual Warrior,Standard Prestige,,,,,
LOF,Eeth Koth,Spiritual Warrior,Hyperspace Foil,,,,,
LOF,Eeth Koth,Spiritual Warrior,Standard Foil,,,,,
LOF,Eeth Koth,Spiritual Warrior,Hyperspace,,,,,
LOF,Eeth Koth,Spiritual Warrior,Standard,,,,,
LOF,Eighth Brother,Hunt Together,Hyperspace Foil,,,,,
LOF,Eighth Brother,Hunt Together,Standard Prestige,,,,,
LOF,Eighth Brother,Hunt Together,Standard Foil,,,,,
LOF,Eighth Brother,Hunt Together,Foil Prestige,,,,,
LOF,Eighth Brother,Hunt Together,Hyperspace,,,,,
LOF,Eighth Brother,Hunt Together,Standard,,,,,
LOF,Eighth Brother,Hunt Together,Serialized Prestige,,,,,
LOF,Exegol Patroller,,Hyperspace Foil,,,,,
LOF,Exegol Patroller,,Standard Foil,,,,,
LOF,Exegol Patroller,,Hyperspace,,,,,
LOF,Exegol Patroller,,Standard,,,,,
LOF,Eye of Sion,To Peridea,Hyperspace Foil,,,,,
LOF,Eye of Sion,To Peridea,Standard Foil,,,,,
LOF,Eye of Sion,To Peridea,Hyperspace,,,,,
LOF,Eye of Sion,To Peridea,Standard,,,,,
LOF,Ezra Bridger,Attuned With Life,Serialized Prestige,,,,,
LOF,Ezra Bridger,Attuned With Life,Foil Prestige,,,,,
LOF,Ezra Bridger,Attuned With Life,Hyperspace Foil,,,,,
LOF,Ezra Bridger,Attuned With Life,Standard Foil,,,,,
LOF,Ezra Bridger,Attuned With Life,Hyperspace,,,,,
LOF,Ezra Bridger,Attuned With Life,Standard Prestige,,,,,
LOF,Ezra Bridger,Attuned With Life,Standard,,,,,
LOF,Fallen Jedi,,Hyperspace Foil,,,,,
LOF,Fallen Jedi,,Standard Foil,,,,,
LOF,Fallen Jedi,,Hyperspace,,,,,
LOF,Fallen Jedi,,Standard,,,,,
LOF,Flight of the Inquisitor,,Hyperspace Foil,,,,,
LOF,Flight of the Inquisitor,,Standard Foil,,,,,
LOF,Flight of the Inquisitor,,Hyperspace,,,,,
LOF,Flight of the Inquisitor,,Standard,,,,,
LOF,Focus Determines Reality,,Hyperspace Foil,,,,,
LOF,Focus Determines Reality,,Standard Foil,,,,,
LOF,Focus Determines Reality,,Hyperspace,,,,,
LOF,Focus Determines Reality,,Standard,,,,,
LOF,Following the Path,,Hyperspace Foil,,,,,
LOF,Following the Path,,Standard Foil,,,,,
LOF,Following the Path,,Hyperspace,,,,,
LOF,Following the Path,,Standard,,,,,
LOF,Force Illusion,,Standard Foil,,,,,
LOF,Force Illusion,,Hyperspace,,,,,
LOF,Force Illusion,,Hyperspace Foil,,,,,
LOF,Force Illusion,,Standard,,,,,
LOF,Force Slow,,Standard Foil,,,,,
LOF,Force Slow,,Hyperspace Foil,,,,,
LOF,Force Slow,,Hyperspace,,,,,
LOF,Force Slow,,Standard,,,,,
LOF,Force Speed,,Hyperspace Foil,,,,,
LOF,Force Speed,,Standard Foil,,,,,
LOF,Force Speed,,Hyperspace,,,,,
LOF,Force Speed,,Standard,,,,,
LOF,Forged Starfighter,,Hyperspace Foil,,,,,
LOF,Forged Starfighter,,Standard Foil,,,,,
LOF,Forged Starfighter,,Hyperspace,,,,,
LOF,Forged Starfighter,,Standard,,,,,
LOF,Fortress Vader,,Hyperspace,,,,,
LOF,Fortress Vader,,Standard,,,,,
LOF,Gifted Urchin,,Hyperspace Foil,,,,,
LOF,Gifted Urchin,,Standard Foil,,,,,
LOF,Gifted Urchin,,Hyperspace,,,,,
LOF,Gifted Urchin,,Standard,,,,,
LOF,Go Into Hiding,,Standard Foil,,,,,
LOF,Go Into Hiding,,Hyperspace,,,,,
LOF,Go Into Hiding,,Hyperspace Foil,,,,,
LOF,Go Into Hiding,,Standard,,,,,
LOF,Graceful Purrgil,,Hyperspace Foil,,,,,
LOF,Graceful Purrgil,,Standard Foil,,,,,
LOF,Graceful Purrgil,,Hyperspace,,,,,
LOF,Graceful Purrgil,,Standard,,,,,
LOF,Grand Inquisitor,You're Right to Be Afraid,Foil Prestige,,,,,
LOF,Grand Inquisitor,Stories Travel Quickly,Hyperspace,,,,,
LOF,Grand Inquisitor,You're Right to Be Afraid,Hyperspace Foil,,,,,
LOF,Grand Inquisitor,You're Right to Be Afraid,Standard Prestige,,,,,
LOF,Grand Inquisitor,You're Right to Be Afraid,Standard Foil,,,,,
LOF,Grand Inquisitor,You're Right to Be Afraid,Hyperspace,,,,,
LOF,Grand Inquisitor,You're Right to Be Afraid,Standard,,,,,
LOF,Grand Inquisitor,Stories Travel Quickly,Showcase,,,,,
LOF,Grand Inquisitor,Stories Travel Quickly,Standard,,,,,
LOF,Grand Inquisitor,You're Right to Be Afraid,Serialized Prestige,,,,,
LOF,Grappling Guardian,,Hyperspace Foil,,,,,
LOF,Grappling Guardian,,Standard Foil,,,,,
LOF,Grappling Guardian,,Hyperspace,,,,,
LOF,Grappling Guardian,,Standard,,,,,
LOF,Grogu,Mysterious Child,Hyperspace Foil,,,,,
LOF,Grogu,Mysterious Child,Foil Prestige,,,,,
LOF,Grogu,Mysterious Child,Serialized Prestige,,,,,
LOF,Grogu,Mysterious Child,Standard Prestige,,,,,
LOF,Grogu,Mysterious Child,Hyperspace,,,,,
LOF,Grogu,Mysterious Child,Standard,,,,,
LOF,Grogu,Mysterious Child,Standard Foil,,,,,
LOF,Guardian of the Whills,,Hyperspace Foil,,,,,
LOF,Guardian of the Whills,,Standard Foil,,,,,
LOF,Guardian of the Whills,,Hyperspace,,,,,
LOF,Guardian of the Whills,,Standard,,,,,
LOF,Gungan Warrior,,Hyperspace Foil,,,,,
LOF,Gungan Warrior,,Standard Foil,,,,,
LOF,Gungan Warrior,,Hyperspace,,,,,
LOF,Gungan Warrior,,Standard,,,,,
LOF,Gungi,Finding Himself,Foil Prestige,,,,,
LOF,Gungi,Finding Himself,Standard Prestige,,,,,
LOF,Gungi,Finding Himself,Hyperspace Foil,,,,,
LOF,Gungi,Finding Himself,Standard Foil,,,,,
LOF,Gungi,Finding Himself,Hyperspace,,,,,
LOF,Gungi,Finding Himself,Serialized Prestige,,,,,
LOF,Gungi,Finding Himself,Standard,,,,,
LOF,Heavy Blaster Cannon,,Standard Foil,,,,,
LOF,Heavy Blaster Cannon,,Hyperspace,,,,,
LOF,Heavy Blaster Cannon,,Standard,,,,,
LOF,Heavy Blaster Cannon,,Hyperspace Foil,,,,,
LOF,Heavy Missile Gunship,,Hyperspace Foil,,,,,
LOF,Heavy Missile Gunship,,Standard Foil,,,,,
LOF,Heavy Missile Gunship,,Hyperspace,,,,,
LOF,Heavy Missile Gunship,,Standard,,,,,
LOF,Heirloom Lightsaber,,Hyperspace Foil,,,,,
LOF,Heirloom Lightsaber,,Standard Foil,,,,,
LOF,Heirloom Lightsaber,,Hyperspace,,,,,
LOF,Heirloom Lightsaber,,Standard,,,,,
LOF,Hive Defense Wing,,Hyperspace Foil,,,,,
LOF,Hive Defense Wing,,Standard Foil,,,,,
LOF,Hive Defense Wing,,Hyperspace,,,,,
LOF,Hive Defense Wing,,Standard,,,,,
LOF,HK-47,"Exclamation: Die, Meatbag!",Hyperspace Foil,,,,,
LOF,HK-47,"Exclamation: Die, Meatbag!",Standard Foil,,,,,
LOF,HK-47,"Exclamation: Die, Meatbag!",Hyperspace,,,,,
LOF,HK-47,"Exclamation: Die, Meatbag!",Standard,,,,,
LOF,HK-87 Assassin Droid,,Hyperspace Foil,,,,,
LOF,HK-87 Assassin Droid,,Standard Foil,,,,,
LOF,HK-87 Assassin Droid,,Hyperspace,,,,,
LOF,HK-87 Assassin Droid,,Standard,,,,,
LOF,Hunting Nexu,,Hyperspace Foil,,,,,
LOF,Hunting Nexu,,Standard Foil,,,,,
LOF,Hunting Nexu,,Hyperspace,,,,,
LOF,Hunting Nexu,,Standard,,,,,
LOF,Hyena Bomber,,Standard Foil,,,,,
LOF,Hyena Bomber,,Hyperspace Foil,,,,,
LOF,Hyena Bomber,,Hyperspace,,,,,
LOF,Hyena Bomber,,Standard,,,,,
LOF,Hyperspace Wayfarer,,Hyperspace Foil,,,,,
LOF,Hyperspace Wayfarer,,Standard Foil,,,,,
LOF,Hyperspace Wayfarer,,Hyperspace,,,,,
LOF,Hyperspace Wayfarer,,Standard,,,,,
LOF,Impossible Escape,,Standard Foil,,,,,
LOF,Impossible Escape,,Hyperspace,,,,,
LOF,Impossible Escape,,Hyperspace Foil,,,,,
LOF,Impossible Escape,,Standard,,,,,
LOF,In the Shadows,,Standard Foil,,,,,
LOF,In the Shadows,,Hyperspace,,,,,
LOF,In the Shadows,,Hyperspace Foil,,,,,
LOF,In the Shadows,,Standard,,,,,
LOF,Infused Brawler,,Hyperspace Foil,,,,,
LOF,Infused Brawler,,Standard Foil,,,,,
LOF,Infused Brawler,,Hyperspace,,,,,
LOF,Infused Brawler,,Standard,,,,,
LOF,Inquisitor's Lightsaber,,Hyperspace Foil,,,,,
LOF,Inquisitor's Lightsaber,,Standard Foil,,,,,
LOF,Inquisitor's Lightsaber,,Hyperspace,,,,,
LOF,Inquisitor's Lightsaber,,Standard,,,,,
LOF,Invasion Control Ship,,Standard Foil,,,,,
LOF,Invasion Control Ship,,Hyperspace,,,,,
LOF,Invasion Control Ship,,Standard,,,,,
LOF,Invasion Control Ship,,Hyperspace Foil,,,,,
LOF,It's Worse,,Hyperspace Foil,,,,,
LOF,It's Worse,,Standard Foil,,,,,
LOF,It's Worse,,Hyperspace,,,,,
LOF,It's Worse,,Standard,,,,,
LOF,Itinerant Warrior,,Hyperspace Foil,,,,,
LOF,Itinerant Warrior,,Standard Foil,,,,,
LOF,Itinerant Warrior,,Hyperspace,,,,,
LOF,Itinerant Warrior,,Standard,,,,,
LOF,J-Type Nubian Starship,,Standard Foil,,,,,
LOF,J-Type Nubian Starship,,Hyperspace,,,,,
LOF,J-Type Nubian Starship,,Standard,,,,,
LOF,J-Type Nubian Starship,,Hyperspace Foil,,,,,
LOF,Jedi Consular,,Hyperspace Foil,,,,,
LOF,Jedi Consular,,Standard Foil,,,,,
LOF,Jedi Consular,,Hyperspace,,,,,
LOF,Jedi Consular,,Standard,,,,,
LOF,Jedi Guardian,,Hyperspace Foil,,,,,
LOF,Jedi Guardian,,Standard Foil,,,,,
LOF,Jedi Guardian,,Hyperspace,,,,,
LOF,Jedi Guardian,,Standard,,,,,
LOF,Jedi Holocron,,Hyperspace Foil,,,,,
LOF,Jedi Holocron,,Standard Foil,,,,,
LOF,Jedi Holocron,,Hyperspace,,,,,
LOF,Jedi Holocron,,Standard,,,,,
LOF,Jedi In Hiding,,Hyperspace Foil,,,,,
LOF,Jedi In Hiding,,Standard Foil,,,,,
LOF,Jedi In Hiding,,Hyperspace,,,,,
LOF,Jedi In Hiding,,Standard,,,,,
LOF,Jedi Knight,,Hyperspace Foil,,,,,
LOF,Jedi Knight,,Standard Foil,,,,,
LOF,Jedi Knight,,Hyperspace,,,,,
LOF,Jedi Knight,,Standard,,,,,
LOF,Jedi Sentinel,,Standard Foil,,,,,
LOF,Jedi Sentinel,,Hyperspace,,,,,
LOF,Jedi Sentinel,,Standard,,,,,
LOF,Jedi Sentinel,,Hyperspace Foil,,,,,
LOF,Jedi Starfighter,,Hyperspace Foil,,,,,
LOF,Jedi Starfighter,,Standard Foil,,,,,
LOF,Jedi Starfighter,,Hyperspace,,,,,
LOF,Jedi Starfighter,,Standard,,,,,
LOF,Jedi Temple,,Hyperspace,,,,,
LOF,Jedi Temple,,Standard,,,,,
LOF,Jedi Temple Guards,,Hyperspace Foil,,,,,
LOF,Jedi Temple Guards,,Standard Foil,,,,,
LOF,Jedi Temple Guards,,Hyperspace,,,,,
LOF,Jedi Temple Guards,,Standard,,,,,
LOF,Jedi Trials,,Hyperspace Foil,,,,,
LOF,Jedi Trials,,Standard Foil,,,,,
LOF,Jedi Trials,,Hyperspace,,,,,
LOF,Jedi Trials,,Standard,,,,,
LOF,Jedi Vector,,Hyperspace Foil,,,,,
LOF,Jedi Vector,,Standard Foil,,,,,
LOF,Jedi Vector,,Hyperspace,,,,,
LOF,Jedi Vector,,Standard,,,,,
LOF,Jocasta Nu,The Gift of Knowledge,Foil Prestige,,,,,
LOF,Jocasta Nu,The Gift of Knowledge,Serialized Prestige,,,,,
LOF,Jocasta Nu,The Gift of Knowledge,Standard Prestige,,,,,
LOF,Jocasta Nu,The Gift of Knowledge,Hyperspace Foil,,,,,
LOF,Jocasta Nu,The Gift of Knowledge,Standard Foil,,,,,
LOF,Jocasta Nu,The Gift of Knowledge,Hyperspace,,,,,
LOF,Jocasta Nu,The Gift of Knowledge,Standard,,,,,
LOF,Kaadu,,Hyperspace Foil,,,,,
LOF,Kaadu,,Standard Foil,,,,,
LOF,Kaadu,,Hyperspace,,,,,
LOF,Kaadu,,Standard,,,,,
LOF,Kanan Jarrus,Help Us Survive,Hyperspace,,,,,
LOF,Kanan Jarrus,Help Us Survive,Showcase,,,,,
LOF,Kanan Jarrus,Help Us Survive,Standard,,,,,
LOF,Karis,We Don't Like Strangers,Serialized Prestige,,,,,
LOF,Karis,We Don't Like Strangers,Hyperspace Foil,,,,,
LOF,Karis,We Don't Like Strangers,Foil Prestige,,,,,
LOF,Karis,We Don't Like Strangers,Standard Foil,,,,,
LOF,Karis,We Don't Like Strangers,Hyperspace,,,,,
LOF,Karis,We Don't Like Strangers,Standard Prestige,,,,,
LOF,Karis,We Don't Like Strangers,Standard,,,,,
LOF,Kelleran Beq,The Sabered Hand,Hyperspace Foil,,,,,
LOF,Kelleran Beq,The Sabered Hand,Serialized Prestige,,,,,
LOF,Kelleran Beq,The Sabered Hand,Standard Foil,,,,,
LOF,Kelleran Beq,The Sabered Hand,Hyperspace,,,,,
LOF,Kelleran Beq,The Sabered Hand,Standard Prestige,,,,,
LOF,Kelleran Beq,The Sabered Hand,Foil Prestige,,,,,
LOF,Kelleran Beq,The Sabered Hand,Standard,,,,,
LOF,Ki-Adi-Mundi,We Must Push On,Serialized Prestige,,,,,
LOF,Ki-Adi-Mundi,We Must Push On,Foil Prestige,,,,,
LOF,Ki-Adi-Mundi,We Must Push On,Standard Prestige,,,,,
LOF,Ki-Adi-Mundi,We Must Push On,Hyperspace Foil,,,,,
LOF,Ki-Adi-Mundi,We Must Push On,Standard Foil,,,,,
LOF,Ki-Adi-Mundi,We Must Push On,Hyperspace,,,,,
LOF,Ki-Adi-Mundi,We Must Push On,Standard,,,,,
LOF,Kit Fisto,Focused Jedi Master,Showcase,,,,,
LOF,Kit Fisto,Focused Jedi Master,Hyperspace,,,,,
LOF,Kit Fisto,Focused Jedi Master,Standard,,,,,
LOF,Kit Fisto's Aethersprite,Good Hunting,Hyperspace Foil,,,,,
LOF,Kit Fisto's Aethersprite,Good Hunting,Standard Foil,,,,,
LOF,Kit Fisto's Aethersprite,Good Hunting,Hyperspace,,,,,
LOF,Kit Fisto's Aethersprite,Good Hunting,Standard,,,,,
LOF,Knight of Ren,,Hyperspace Foil,,,,,
LOF,Knight of Ren,,Standard Foil,,,,,
LOF,Knight of Ren,,Hyperspace,,,,,
LOF,Knight of Ren,,Standard,,,,,
LOF,Knight's Saber,,Hyperspace Foil,,,,,
LOF,Knight's Saber,,Standard Foil,,,,,
LOF,Knight's Saber,,Hyperspace,,,,,
LOF,Knight's Saber,,Standard,,,,,
LOF,Kowakian Monkey-Lizard,,Hyperspace Foil,,,,,
LOF,Kowakian Monkey-Lizard,,Standard Foil,,,,,
LOF,Kowakian Monkey-Lizard,,Hyperspace,,,,,
LOF,Kowakian Monkey-Lizard,,Standard,,,,,
LOF,Kylo Ren,I Know Your Story,Standard Prestige,,,,,
LOF,Kylo Ren,I Know Your Story,Serialized Prestige,,,,,
LOF,Kylo Ren,I Know Your Story,Standard Foil,,,,,
LOF,Kylo Ren,I Know Your Story,Hyperspace,,,,,
LOF,Kylo Ren,We're Not Done Yet,Showcase,,,,,
LOF,Kylo Ren,I Know Your Story,Foil Prestige,,,,,
LOF,Kylo Ren,I Know Your Story,Standard,,,,,
LOF,Kylo Ren,We're Not Done Yet,Standard,,,,,
LOF,Kylo Ren,We're Not Done Yet,Hyperspace,,,,,
LOF,Kylo Ren,I Know Your Story,Hyperspace Foil,,,,,
LOF,Kylo Ren's Lightsaber,,Hyperspace Foil,,,,,
LOF,Kylo Ren's Lightsaber,,Standard Foil,,,,,
LOF,Kylo Ren's Lightsaber,,Hyperspace,,,,,
LOF,Kylo Ren's Lightsaber,,Standard,,,,,
LOF,Last Words,,Hyperspace Foil,,,,,
LOF,Last Words,,Standard Foil,,,,,
LOF,Last Words,,Hyperspace,,,,,
LOF,Last Words,,Standard,,,,,
LOF,Leia Organa,Extraordinary,Foil Prestige,,,,,
LOF,Leia Organa,Extraordinary,Hyperspace Foil,,,,,
LOF,Leia Organa,Extraordinary,Standard Foil,,,,,
LOF,Leia Organa,Extraordinary,Serialized Prestige,,,,,
LOF,Leia Organa,Extraordinary,Hyperspace,,,,,
LOF,Leia Organa,Extraordinary,Standard,,,,,
LOF,Leia Organa,Extraordinary,Standard Prestige,,,,,
LOF,Liberated by Darkness,,Standard Foil,,,,,
LOF,Liberated by Darkness,,Hyperspace,,,,,
LOF,Liberated by Darkness,,Standard,,,,,
LOF,Liberated by Darkness,,Hyperspace Foil,,,,,
LOF,Life Wind Sage,,Standard Foil,,,,,
LOF,Life Wind Sage,,Hyperspace,,,,,
LOF,Life Wind Sage,,Hyperspace Foil,,,,,
LOF,Life Wind Sage,,Standard,,,,,
LOF,Lightsaber Throw,,Standard Foil,,,,,
LOF,Lightsaber Throw,,Hyperspace,,,,,
LOF,Lightsaber Throw,,Standard,,,,,
LOF,Lightsaber Throw,,Hyperspace Foil,,,,,
LOF,Longbeam Cruiser,,Standard Foil,,,,,
LOF,Longbeam Cruiser,,Hyperspace Foil,,,,,
LOF,Longbeam Cruiser,,Hyperspace,,,,,
LOF,Longbeam Cruiser,,Standard,,,,,
LOF,Lor San Tekka,Secret Keeper,Hyperspace Foil,,,,,
LOF,Lor San Tekka,Secret Keeper,Standard Foil,,,,,
LOF,Lor San Tekka,Secret Keeper,Hyperspace,,,,,
LOF,Lor San Tekka,Secret Keeper,Standard,,,,,
LOF,Loth-Cat,,Hyperspace Foil,,,,,
LOF,Loth-Cat,,Standard Foil,,,,,
LOF,Loth-Cat,,Hyperspace,,,,,
LOF,Loth-Cat,,Standard,,,,,
LOF,Loth-Wolf,,Hyperspace Foil,,,,,
LOF,Loth-Wolf,,Standard Foil,,,,,
LOF,Loth-Wolf,,Hyperspace,,,,,
LOF,Loth-Wolf,,Standard,,,,,
LOF,Luke Skywalker,A Hero's Beginning,Standard Prestige,,,,,
LOF,Luke Skywalker,A Hero's Beginning,Serialized Prestige,,,,,
LOF,Luke Skywalker,A Hero's Beginning,Foil Prestige,,,,,
LOF,Luke Skywalker,A Hero's Beginning,Standard Foil,,,,,
LOF,Luke Skywalker,A Hero's Beginning,Hyperspace,,,,,
LOF,Luke Skywalker,A Hero's Beginning,Hyperspace Foil,,,,,
LOF,Luke Skywalker,A Hero's Beginning,Standard,,,,,
LOF,Luminous Beings,,Hyperspace Foil,,,,,
LOF,Luminous Beings,,Standard Foil,,,,,
LOF,Luminous Beings,,Hyperspace,,,,,
LOF,Luminous Beings,,Standard,,,,,
LOF,Luthen Rael,Masquerading Antiquarian,Hyperspace Foil,,,,,
LOF,Luthen Rael,Masquerading Antiquarian,Standard Foil,,,,,
LOF,Luthen Rael,Masquerading Antiquarian,Hyperspace,,,,,
LOF,Luthen Rael,Masquerading Antiquarian,Standard,,,,,
LOF,Mace Windu,Leaping into Action,Hyperspace Foil,,,,,
LOF,Mace Windu,Leaping into Action,Standard Foil,,,,,
LOF,Mace Windu,Leaping into Action,Serialized Prestige,,,,,
LOF,Mace Windu,Leaping into Action,Hyperspace,,,,,
LOF,Mace Windu,Leaping into Action,Standard,,,,,
LOF,Mace Windu,Leaping into Action,Standard Prestige,,,,,
LOF,Mace Windu,Leaping into Action,Foil Prestige,,,,,
LOF,Magistrate's Scout,,Hyperspace Foil,,,,,
LOF,Magistrate's Scout,,Standard Foil,,,,,
LOF,Magistrate's Scout,,Hyperspace,,,,,
LOF,Magistrate's Scout,,Standard,,,,,
LOF,Malakili,Loving Rancor Keeper,Hyperspace Foil,,,,,
LOF,Malakili,Loving Rancor Keeper,Standard Foil,,,,,
LOF,Malakili,Loving Rancor Keeper,Hyperspace,,,,,
LOF,Malakili,Loving Rancor Keeper,Standard,,,,,
LOF,Marchion Ro,Eye of the Nihil,Standard Foil,,,,,
LOF,Marchion Ro,Eye of the Nihil,Hyperspace,,,,,
LOF,Marchion Ro,Eye of the Nihil,Standard,,,,,
LOF,Marchion Ro,Eye of the Nihil,Hyperspace Foil,,,,,
LOF,Maz Kanata,The Light Guides,Hyperspace Foil,,,,,
LOF,Maz Kanata,The Light Guides,Standard Foil,,,,,
LOF,Maz Kanata,The Light Guides,Hyperspace,,,,,
LOF,Maz Kanata,The Light Guides,Standard,,,,,
LOF,Medical Frigate,,Hyperspace Foil,,,,,
LOF,Medical Frigate,,Standard Foil,,,,,
LOF,Medical Frigate,,Hyperspace,,,,,
LOF,Medical Frigate,,Standard,,,,,
LOF,Merrin,Alone with the Dead,Standard Prestige,,,,,
LOF,Merrin,Alone with the Dead,Hyperspace Foil,,,,,
LOF,Merrin,Alone with the Dead,Serialized Prestige,,,,,
LOF,Merrin,Alone with the Dead,Standard Foil,,,,,
LOF,Merrin,Alone with the Dead,Foil Prestige,,,,,
LOF,Merrin,Alone with the Dead,Hyperspace,,,,,
LOF,Merrin,Alone with the Dead,Standard,,,,,
LOF,Mind Trick,,Standard Foil,,,,,
LOF,Mind Trick,,Hyperspace,,,,,
LOF,Mind Trick,,Standard,,,,,
LOF,Mind Trick,,Hyperspace Foil,,,,,
LOF,Morgan Elsbeth,Following the Call,Hyperspace,,,,,
LOF,Morgan Elsbeth,Following the Call,Showcase,,,,,
LOF,Morgan Elsbeth,Following the Call,Standard,,,,,
LOF,Mother Talzin,Power Through Magick,Showcase,,,,,
LOF,Mother Talzin,Power Through Magick,Hyperspace,,,,,
LOF,Mother Talzin,Power Through Magick,Standard,,,,,
LOF,Mynock,,Hyperspace Foil,,,,,
LOF,Mynock,,Standard Foil,,,,,
LOF,Mynock,,Hyperspace,,,,,
LOF,Mynock,,Standard,,,,,
LOF,Mysterious Hermit,,Hyperspace Foil,,,,,
LOF,Mysterious Hermit,,Standard Foil,,,,,
LOF,Mysterious Hermit,,Hyperspace,,,,,
LOF,Mysterious Hermit,,Standard,,,,,
LOF,Mystic Monastery,,Hyperspace Foil,,,,,
LOF,Mystic Monastery,,Standard Foil,,,,,
LOF,Mystic Monastery,,Hyperspace,,,,,
LOF,Mystic Monastery,,Standard,,,,,
LOF,Mythosaur,Folklore Awakened,Hyperspace Foil,,,,,
LOF,Mythosaur,Folklore Awakened,Standard Foil,,,,,
LOF,Mythosaur,Folklore Awakened,Hyperspace,,,,,
LOF,Mythosaur,Folklore Awakened,Standard,,,,,
LOF,N-1 Starfighter,,Standard Foil,,,,,
LOF,N-1 Starfighter,,Hyperspace,,,,,
LOF,N-1 Starfighter,,Standard,,,,,
LOF,N-1 Starfighter,,Hyperspace Foil,,,,,
LOF,Nameless Terror,,Hyperspace Foil,,,,,
LOF,Nameless Terror,,Standard Foil,,,,,
LOF,Nameless Terror,,Hyperspace,,,,,
LOF,Nameless Terror,,Standard,,,,,
LOF,Nightsister Lair,,Standard,,,,,
LOF,Nightsister Lair,,Hyperspace,,,,,
LOF,Nightsister Warrior,,Hyperspace Foil,,,,,
LOF,Nightsister Warrior,,Standard Foil,,,,,
LOF,Nightsister Warrior,,Hyperspace,,,,,
LOF,Nightsister Warrior,,Standard,,,,,
LOF,Nihil Marauder,,Standard Foil,,,,,
LOF,Nihil Marauder,,Hyperspace,,,,,
LOF,Nihil Marauder,,Standard,,,,,
LOF,Nihil Marauder,,Hyperspace Foil,,,,,
LOF,Niman Strike,,Hyperspace Foil,,,,,
LOF,Niman Strike,,Standard Foil,,,,,
LOF,Niman Strike,,Hyperspace,,,,,
LOF,Niman Strike,,Standard,,,,,
LOF,Obi-Wan Kenobi,Protective Padawan,Serialized Prestige,,,,,
LOF,Obi-Wan Kenobi,Protective Padawan,Foil Prestige,,,,,
LOF,Obi-Wan Kenobi,Protective Padawan,Standard Prestige,,,,,
LOF,Obi-Wan Kenobi,Protective Padawan,Hyperspace Foil,,,,,
LOF,Obi-Wan Kenobi,Protective Padawan,Standard Foil,,,,,
LOF,Obi-Wan Kenobi,Courage Makes Heroes,Showcase,,,,,
LOF,Obi-Wan Kenobi,Protective Padawan,Hyperspace,,,,,
LOF,Obi-Wan Kenobi,Protective Padawan,Standard,,,,,
LOF,Obi-Wan Kenobi,Courage Makes Heroes,Hyperspace,,,,,
LOF,Obi-Wan Kenobi,Courage Makes Heroes,Standard,,,,,
LOF,Oggdo Bogdo,Bogano Brute,Hyperspace Foil,,,,,
LOF,Oggdo Bogdo,Bogano Brute,Standard Foil,,,,,
LOF,Oggdo Bogdo,Bogano Brute,Hyperspace,,,,,
LOF,Oggdo Bogdo,Bogano Brute,Standard,,,,,
LOF,Old Daka,Oldest and Wisest,Serialized Prestige,,,,,
LOF,Old Daka,Oldest and Wisest,Hyperspace Foil,,,,,
LOF,Old Daka,Oldest and Wisest,Standard Foil,,,,,
LOF,Old Daka,Oldest and Wisest,Hyperspace,,,,,
LOF,Old Daka,Oldest and Wisest,Standard Prestige,,,,,
LOF,Old Daka,Oldest and Wisest,Standard,,,,,
LOF,Old Daka,Oldest and Wisest,Foil Prestige,,,,,
LOF,Oppo Rancisis,Ancient Councilor,Standard Prestige,,,,,
LOF,Oppo Rancisis,Ancient Councilor,Hyperspace Foil,,,,,
LOF,Oppo Rancisis,Ancient Councilor,Standard Foil,,,,,
LOF,Oppo Rancisis,Ancient Councilor,Foil Prestige,,,,,
LOF,Oppo Rancisis,Ancient Councilor,Hyperspace,,,,,
LOF,Oppo Rancisis,Ancient Councilor,Standard,,,,,
LOF,Oppo Rancisis,Ancient Councilor,Serialized Prestige,,,,,
LOF,Outer Rim Mystic,,Hyperspace Foil,,,,,
LOF,Outer Rim Mystic,,Standard Foil,,,,,
LOF,Outer Rim Mystic,,Hyperspace,,,,,
LOF,Outer Rim Mystic,,Standard,,,,,
LOF,Overpower,,Hyperspace Foil,,,,,
LOF,Overpower,,Standard Foil,,,,,
LOF,Overpower,,Hyperspace,,,,,
LOF,Overpower,,Standard,,,,,
LOF,Owen Lars,Devoted Uncle,Hyperspace Foil,,,,,
LOF,Owen Lars,Devoted Uncle,Standard Foil,,,,,
LOF,Owen Lars,Devoted Uncle,Hyperspace,,,,,
LOF,Owen Lars,Devoted Uncle,Standard,,,,,
LOF,Padawan Starfighter,,Hyperspace Foil,,,,,
LOF,Padawan Starfighter,,Standard Foil,,,,,
LOF,Padawan Starfighter,,Hyperspace,,,,,
LOF,Padawan Starfighter,,Standard,,,,,
LOF,Paladin Training Corvette,,Hyperspace Foil,,,,,
LOF,Paladin Training Corvette,,Standard Foil,,,,,
LOF,Paladin Training Corvette,,Hyperspace,,,,,
LOF,Paladin Training Corvette,,Standard,,,,,
LOF,Paz Vizsla,Unyielding Warrior,Hyperspace Foil,,,,,
LOF,Paz Vizsla,Unyielding Warrior,Standard Foil,,,,,
LOF,Paz Vizsla,Unyielding Warrior,Hyperspace,,,,,
LOF,Paz Vizsla,Unyielding Warrior,Standard,,,,,
LOF,Peli Motto,I Should Charge You More,Hyperspace Foil,,,,,
LOF,Peli Motto,I Should Charge You More,Standard Foil,,,,,
LOF,Peli Motto,I Should Charge You More,Hyperspace,,,,,
LOF,Peli Motto,I Should Charge You More,Standard,,,,,
LOF,Pillio Star Compass,,Hyperspace Foil,,,,,
LOF,Pillio Star Compass,,Standard Foil,,,,,
LOF,Pillio Star Compass,,Hyperspace,,,,,
LOF,Pillio Star Compass,,Standard,,,,,
LOF,Plo Koon,I Don't Believe in Chance,Serialized Prestige,,,,,
LOF,Plo Koon,I Don't Believe in Chance,Standard Prestige,,,,,
LOF,Plo Koon,I Don't Believe in Chance,Hyperspace Foil,,,,,
LOF,Plo Koon,I Don't Believe in Chance,Standard Foil,,,,,
LOF,Plo Koon,I Don't Believe in Chance,Foil Prestige,,,,,
LOF,Plo Koon,I Don't Believe in Chance,Hyperspace,,,,,
LOF,Plo Koon,I Don't Believe in Chance,Standard,,,,,
LOF,Point Rain Reclaimer,,Hyperspace Foil,,,,,
LOF,Point Rain Reclaimer,,Standard Foil,,,,,
LOF,Point Rain Reclaimer,,Hyperspace,,,,,
LOF,Point Rain Reclaimer,,Standard,,,,,
LOF,Pong Krell,"It's Treason, Then",Standard Prestige,,,,,
LOF,Pong Krell,"It's Treason, Then",Serialized Prestige,,,,,
LOF,Pong Krell,"It's Treason, Then",Foil Prestige,,,,,
LOF,Pong Krell,"It's Treason, Then",Hyperspace Foil,,,,,
LOF,Pong Krell,"It's Treason, Then",Standard Foil,,,,,
LOF,Pong Krell,"It's Treason, Then",Hyperspace,,,,,
LOF,Pong Krell,"It's Treason, Then",Standard,,,,,
LOF,Porg,,Standard Foil,,,,,
LOF,Porg,,Hyperspace,,,,,
LOF,Porg,,Standard,,,,,
LOF,Porg,,Hyperspace Foil,,,,,
LOF,Pounce,,Hyperspace Foil,,,,,
LOF,Pounce,,Standard Foil,,,,,
LOF,Pounce,,Hyperspace,,,,,
LOF,Pounce,,Standard,,,,,
LOF,Praetorian Guard,,Hyperspace Foil,,,,,
LOF,Praetorian Guard,,Standard Foil,,,,,
LOF,Praetorian Guard,,Hyperspace,,,,,
LOF,Praetorian Guard,,Standard,,,,,
LOF,Premonition of Doom,,Standard Foil,,,,,
LOF,Premonition of Doom,,Hyperspace,,,,,
LOF,Premonition of Doom,,Standard,,,,,
LOF,Premonition of Doom,,Hyperspace Foil,,,,,
LOF,Priestesses of the Force,Eternal,Standard Prestige,,,,,
LOF,Priestesses of the Force,Eternal,Foil Prestige,,,,,
LOF,Priestesses of the Force,Eternal,Hyperspace Foil,,,,,
LOF,Priestesses of the Force,Eternal,Standard Foil,,,,,
LOF,Priestesses of the Force,Eternal,Hyperspace,,,,,
LOF,Priestesses of the Force,Eternal,Serialized Prestige,,,,,
LOF,Priestesses of the Force,Eternal,Standard,,,,,
LOF,Protect the Pod,,Hyperspace Foil,,,,,
LOF,Protect the Pod,,Standard Foil,,,,,
LOF,Protect the Pod,,Hyperspace,,,,,
LOF,Protect the Pod,,Standard,,,,,
LOF,Psychometry,,Hyperspace Foil,,,,,
LOF,Psychometry,,Standard Foil,,,,,
LOF,Psychometry,,Hyperspace,,,,,
LOF,Psychometry,,Standard,,,,,
LOF,Purge Trooper,,Hyperspace Foil,,,,,
LOF,Purge Trooper,,Standard Foil,,,,,
LOF,Purge Trooper,,Hyperspace,,,,,
LOF,Purge Trooper,,Standard,,,,,
LOF,Qui-Gon Jinn,Student of the Living Force,Showcase,,,,,
LOF,Qui-Gon Jinn,The Negotiations Will Be Short,Foil Prestige,,,,,
LOF,Qui-Gon Jinn,The Negotiations Will Be Short,Serialized Prestige,,,,,
LOF,Qui-Gon Jinn,The Negotiations Will Be Short,Standard Foil,,,,,
LOF,Qui-Gon Jinn,The Negotiations Will Be Short,Standard Prestige,,,,,
LOF,Qui-Gon Jinn,The Negotiations Will Be Short,Hyperspace,,,,,
LOF,Qui-Gon Jinn,The Negotiations Will Be Short,Standard,,,,,
LOF,Qui-Gon Jinn,Student of the Living Force,Hyperspace,,,,,
LOF,Qui-Gon Jinn,Student of the Living Force,Standard,,,,,
LOF,Qui-Gon Jinn,The Negotiations Will Be Short,Hyperspace Foil,,,,,
LOF,Qui-Gon Jinn's Aethersprite,Guided by the Force,Standard Foil,,,,,
LOF,Qui-Gon Jinn's Aethersprite,Guided by the Force,Hyperspace,,,,,
LOF,Qui-Gon Jinn's Aethersprite,Guided by the Force,Standard,,,,,
LOF,Qui-Gon Jinn's Aethersprite,Guided by the Force,Hyperspace Foil,,,,,
LOF,Qui-Gon Jinn's Lightsaber,,Standard Foil,,,,,
LOF,Qui-Gon Jinn's Lightsaber,,Hyperspace,,,,,
LOF,Qui-Gon Jinn's Lightsaber,,Standard,,,,,
LOF,Qui-Gon Jinn's Lightsaber,,Hyperspace Foil,,,,,
LOF,Quinlan Vos,Dark Disciple,Hyperspace Foil,,,,,
LOF,Quinlan Vos,Dark Disciple,Standard Foil,,,,,
LOF,Quinlan Vos,Dark Disciple,Hyperspace,,,,,
LOF,Quinlan Vos,Dark Disciple,Standard,,,,,
LOF,Rampage,,Hyperspace Foil,,,,,
LOF,Rampage,,Standard Foil,,,,,
LOF,Rampage,,Hyperspace,,,,,
LOF,Rampage,,Standard,,,,,
LOF,Ravening Gundark,,Hyperspace Foil,,,,,
LOF,Ravening Gundark,,Standard Foil,,,,,
LOF,Ravening Gundark,,Hyperspace,,,,,
LOF,Ravening Gundark,,Standard,,,,,
LOF,Ravenous Rathtar,,Standard Foil,,,,,
LOF,Ravenous Rathtar,,Hyperspace,,,,,
LOF,Ravenous Rathtar,,Standard,,,,,
LOF,Ravenous Rathtar,,Hyperspace Foil,,,,,
LOF,Refugee of The Path,,Hyperspace Foil,,,,,
LOF,Refugee of The Path,,Standard Foil,,,,,
LOF,Refugee of The Path,,Hyperspace,,,,,
LOF,Refugee of The Path,,Standard,,,,,
LOF,Relic Scavenger,,Hyperspace Foil,,,,,
LOF,Relic Scavenger,,Standard Foil,,,,,
LOF,Relic Scavenger,,Hyperspace,,,,,
LOF,Relic Scavenger,,Standard,,,,,
LOF,Rey,Nobody,Showcase,,,,,
LOF,Rey,With Palpatine's Power,Hyperspace Foil,,,,,
LOF,Rey,With Palpatine's Power,Standard Foil,,,,,
LOF,Rey,With Palpatine's Power,Hyperspace,,,,,
LOF,Rey,Nobody,Hyperspace,,,,,
LOF,Rey,With Palpatine's Power,Standard,,,,,
LOF,Rey,Nobody,Standard,,,,,
LOF,Saesee Tiin,Courageous Warrior,Foil Prestige,,,,,
LOF,Saesee Tiin,Courageous Warrior,Standard Foil,,,,,
LOF,Saesee Tiin,Courageous Warrior,Serialized Prestige,,,,,
LOF,Saesee Tiin,Courageous Warrior,Hyperspace,,,,,
LOF,Saesee Tiin,Courageous Warrior,Standard Prestige,,,,,
LOF,Saesee Tiin,Courageous Warrior,Standard,,,,,
LOF,Saesee Tiin,Courageous Warrior,Hyperspace Foil,,,,,
LOF,Sandtrooper Cavalry,,Standard Foil,,,,,
LOF,Sandtrooper Cavalry,,Hyperspace Foil,,,,,
LOF,Sandtrooper Cavalry,,Hyperspace,,,,,
LOF,Sandtrooper Cavalry,,Standard Foil,,,,,
LOF,Savage Opress,Imbued With Hate,Standard,,,,,
LOF,Savage Opress,Imbued With Hate,Serialized Prestige,,,,,
LOF,Savage Opress,Imbued With Hate,Standard Prestige,,,,,
LOF,Savage Opress,Imbued With Hate,Hyperspace,,,,,
LOF,Savage Opress,Imbued With Hate,Foil Prestige,,,,,
LOF,Savage Opress,Imbued With Hate,Hyperspace Foil,,,,,
LOF,Savage Opress,Imbued With Hate,Standard Foil,,,,,
LOF,Scimitar,Sith Infiltrator,Standard Foil,,,,,
LOF,Scimitar,Sith Infiltrator,Hyperspace,,,,,
LOF,Scimitar,Sith Infiltrator,Standard,,,,,
LOF,Scimitar,Sith Infiltrator,Hyperspace Foil,,,,,
LOF,Scythe,Intimidating Silhouette,Standard,,,,,
LOF,Scythe,Intimidating Silhouette,Hyperspace,,,,,
LOF,Scythe,Intimidating Silhouette,Hyperspace Foil,,,,,
LOF,Scythe,Intimidating Silhouette,Standard Foil,,,,,
LOF,Second Sister,Seeking the Holocron,Standard,,,,,
LOF,Second Sister,Seeking the Holocron,Standard Foil,,,,,
LOF,Second Sister,Seeking the Holocron,Foil Prestige,,,,,
LOF,Second Sister,Seeking the Holocron,Serialized Prestige,,,,,
LOF,Second Sister,Seeking the Holocron,Standard Prestige,,,,,
LOF,Second Sister,Seeking the Holocron,Hyperspace Foil,,,,,
LOF,Second Sister,Seeking the Holocron,Hyperspace,,,,,
LOF,Secretive Sage,,Hyperspace Foil,,,,,
LOF,Secretive Sage,,Hyperspace,,,,,
LOF,Secretive Sage,,Standard,,,,,
LOF,Secretive Sage,,Standard Foil,,,,,
LOF,Shadowed Undercity,,Standard,,,,,
LOF,Shadowed Undercity,,Hyperspace,,,,,
LOF,Shatterpoint,,Hyperspace,,,,,
LOF,Shatterpoint,,Standard,,,,,
LOF,Shatterpoint,,Standard Foil,,,,,
LOF,Shatterpoint,,Hyperspace Foil,,,,,
LOF,Shien Flurry,,Hyperspace,,,,,
LOF,Shien Flurry,,Standard Foil,,,,,
LOF,Shien Flurry,,Hyperspace Foil,,,,,
LOF,Shien Flurry,,Standard,,,,,
LOF,Shin Hati,Overeager Apprentice,Standard Prestige,,,,,
LOF,Shin Hati,Overeager Apprentice,Standard,,,,,
LOF,Shin Hati,Overeager Apprentice,Hyperspace Foil,,,,,
LOF,Shin Hati,Overeager Apprentice,Standard Foil,,,,,
LOF,Shin Hati,Overeager Apprentice,Hyperspace,,,,,
LOF,Shin Hati,Overeager Apprentice,Serialized Prestige,,,,,
LOF,Shin Hati,Overeager Apprentice,Foil Prestige,,,,,
LOF,Sifo-Dyas,Commissioning An Army,Hyperspace Foil,,,,,
LOF,Sifo-Dyas,Commissioning An Army,Standard Prestige,,,,,
LOF,Sifo-Dyas,Commissioning An Army,Foil Prestige,,,,,
LOF,Sifo-Dyas,Commissioning An Army,Standard Foil,,,,,
LOF,Sifo-Dyas,Commissioning An Army,Standard,,,,,
LOF,Sifo-Dyas,Commissioning An Army,Hyperspace,,,,,
LOF,Sifo-Dyas,Commissioning An Army,Serialized Prestige,,,,,
LOF,Sith Holocron,,Standard Foil,,,,,
LOF,Sith Holocron,,Standard,,,,,
LOF,Sith Holocron,,Hyperspace,,,,,
LOF,Sith Holocron,,Hyperspace Foil,,,,,
LOF,Sith Legionnaire,,Standard Foil,,,,,
LOF,Sith Legionnaire,,Hyperspace,,,,,
LOF,Sith Legionnaire,,Hyperspace Foil,,,,,
LOF,Sith Legionnaire,,Standard,,,,,
LOF,Size Matters Not,,Hyperspace Foil,,,,,
LOF,Size Matters Not,,Standard,,,,,
LOF,Size Matters Not,,Hyperspace,,,,,
LOF,Size Matters Not,,Standard Foil,,,,,
LOF,Sorcerers of Tund,,Standard Foil,,,,,
LOF,Sorcerers of Tund,,Standard,,,,,
LOF,Sorcerers of Tund,,Hyperspace,,,,,
LOF,Sorcerers of Tund,,Hyperspace Foil,,,,,
LOF,Sorcerous Blast,,Standard Foil,,,,,
LOF,Sorcerous Blast,,Hyperspace Foil,,,,,
LOF,Sorcerous Blast,,Standard,,,,,
LOF,Sorcerous Blast,,Hyperspace,,,,,
LOF,Soresu Stance,,Hyperspace Foil,,,,,
LOF,Soresu Stance,,Standard Foil,,,,,
LOF,Soresu Stance,,Hyperspace,,,,,
LOF,Soresu Stance,,Standard,,,,,
LOF,Starlight Temple,,Hyperspace,,,,,
LOF,Starlight Temple,,Standard,,,,,
LOF,Stinger Mantis,Where Are We Going?,Standard Foil,,,,,
LOF,Stinger Mantis,Where Are We Going?,Hyperspace Foil,,,,,
LOF,Stinger Mantis,Where Are We Going?,Hyperspace,,,,,
LOF,Stinger Mantis,Where Are We Going?,Standard,,,,,
LOF,Strangled Cliffs,,Standard,,,,,
LOF,Strangled Cliffs,,Hyperspace,,,,,
LOF,Strikeship,,Hyperspace,,,,,
LOF,Strikeship,,Hyperspace Foil,,,,,
LOF,Strikeship,,Standard Foil,,,,,
LOF,Strikeship,,Standard,,,,,
LOF,Supremacy,Of Unimaginable Size,Hyperspace Foil,,,,,
LOF,Supremacy,Of Unimaginable Size,Standard,,,,,
LOF,Supremacy,Of Unimaginable Size,Standard Foil,,,,,
LOF,Supremacy,Of Unimaginable Size,Hyperspace,,,,,
LOF,Supremacy TIE/sf,,Standard Foil,,,,,
LOF,Supremacy TIE/sf,,Hyperspace,,,,,
LOF,Supremacy TIE/sf,,Standard,,,,,
LOF,Supremacy TIE/sf,,Hyperspace Foil,,,,,
LOF,Supreme Leader Snoke,In the Seat of Power,Hyperspace,,,,,
LOF,Supreme Leader Snoke,In the Seat of Power,Showcase,,,,,
LOF,Supreme Leader Snoke,In the Seat of Power,Standard,,,,,
LOF,T-6 Shuttle 1974,Stay Close,Standard Foil,,,,,
LOF,T-6 Shuttle 1974,Stay Close,Hyperspace Foil,,,,,
LOF,T-6 Shuttle 1974,Stay Close,Hyperspace,,,,,
LOF,T-6 Shuttle 1974,Stay Close,Standard,,,,,
LOF,Talzin's Assassin,,Hyperspace Foil,,,,,
LOF,Talzin's Assassin,,Hyperspace,,,,,
LOF,Talzin's Assassin,,Standard,,,,,
LOF,Talzin's Assassin,,Standard Foil,,,,,
LOF,Tauntaun,,Standard,,,,,
LOF,Tauntaun,,Hyperspace Foil,,,,,
LOF,Tauntaun,,Hyperspace,,,,,
LOF,Tauntaun,,Standard Foil,,,,,
LOF,Temple of Destruction,,Standard Foil,,,,,
LOF,Temple of Destruction,,Standard,,,,,
LOF,Temple of Destruction,,Hyperspace Foil,,,,,
LOF,Temple of Destruction,,Hyperspace,,,,,
LOF,Terentatek,,Standard Foil,,,,,
LOF,Terentatek,,Hyperspace,,,,,
LOF,Terentatek,,Standard,,,,,
LOF,Terentatek,,Hyperspace Foil,,,,,
LOF,The Burden of Masters,,Standard Foil,,,,,
LOF,The Burden of Masters,,Standard,,,,,
LOF,The Burden of Masters,,Hyperspace Foil,,,,,
LOF,The Burden of Masters,,Hyperspace,,,,,
LOF,The Daughter,Embodiment of Light,Standard Prestige,,,,,
LOF,The Daughter,Embodiment of Light,Hyperspace Foil,,,,,
LOF,The Daughter,Embodiment of Light,Foil Prestige,,,,,
LOF,The Daughter,Embodiment of Light,Serialized Prestige,,,,,
LOF,The Daughter,Embodiment of Light,Standard,,,,,
LOF,The Daughter,Embodiment of Light,Hyperspace,,,,,
LOF,The Daughter,Embodiment of Light,Standard Foil,,,,,
LOF,The Father,Maintaining Balance,Hyperspace Foil,,,,,
LOF,The Father,Maintaining Balance,Serialized Prestige,,,,,
LOF,The Father,Maintaining Balance,Standard,,,,,
LOF,The Father,Maintaining Balance,Foil Prestige,,,,,
LOF,The Father,Maintaining Balance,Standard Prestige,,,,,
LOF,The Father,Maintaining Balance,Hyperspace,,,,,
LOF,The Father,Maintaining Balance,Standard Foil,,,,,
LOF,The Force,,Hyperspace,,,,,
LOF,The Force,,Standard,,,,,
LOF,The Holy City,,Hyperspace,,,,,
LOF,The Holy City,,Standard,,,,,
LOF,The Legacy Run,Doomed Debris,Hyperspace Foil,,,,,
LOF,The Legacy Run,Doomed Debris,Standard Foil,,,,,
LOF,The Legacy Run,Doomed Debris,Hyperspace,,,,,
LOF,The Legacy Run,Doomed Debris,Standard,,,,,
LOF,The Purrgil King,Leading The Journey,Standard,,,,,
LOF,The Purrgil King,Leading The Journey,Hyperspace Foil,,,,,
LOF,The Purrgil King,Leading The Journey,Standard Foil,,,,,
LOF,The Purrgil King,Leading The Journey,Hyperspace,,,,,
LOF,The Son,Embodiment of Darkness,Standard Foil,,,,,
LOF,The Son,Embodiment of Darkness,Standard Prestige,,,,,
LOF,The Son,Embodiment of Darkness,Standard,,,,,
LOF,The Son,Embodiment of Darkness,Serialized Prestige,,,,,
LOF,The Son,Embodiment of Darkness,Hyperspace,,,,,
LOF,The Son,Embodiment of Darkness,Foil Prestige,,,,,
LOF,The Son,Embodiment of Darkness,Hyperspace Foil,,,,,
LOF,The Tragedy of Plagueis,,Hyperspace,,,,,
LOF,The Tragedy of Plagueis,,Standard Foil,,,,,
LOF,The Tragedy of Plagueis,,Standard,,,,,
LOF,The Tragedy of Plagueis,,Hyperspace Foil,,,,,
LOF,The Will of the Force,,Hyperspace,,,,,
LOF,The Will of the Force,,Standard Foil,,,,,
LOF,The Will of the Force,,Hyperspace Foil,,,,,
LOF,The Will of the Force,,Standard,,,,,
LOF,Third Sister,Seething With Ambition,Standard,,,,,
LOF,Third Sister,Seething With Ambition,Hyperspace,,,,,
LOF,Third Sister,Seething With Ambition,Showcase,,,,,
LOF,Thralls of the Coven,,Standard,,,,,
LOF,Thralls of the Coven,,Hyperspace Foil,,,,,
LOF,Thralls of the Coven,,Hyperspace,,,,,
LOF,Thralls of the Coven,,Standard Foil,,,,,
LOF,Three Lessons,,Hyperspace Foil,,,,,
LOF,Three Lessons,,Standard Foil,,,,,
LOF,Three Lessons,,Standard,,,,,
LOF,Three Lessons,,Hyperspace,,,,,
LOF,Time of Crisis,,Standard,,,,,
LOF,Time of Crisis,,Standard Foil,,,,,
LOF,Time of Crisis,,Hyperspace Foil,,,,,
LOF,Time of Crisis,,Hyperspace,,,,,
LOF,Tip the Scale,,Hyperspace,,,,,
LOF,Tip the Scale,,Standard Foil,,,,,
LOF,Tip the Scale,,Hyperspace Foil,,,,,
LOF,Tip the Scale,,Standard,,,,,
LOF,Tomb of Eilram,,Hyperspace,,,,,
LOF,Tomb of Eilram,,Standard Foil,,,,,
LOF,Tomb of Eilram,,Standard,,,,,
LOF,Tomb of Eilram,,Hyperspace Foil,,,,,
LOF,Trident Assault Ship,,Standard Foil,,,,,
LOF,Trident Assault Ship,,Hyperspace,,,,,
LOF,Trident Assault Ship,,Hyperspace Foil,,,,,
LOF,Trident Assault Ship,,Standard,,,,,
LOF,Trust Your Instincts,,Hyperspace,,,,,
LOF,Trust Your Instincts,,Hyperspace Foil,,,,,
LOF,Trust Your Instincts,,Standard,,,,,
LOF,Trust Your Instincts,,Standard Foil,,,,,
LOF,Tuk'ata,,Hyperspace Foil,,,,,
LOF,Tuk'ata,,Hyperspace,,,,,
LOF,Tuk'ata,,Standard Foil,,,,,
LOF,Tuk'ata,,Standard,,,,,
LOF,Tusken Tracker,,Hyperspace Foil,,,,,
LOF,Tusken Tracker,,Standard,,,,,
LOF,Tusken Tracker,,Standard Foil,,,,,
LOF,Tusken Tracker,,Hyperspace,,,,,
LOF,Unleash Rage,,Hyperspace Foil,,,,,
LOF,Unleash Rage,,Standard Foil,,,,,
LOF,Unleash Rage,,Hyperspace,,,,,
LOF,Unleash Rage,,Standard,,,,,
LOF,Vaneé,I Live to Serve,Standard,,,,,
LOF,Vaneé,I Live to Serve,Hyperspace,,,,,
LOF,Vaneé,I Live to Serve,Hyperspace Foil,,,,,
LOF,Vaneé,I Live to Serve,Standard Foil,,,,,
LOF,Vergence Temple,,Standard Foil,,,,,
LOF,Vergence Temple,,Hyperspace,,,,,
LOF,Vergence Temple,,Standard,,,,,
LOF,Vergence Temple,,Hyperspace Foil,,,,,
LOF,Vernestra Rwoh,Precocious Knight,Standard Prestige,,,,,
LOF,Vernestra Rwoh,Precocious Knight,Foil Prestige,,,,,
LOF,Vernestra Rwoh,Precocious Knight,Serialized Prestige,,,,,
LOF,Vernestra Rwoh,Precocious Knight,Standard Foil,,,,,
LOF,Vernestra Rwoh,Precocious Knight,Standard,,,,,
LOF,Vernestra Rwoh,Precocious Knight,Hyperspace Foil,,,,,
LOF,Vernestra Rwoh,Precocious Knight,Hyperspace,,,,,
LOF,Village Tender,,Hyperspace Foil,,,,,
LOF,Village Tender,,Standard,,,,,
LOF,Village Tender,,Hyperspace,,,,,
LOF,Village Tender,,Standard Foil,,,,,
LOF,Vulptex,,Hyperspace Foil,,,,,
LOF,Vulptex,,Standard,,,,,
LOF,Vulptex,,Standard Foil,,,,,
LOF,Vulptex,,Hyperspace,,,,,
LOF,Wampa,,Hyperspace Foil,,,,,
LOF,Wampa,,Hyperspace,,,,,
LOF,Wampa,,Standard Foil,,,,,
LOF,Wampa,,Standard,,,,,
LOF,Watto,"No Money, No Parts, No Deal",Standard,,,,,
LOF,Watto,"No Money, No Parts, No Deal",Hyperspace,,,,,
LOF,Watto,"No Money, No Parts, No Deal",Hyperspace Foil,,,,,
LOF,Watto,"No Money, No Parts, No Deal",Standard Foil,,,,,
LOF,Whirlwind of Power,,Standard Foil,,,,,
LOF,Whirlwind of Power,,Hyperspace,,,,,
LOF,Whirlwind of Power,,Standard,,,,,
LOF,Whirlwind of Power,,Hyperspace Foil,,,,,
LOF,Witch of the Mist,,Hyperspace Foil,,,,,
LOF,Witch of the Mist,,Standard Foil,,,,,
LOF,Witch of the Mist,,Hyperspace,,,,,
LOF,Witch of the Mist,,Standard,,,,,
LOF,Yaddle,A Chance To Make Things Right,Hyperspace Foil,,,,,
LOF,Yaddle,A Chance To Make Things Right,Hyperspace,,,,,
LOF,Yaddle,A Chance To Make Things Right,Serialized Prestige,,,,,
LOF,Yaddle,A Chance To Make Things Right,Standard,,,,,
LOF,Yaddle,A Chance To Make Things Right,Standard Prestige,,,,,
LOF,Yaddle,A Chance To Make Things Right,Foil Prestige,,,,,
LOF,Yaddle,A Chance To Make Things Right,Standard Foil,,,,,
LOF,Yoda,My Ally is the Force,Standard Prestige,,,,,
LOF,Yoda,My Ally is the Force,Standard,,,,,
LOF,Yoda,My Ally is the Force,Hyperspace Foil,,,,,
LOF,Yoda,My Ally is the Force,Foil Prestige,,,,,
LOF,Yoda,My Ally is the Force,Hyperspace,,,,,
LOF,Yoda,My Ally is the Force,Serialized Prestige,,,,,
LOF,Yoda,My Ally is the Force,Standard Foil,,,,,
LOF,Yoda's Lightsaber,,Standard,,,,,
LOF,Yoda's Lightsaber,,Hyperspace Foil,,,,,
LOF,Yoda's Lightsaber,,Hyperspace,,,,,
LOF,Yoda's Lightsaber,,Standard Foil,,,,,
LOF,Youngling Padawan,,Hyperspace Foil,,,,,
LOF,Youngling Padawan,,Hyperspace,,,,,
LOF,Youngling Padawan,,Standard Foil,,,,,
LOF,Youngling Padawan,,Standard,,,,,
LOF,Zuckuss,The Findsman,Foil Prestige,,,,,
LOF,Zuckuss,The Findsman,Serialized Prestige,,,,,
LOF,Zuckuss,The Findsman,Standard Foil,,,,,
LOF,Zuckuss,The Findsman,Hyperspace Foil,,,,,
LOF,Zuckuss,The Findsman,Standard Prestige,,,,,
LOF,Zuckuss,The Findsman,Hyperspace,,,,,
LOF,Zuckuss,The Findsman,Standard,,,,,
LOFW,Acolyte of the Beyond,,Weekly Play Foil,,,,,
LOFW,Acolyte of the Beyond,,Weekly Play,,,,,
LOFW,Baylan Skoll,Enigmatic Master,Weekly Play,,,,,
LOFW,Baylan Skoll,Enigmatic Master,Weekly Play Foil,,,,,
LOFW,BD-1,Beep Boo Boo Bweep,Weekly Play Foil,,,,,
LOFW,BD-1,Beep Boo Boo Bweep,Weekly Play,,,,,
LOFW,Crushing Blow,,Weekly Play Foil,,,,,
LOFW,Crushing Blow,,Weekly Play,,,,,
LOFW,Do or Do Not,,Weekly Play Foil,,,,,
LOFW,Do or Do Not,,Weekly Play,,,,,
LOFW,Flight of the Inquisitor,,Weekly Play Foil,,,,,
LOFW,Flight of the Inquisitor,,Weekly Play,,,,,
LOFW,Graceful Purrgil,,Weekly Play,,,,,
LOFW,Graceful Purrgil,,Weekly Play Foil,,,,,
LOFW,Gungi,Finding Himself,Weekly Play,,,,,
LOFW,Gungi,Finding Himself,Weekly Play Foil,,,,,
LOFW,HK-87 Assassin Droid,,Weekly Play,,,,,
LOFW,HK-87 Assassin Droid,,Weekly Play Foil,,,,,
LOFW,Infused Brawler,,Weekly Play,,,,,
LOFW,Infused Brawler,,Weekly Play Foil,,,,,
LOFW,J-Type Nubian Starship,,Weekly Play,,,,,
LOFW,J-Type Nubian Starship,,Weekly Play Foil,,,,,
LOFW,Jedi Consular,,Weekly Play Foil,,,,,
LOFW,Jedi Consular,,Weekly Play,,,,,
LOFW,Loth-Cat,,Weekly Play,,,,,
LOFW,Loth-Cat,,Weekly Play Foil,,,,,
LOFW,Luthen Rael,Masquerading Antiquarian,Weekly Play Foil,,,,,
LOFW,Luthen Rael,Masquerading Antiquarian,Weekly Play,,,,,
LOFW,Mace Windu,Leaping into Action,Weekly Play Foil,,,,,
LOFW,Mace Windu,Leaping into Action,Weekly Play,,,,,
LOFW,Malakili,Loving Rancor Keeper,Weekly Play Foil,,,,,
LOFW,Malakili,Loving Rancor Keeper,Weekly Play,,,,,
LOFW,Mind Trick,,Weekly Play,,,,,
LOFW,Mind Trick,,Weekly Play Foil,,,,,
LOFW,Rey,With Palpatine's Power,Weekly Play,,,,,
LOFW,Rey,With Palpatine's Power,Weekly Play Foil,,,,,
LOFW,Shin Hati,Overeager Apprentice,Weekly Play Foil,,,,,
LOFW,Shin Hati,Overeager Apprentice,Weekly Play,,,,,
LOFW,Yoda,My Ally is the Force,Weekly Play Foil,,,,,
LOFW,Yoda,My Ally is the Force,Weekly Play,,,,,
P25,Ahsoka Tano,Chasing Whispers,Normal,,,,,
P25,Black One,Straight At Them,Normal,,,,,
P25,Darth Tyranus,Servant of Sidious,Event Exclusive,,,,,
P25,Darth Vader,Dark Lord of the Sith,Showcase,,,,,
P25,Darth Vader,Twilight of the Apprentice,Normal,,,,,
P25,General's Blade,,Normal,,,,,
P25,Karis,We Don't Like Strangers,Normal,,,,,
P25,Luke Skywalker,Faithful Friend,Showcase,,,,,
P25,Maul,Shadow Collective Visionary,Normal,,,,,
P25,Poe Dameron,Quick to Improvise,Normal,,,,,
P25,Profundity,We Fight!,Normal,,,,,
P25,Shatterpoint,,Normal,,,,,
P25,Victor Leader,Leading from the Front,Normal,,,,,
P25GC,Ahsoka Tano,Always Ready For Trouble,GC Event Pack,,,,,
P25GC,Anakin Skywalker,Champion of Mortis,GC Event Pack,,,,,
P25GC,Asajj Ventress,Harden Your Heart,GC Event Pack,,,,,
P25GC,Boba Fett,Feared Bounty Hunter,GC Event Pack,,,,,
P25GC,Chewbacca,Faithful First Mate,GC Prize Wall,,,,,
P25GC,Constructed Lightsaber,,GC Top 64,,,,,
P25GC,Corrupted Saber,,GC Top 64,,,,,
P25GC,Darth Maul,Revenge At Last,GC Event Pack,,,,,
P25GC,Darth Maul's Lightsaber,,GC Top 64,,,,,
P25GC,Darth Sidious,The Phantom Menace,GC Event Pack,,,,,
P25GC,Darth Tyranus,Servant of Sidious,GC Event Pack,,,,,
P25GC,Darth Vader,Commanding the First Legion,GC Champion,,,,,
P25GC,Darth Vader,Commanding the First Legion,GC Finalist,,,,,
P25GC,Darth Vader,Commanding the First Legion,GC Judge,,,,,
P25GC,Darth Vader,Twilight of the Apprentice,GC Event Pack,,,,,
P25GC,Darth Vader,Commanding the First Legion,GC Day Three,,,,,
P25GC,Darth Vader,Commanding the First Legion,GC Top 8,,,,,
P25GC,Darth Vader,Commanding the First Legion,GC Top 4,,,,,
P25GC,Director Krennic,On the Verge of Greatness,GC Prize Wall,,,,,
P25GC,Executor,Might of the Empire,GC Event Pack,,,,,
P25GC,Ezra Bridger,Attuned With Life,GC Event Pack,,,,,
P25GC,Grand Inquisitor,You're Right to Be Afraid,GC Event Pack,,,,,
P25GC,Han Solo,Has His Moments,GC Event Pack,,,,,
P25GC,Heirloom Lightsaber,,GC Top 64,,,,,
P25GC,Inquisitor's Lightsaber,,GC Top 64,,,,,
P25GC,Knight's Saber,,GC Top 64,,,,,
P25GC,Kylo Ren,I Know Your Story,GC Prize Wall,,,,,
P25GC,Kylo Ren's Lightsaber,,GC Top 64,,,,,
P25GC,Leia Organa,Extraordinary,GC Event Pack,,,,,
P25GC,Luke Skywalker,You Still With Me?,GC Event Pack,,,,,
P25GC,Mace Windu,Leaping into Action,GC Prize Wall,,,,,
P25GC,Massassi Temple,,GC VIP Promo,,,,,
P25GC,Millennium Falcon,Piece of Junk,GC Event Pack,,,,,
P25GC,Mos Eisley,,GC VIP Promo,,,,,
P25GC,Obi-Wan Kenobi,Protective Padawan,GC Event Pack,,,,,
P25GC,Poe Dameron,One Hell of a Pilot,GC Event Pack,,,,,
P25GC,Qui-Gon Jinn,The Negotiations Will Be Short,GC Event Pack,,,,,
P25GC,Qui-Gon Jinn's Lightsaber,,GC Top 64,,,,,
P25GC,Quinlan Vos,Dark Disciple,GC Event Pack,,,,,
P25GC,Razor Crest,Reliable Gunship,GC Prize Wall,,,,,
P25GC,Rey,With Palpatine's Power,GC Prize Wall,,,,,
P25GC,Shield Generator Complex,,GC VIP Promo,,,,,
P25GC,Shin Hati,Overeager Apprentice,GC Prize Wall,,,,,
P25GC,Superlaser Blast,,GC Prize Wall,,,,,
P25GC,Supreme Leader Snoke,Shadow Ruler,GC Event Pack,,,,,
P25GC,The Ghost,Heart of the Family,GC Event Pack,,,,,
P25GC,The Invisible Hand,Crawling With Vultures,GC Event Pack,,,,,
P25GC,The Mandalorian,"Wherever I Go, He Goes",GC Participation,,,,,
P25GC,The Mandalorian,"Wherever I Go, He Goes",GC Judge,,,,,
P25GC,Theed Palace,,GC VIP Promo,,,,,
P25GC,Yoda's Lightsaber,,GC Top 64,,,,,
P25PQ,Black One,Straight At Them,PQ Participation,,,,,
P25PQ,Black One,Straight At Them,PQ Judge,,,,,
P25PQ,Darth Malak,Covetous Apprentice,PQ Champion,,,,,
P25PQ,Darth Malak,Covetous Apprentice,PQ Finalist,,,,,
P25PQ,Darth Malak,Covetous Apprentice,PQ Top 4,,,,,
P25PQ,Darth Malak,Covetous Apprentice,PQ Top 8,,,,,
P25PQ,Darth Revan's Lightsabers,,PQ Judge,,,,,
P25PQ,Darth Revan's Lightsabers,,PQ Participation,,,,,
P25PQ,Galen Erso,You'll Never Win,PQ Judge,,,,,
P25PQ,Galen Erso,You'll Never Win,PQ Participation,,,,,
P25PQ,Grand Admiral Thrawn,Grand Schemer,PQ Finalist,,,,,
P25PQ,Grand Admiral Thrawn,Grand Schemer,PQ Champion,,,,,
P25PQ,Grand Admiral Thrawn,Grand Schemer,PQ Top 8,,,,,
P25PQ,Grand Admiral Thrawn,Grand Schemer,PQ Top 4,,,,,
P25PQ,Home One,On My Mark,PQ Top 8,,,,,
P25PQ,Home One,On My Mark,PQ Finalist,,,,,
P25PQ,Home One,On My Mark,PQ Top 4,,,,,
P25PQ,Home One,On My Mark,PQ Champion,,,,,
P25RQ,Ahsoka Tano,Chasing Whispers,RQ Prize Wall,,,,,
P25RQ,Black One,Straight At Them,RQ Prize Wall,,,,,
P25RQ,Count Dooku,Fallen Jedi,RQ Prize Wall,,,,,
P25RQ,Darth Vader,Twilight of the Apprentice,RQ Prize Wall,,,,,
P25RQ,Darth Vader,Scourge of Squadrons,RQ Participation,,,,,
P25RQ,Darth Vader,Scourge of Squadrons,RQ Judge,,,,,
P25RQ,Emperor Palpatine,Master of the Dark Side,RQ Participation,,,,,
P25RQ,Emperor Palpatine,Master of the Dark Side,RQ Judge,,,,,
P25RQ,Fett's Firespray,Pursuing the Bounty,RQ Prize Wall,,,,,
P25RQ,General's Blade,,RQ Prize Wall,,,,,
P25RQ,Karis,We Don't Like Strangers,RQ Prize Wall,,,,,
P25RQ,Kit Fisto,The Smiling Jedi,RQ Prize Wall,,,,,
P25RQ,Luke Skywalker,Jedi Knight,RQ Top 8,,,,,
P25RQ,Luke Skywalker,Jedi Knight,RQ Finalist,,,,,
P25RQ,Luke Skywalker,Jedi Knight,RQ Champion,,,,,
P25RQ,Luke Skywalker,Jedi Knight,RQ Day Two,,,,,
P25RQ,Luke Skywalker,Jedi Knight,RQ Top 4,,,,,
P25RQ,Mandalorian Armor,,RQ Prize Wall,,,,,
P25RQ,Maul,Shadow Collective Visionary,RQ Prize Wall,,,,,
P25RQ,Poe Dameron,Quick to Improvise,RQ Prize Wall,,,,,
P25RQ,Profundity,We Fight!,RQ Prize Wall,,,,,
P25RQ,Rey,Keeping the Past,RQ Top 4,,,,,
P25RQ,Rey,Keeping the Past,RQ Day Two,,,,,
P25RQ,Rey,Keeping the Past,RQ Judge,,,,,
P25RQ,Rey,Keeping the Past,RQ Champion,,,,,
P25RQ,Rey,Keeping the Past,RQ Finalist,,,,,
P25RQ,Rey,Keeping the Past,RQ Top 8,,,,,
P25RQ,Shatterpoint,,RQ Prize Wall,,,,,
P25RQ,Unnatural Life,,RQ Prize Wall,,,,,
P25RQ,Victor Leader,Leading from the Front,RQ Prize Wall,,,,,
P25SQ,Admiral Ackbar,Brilliant Strategist,SQ Prize Wall,,,,,
P25SQ,Agent Kallus,Seeking the Rebels,SQ Prize Wall,,,,,
P25SQ,Aggression,,SQ Prize Wall,,,,,
P25SQ,Aggression,,SQ Event Pack,,,,,
P25SQ,Anakin Skywalker,Champion of Mortis,SQ Day Two,,,,,
P25SQ,Anakin Skywalker,Champion of Mortis,SQ Champion,,,,,
P25SQ,Anakin Skywalker,Champion of Mortis,SQ Finalist,,,,,
P25SQ,Anakin Skywalker,Champion of Mortis,SQ Top 4,,,,,
P25SQ,Anakin Skywalker,Champion of Mortis,SQ Top 8,,,,,
P25SQ,Aurra Sing,Patient and Deadly,SQ Prize Wall,,,,,
P25SQ,Aurra Sing,Patient and Deadly,SQ Event Pack,,,,,
P25SQ,Axe Woves,Accomplished Warrior,SQ Event Pack,,,,,
P25SQ,Axe Woves,Accomplished Warrior,SQ Prize Wall,,,,,
P25SQ,Chewbacca,Loyal Companion,SQ Prize Wall,,,,,
P25SQ,Command,,SQ Event Pack,,,,,
P25SQ,Command,,SQ Prize Wall,,,,,
P25SQ,Cunning,,SQ Prize Wall,,,,,
P25SQ,Cunning,,SQ Event Pack,,,,,
P25SQ,Gungi,Finding Himself,SQ Event Pack,,,,,
P25SQ,Gungi,Finding Himself,SQ Prize Wall,,,,,
P25SQ,Han Solo,Reluctant Hero,SQ Prize Wall,,,,,
P25SQ,HK-47,"Exclamation: Die, Meatbag!",SQ Prize Wall,,,,,
P25SQ,HK-47,"Exclamation: Die, Meatbag!",SQ Event Pack,,,,,
P25SQ,IG-2000,Assassin's Aggressor,SQ Event Pack,,,,,
P25SQ,IG-2000,Assassin's Aggressor,SQ Prize Wall,,,,,
P25SQ,Kylo Ren,Killing the Past,SQ Top 8,,,,,
P25SQ,Kylo Ren,Killing the Past,SQ Top 4,,,,,
P25SQ,Kylo Ren,Killing the Past,SQ Champion,,,,,
P25SQ,Kylo Ren,Killing the Past,SQ Judge,,,,,
P25SQ,Kylo Ren,Killing the Past,SQ Finalist,,,,,
P25SQ,Kylo Ren,Killing the Past,SQ Day Two,,,,,
P25SQ,Obi-Wan Kenobi,Following Fate,SQ Judge,,,,,
P25SQ,Obi-Wan Kenobi,Following Fate,SQ Participation,,,,,
P25SQ,Planetary Bombardment,,SQ Event Pack,,,,,
P25SQ,Planetary Bombardment,,SQ Prize Wall,,,,,
P25SQ,Red Three,Unstoppable,SQ Prize Wall,,,,,
P25SQ,Vernestra Rwoh,Precocious Knight,SQ Prize Wall,,,,,
P25SQ,Vernestra Rwoh,Precocious Knight,SQ Event Pack,,,,,
P25SQ,Vigilance,,SQ Prize Wall,,,,,
P25SQ,Vigilance,,SQ Event Pack,,,,,
P25SQ,Wrecker,Boom!,SQ Event Pack,,,,,
P25SQ,Wrecker,Boom!,SQ Prize Wall,,,,,
P25SQ,Yaddle,A Chance To Make Things Right,SQ Participation,,,,,
P25SQ,Yaddle,A Chance To Make Things Right,SQ Judge,,,,,
P25SS,Bossk,Hunt By Instinct,SS Judge,,,,,
P25SS,Bossk,Hunt By Instinct,SS Participation,,,,,
P25SS,Devastator,Hunting the Rebellion,SS Top 4,,,,,
P25SS,Devastator,Hunting the Rebellion,SS Top 8,,,,,
P25SS,Devastator,Hunting the Rebellion,SS Champion,,,,,
P25SS,Devastator,Hunting the Rebellion,SS Finalist,,,,,
P25SS,First Light,Threatening Elegance,SS Participation,,,,,
P25SS,First Light,Threatening Elegance,SS Judge,,,,,
P25SS,Grand Inquisitor,You're Right to Be Afraid,SS Top 8,,,,,
P25SS,Grand Inquisitor,You're Right to Be Afraid,SS Finalist,,,,,
P25SS,Grand Inquisitor,You're Right to Be Afraid,SS Top 4,,,,,
P25SS,Grand Inquisitor,You're Right to Be Afraid,SS Champion,,,,,
P25SS,Jedi Holocron,,SS Judge,,,,,
P25SS,Jedi Holocron,,SS Participation,,,,,
P25SS,Queen Amidala,Championing Her People,SS Top 4,,,,,
P25SS,Queen Amidala,Championing Her People,SS Champion,,,,,
P25SS,Queen Amidala,Championing Her People,SS Top 8,,,,,
P25SS,Queen Amidala,Championing Her People,SS Finalist,,,,,
P26,Ahsoka Tano,Chasing Whispers,Normal,,,,,
P26,Always Two,,Normal,,,,,
P26,Black One,Straight At Them,Normal,,,,,
P26,Darth Nihilus,Lord of Hunger,Normal,,,,,
P26,Darth Sion,Lord of Pain,Normal,,,,,
P26,Darth Vader,Twilight of the Apprentice,Normal,,,,,
P26,Karis,We Don't Like Strangers,Normal,,,,,
P26,Karis Nemik,Freedom is a Pure Idea,Normal,,,,,
P26,Naboo Royal Starship,Fit For A Queen,Normal,,,,,
P26,Shatterpoint,,Normal,,,,,
P26RQ,Ahsoka Tano,Chasing Whispers,RQ Prize Wall,,,,,
P26RQ,Always Two,,RQ Prize Wall,,,,,
P26RQ,Black One,Straight At Them,RQ Prize Wall,,,,,
P26RQ,Darth Nihilus,Lord of Hunger,RQ Prize Wall,,,,,
P26RQ,Darth Sion,Lord of Pain,RQ Prize Wall,,,,,
P26RQ,Darth Traya,Lord of Betrayal,RQ Champion,,,,,
P26RQ,Darth Traya,Lord of Betrayal,RQ Top 4,,,,,
P26RQ,Darth Traya,Lord of Betrayal,RQ Finalist,,,,,
P26RQ,Darth Traya,Lord of Betrayal,RQ Day Two,,,,,
P26RQ,Darth Traya,Lord of Betrayal,RQ Top 8,,,,,
P26RQ,Darth Vader,Twilight of the Apprentice,RQ Prize Wall,,,,,
P26RQ,Karis,We Don't Like Strangers,RQ Prize Wall,,,,,
P26RQ,Karis Nemik,Freedom is a Pure Idea,RQ Prize Wall,,,,,
P26RQ,Leia Organa,Extraordinary,RQ Judge,,,,,
P26RQ,Leia Organa,Extraordinary,RQ Participation,,,,,
P26RQ,Naboo Royal Starship,Fit For A Queen,RQ Prize Wall,,,,,
P26RQ,Shatterpoint,,RQ Prize Wall,,,,,
P26SQ,Aurra Sing,Patient and Deadly,SQ Event Pack,,,,,
P26SQ,Aurra Sing,Patient and Deadly,SQ Prize Wall,,,,,
P26SQ,Axe Woves,Accomplished Warrior,SQ Event Pack,,,,,
P26SQ,Axe Woves,Accomplished Warrior,SQ Prize Wall,,,,,
P26SQ,Chancellor Palpatine,I Am the Senate,SQ Judge,,,,,
P26SQ,Chancellor Palpatine,I Am the Senate,SQ Participation,,,,,
P26SQ,Chopper,War Hero,SQ Prize Wall,,,,,
P26SQ,Chopper,War Hero,SQ Event Pack,,,,,
P26SQ,Galen Erso,You'll Never Win,SQ Event Pack,,,,,
P26SQ,Galen Erso,You'll Never Win,SQ Prize Wall,,,,,
P26SQ,General Grievous,Scuttling to Safety,SQ Event Pack,,,,,
P26SQ,General Grievous,Scuttling to Safety,SQ Prize Wall,,,,,
P26SQ,Grogu,Mysterious Child,SQ Event Pack,,,,,
P26SQ,Grogu,Mysterious Child,SQ Prize Wall,,,,,
P26SQ,Gungi,Finding Himself,SQ Event Pack,,,,,
P26SQ,Gungi,Finding Himself,SQ Prize Wall,,,,,
P26SQ,HK-47,"Exclamation: Die, Meatbag!",SQ Prize Wall,,,,,
P26SQ,HK-47,"Exclamation: Die, Meatbag!",SQ Event Pack,,,,,
P26SQ,IG-2000,Assassin's Aggressor,SQ Event Pack,,,,,
P26SQ,IG-2000,Assassin's Aggressor,SQ Prize Wall,,,,,
P26SQ,Planetary Bombardment,,SQ Event Pack,,,,,
P26SQ,Planetary Bombardment,,SQ Prize Wall,,,,,
P26SQ,Qui-Gon Jinn,The Negotiations Will Be Short,SQ Top 8,,,,,
P26SQ,Qui-Gon Jinn,The Negotiations Will Be Short,SQ Day Two,,,,,
P26SQ,Qui-Gon Jinn,The Negotiations Will Be Short,SQ Top 4,,,,,
P26SQ,Qui-Gon Jinn,The Negotiations Will Be Short,SQ Finalist,,,,,
P26SQ,Qui-Gon Jinn,The Negotiations Will Be Short,SQ Champion,,,,,
P26SQ,Syril Karn,Where Is He?,SQ Prize Wall,,,,,
P26SQ,Syril Karn,Where Is He?,SQ Event Pack,,,,,
P26SQ,Vernestra Rwoh,Precocious Knight,SQ Event Pack,,,,,
P26SQ,Vernestra Rwoh,Precocious Knight,SQ Prize Wall,,,,,
SEC,A-Wing,,Standard Foil,,,,,
SEC,A-Wing,,Standard,,,,,
SEC,A-Wing,,Hyperspace Foil,,,,,
SEC,A-Wing,,Hyperspace,,,,,
SEC,AAT Incinerator,,Standard Foil,,,,,
SEC,AAT Incinerator,,Hyperspace,,,,,
SEC,AAT Incinerator,,Standard,,,,,
SEC,AAT Incinerator,,Hyperspace Foil,,,,,
SEC,Academy Disciplinarian,,Hyperspace,,,,,
SEC,Academy Disciplinarian,,Hyperspace Foil,,,,,
SEC,Academy Disciplinarian,,Standard Foil,,,,,
SEC,Academy Disciplinarian,,Standard,,,,,
SEC,Accelerate Our Plans,,Standard,,,,,
SEC,Accelerate Our Plans,,Standard Foil,,,,,
SEC,Accelerate Our Plans,,Hyperspace Foil,,,,,
SEC,Accelerate Our Plans,,Hyperspace,,,,,
SEC,Aggressive Negotiations,,Hyperspace Foil,,,,,
SEC,Aggressive Negotiations,,Hyperspace,,,,,
SEC,Aggressive Negotiations,,Standard,,,,,
SEC,Aggressive Negotiations,,Standard Foil,,,,,
SEC,Ahsoka Tano,I Learned It from You,Hyperspace Foil,,,,,
SEC,Ahsoka Tano,I Learned It from You,Standard,,,,,
SEC,Ahsoka Tano,I Learned It from You,Hyperspace,,,,,
SEC,Ahsoka Tano,I Learned It from You,Standard Foil,,,,,
SEC,Alderaanian Envoys,,Standard,,,,,
SEC,Alderaanian Envoys,,Hyperspace,,,,,
SEC,Alderaanian Envoys,,Standard Foil,,,,,
SEC,Alderaanian Envoys,,Hyperspace Foil,,,,,
SEC,Alexsandr Kallus,With New Purpose,Hyperspace Foil,,,,,
SEC,Alexsandr Kallus,With New Purpose,Standard,,,,,
SEC,Alexsandr Kallus,With New Purpose,Hyperspace,,,,,
SEC,Alexsandr Kallus,With New Purpose,Standard Prestige,,,,,
SEC,Alexsandr Kallus,With New Purpose,Standard Foil,,,,,
SEC,Alexsandr Kallus,With New Purpose,Foil Prestige,,,,,
SEC,Alexsandr Kallus,With New Purpose,Serialized Prestige,,,,,
SEC,Ambition's Reward,,Hyperspace Foil,,,,,
SEC,Ambition's Reward,,Hyperspace,,,,,
SEC,Ambition's Reward,,Standard,,,,,
SEC,Ambition's Reward,,Standard Foil,,,,,
SEC,Amnesty Housing,,Standard,,,,,
SEC,Amnesty Housing,,Hyperspace,,,,,
SEC,Anakin Skywalker,Secret Husband,Hyperspace,,,,,
SEC,Anakin Skywalker,Secret Husband,Hyperspace Foil,,,,,
SEC,Anakin Skywalker,Secret Husband,Standard,,,,,
SEC,Anakin Skywalker,Secret Husband,Standard Foil,,,,,
SEC,Ando Commission,,Hyperspace Foil,,,,,
SEC,Ando Commission,,Standard Foil,,,,,
SEC,Ando Commission,,Hyperspace,,,,,
SEC,Ando Commission,,Standard,,,,,
SEC,Arihnda Pryce,On the Road to Power,Hyperspace Foil,,,,,
SEC,Arihnda Pryce,On the Road to Power,Hyperspace,,,,,
SEC,Arihnda Pryce,On the Road to Power,Standard Foil,,,,,
SEC,Arihnda Pryce,On the Road to Power,Standard,,,,,
SEC,Armor of Fortune,,Standard,,,,,
SEC,Armor of Fortune,,Hyperspace,,,,,
SEC,Armor of Fortune,,Standard Foil,,,,,
SEC,Armor of Fortune,,Hyperspace Foil,,,,,
SEC,Arrest,,Hyperspace,,,,,
SEC,Arrest,,Standard,,,,,
SEC,Arrest,,Hyperspace Foil,,,,,
SEC,Arrest,,Standard Foil,,,,,
SEC,ASP Laborer,,Hyperspace,,,,,
SEC,ASP Laborer,,Standard,,,,,
SEC,ASP Laborer,,Hyperspace Foil,,,,,
SEC,ASP Laborer,,Standard Foil,,,,,
SEC,Assassin Probe,,Hyperspace Foil,,,,,
SEC,Assassin Probe,,Standard,,,,,
SEC,Assassin Probe,,Hyperspace,,,,,
SEC,Assassin Probe,,Standard Foil,,,,,
SEC,B2EMO,That's Two Lies,Standard Foil,,,,,
SEC,B2EMO,That's Two Lies,Hyperspace,,,,,
SEC,B2EMO,That's Two Lies,Foil Prestige,,,,,
SEC,B2EMO,That's Two Lies,Hyperspace Foil,,,,,
SEC,B2EMO,That's Two Lies,Standard Prestige,,,,,
SEC,B2EMO,That's Two Lies,Standard,,,,,
SEC,B2EMO,That's Two Lies,Serialized Prestige,,,,,
SEC,Bail Organa,Doing Everything He Can,Hyperspace,,,,,
SEC,Bail Organa,Responding to Catastrophe,Serialized Prestige - Yellow Gold,,,,,
SEC,Bail Organa,Responding to Catastrophe,Standard,,,,,
SEC,Bail Organa,Responding to Catastrophe,Standard Foil,,,,,
SEC,Bail Organa,Doing Everything He Can,Standard,,,,,
SEC,Bail Organa,Responding to Catastrophe,Hyperspace Foil,,,,,
SEC,Bail Organa,Responding to Catastrophe,Foil Prestige,,,,,
SEC,Bail Organa,Responding to Catastrophe,Hyperspace,,,,,
SEC,Bail Organa,Responding to Catastrophe,Serialized Prestige - Rose Gold,,,,,
SEC,Bail Organa,Responding to Catastrophe,Standard Prestige,,,,,
SEC,Bail Organa,Doing Everything He Can,Showcase,,,,,
SEC,Bardottan Ornithopter,,Standard,,,,,
SEC,Bardottan Ornithopter,,Hyperspace,,,,,
SEC,Bardottan Ornithopter,,Standard Foil,,,,,
SEC,Bardottan Ornithopter,,Hyperspace Foil,,,,,
SEC,Beguile,,Standard,,,,,
SEC,Beguile,,Hyperspace,,,,,
SEC,Beguile,,Standard Foil,,,,,
SEC,Beguile,,Hyperspace Foil,,,,,
SEC,Beloved Orator,,Hyperspace,,,,,
SEC,Beloved Orator,,Standard Foil,,,,,
SEC,Beloved Orator,,Standard,,,,,
SEC,Beloved Orator,,Hyperspace Foil,,,,,
SEC,Blue Ace,Colorful Racer,Hyperspace Foil,,,,,
SEC,Blue Ace,Colorful Racer,Hyperspace,,,,,
SEC,Blue Ace,Colorful Racer,Standard,,,,,
SEC,Blue Ace,Colorful Racer,Standard Foil,,,,,
SEC,Bo-Katan Kryze,Alone,Standard,,,,,
SEC,Bo-Katan Kryze,Alone,Standard Foil,,,,,
SEC,Bo-Katan Kryze,Alone,Hyperspace Foil,,,,,
SEC,Bo-Katan Kryze,Alone,Hyperspace,,,,,
SEC,Bog Down in Procedure,,Standard Foil,,,,,
SEC,Bog Down in Procedure,,Hyperspace,,,,,
SEC,Bog Down in Procedure,,Hyperspace Foil,,,,,
SEC,Bog Down in Procedure,,Standard,,,,,
SEC,Bravo Squadron Fighter,,Standard,,,,,
SEC,Bravo Squadron Fighter,,Hyperspace Foil,,,,,
SEC,Bravo Squadron Fighter,,Hyperspace,,,,,
SEC,Bravo Squadron Fighter,,Standard Foil,,,,,
SEC,Budget Scheming,,Hyperspace Foil,,,,,
SEC,Budget Scheming,,Standard Foil,,,,,
SEC,Budget Scheming,,Hyperspace,,,,,
SEC,Budget Scheming,,Standard,,,,,
SEC,C-3PO,Human-Cyborg Relations,Standard,,,,,
SEC,C-3PO,Anything I Might Do?,Hyperspace Foil,,,,,
SEC,C-3PO,Human-Cyborg Relations,Hyperspace,,,,,
SEC,C-3PO,Human-Cyborg Relations,Showcase,,,,,
SEC,C-3PO,Anything I Might Do?,Standard Foil,,,,,
SEC,C-3PO,Anything I Might Do?,Standard,,,,,
SEC,C-3PO,Anything I Might Do?,Hyperspace,,,,,
SEC,Cad Bane,Impressed Now?,Standard Prestige,,,,,
SEC,Cad Bane,Impressed Now?,Foil Prestige,,,,,
SEC,Cad Bane,Impressed Now?,Standard,,,,,
SEC,Cad Bane,Impressed Now?,Hyperspace,,,,,
SEC,Cad Bane,Impressed Now?,Hyperspace Foil,,,,,
SEC,Cad Bane,Impressed Now?,Serialized Prestige,,,,,
SEC,Cad Bane,Impressed Now?,Standard Foil,,,,,
SEC,Cantwell Arrestor Cruiser,,Standard Foil,,,,,
SEC,Cantwell Arrestor Cruiser,,Hyperspace,,,,,
SEC,Cantwell Arrestor Cruiser,,Standard,,,,,
SEC,Cantwell Arrestor Cruiser,,Hyperspace Foil,,,,,
SEC,Captain Rex,Into the Firefight,Standard,,,,,
SEC,Captain Rex,Into the Firefight,Hyperspace,,,,,
SEC,Captain Rex,Into the Firefight,Standard Foil,,,,,
SEC,Captain Rex,Into the Firefight,Hyperspace Foil,,,,,
SEC,Captain Typho,All Necessary Precautions,Hyperspace,,,,,
SEC,Captain Typho,All Necessary Precautions,Standard,,,,,
SEC,Captain Typho,All Necessary Precautions,Hyperspace Foil,,,,,
SEC,Captain Typho,All Necessary Precautions,Standard Foil,,,,,
SEC,Cassian Andor,Climb!,Showcase,,,,,
SEC,Cassian Andor,Lay Low,Standard Prestige,,,,,
SEC,Cassian Andor,Lay Low,Hyperspace Foil,,,,,
SEC,Cassian Andor,Lay Low,Standard Foil,,,,,
SEC,Cassian Andor,Lay Low,Standard,,,,,
SEC,Cassian Andor,Climb!,Standard,,,,,
SEC,Cassian Andor,Lay Low,Serialized Prestige,,,,,
SEC,Cassian Andor,Lay Low,Hyperspace,,,,,
SEC,Cassian Andor,Lay Low,Foil Prestige,,,,,
SEC,Cassian Andor,Climb!,Hyperspace,,,,,
SEC,Catch Unawares,,Hyperspace,,,,,
SEC,Catch Unawares,,Standard Foil,,,,,
SEC,Catch Unawares,,Hyperspace Foil,,,,,
SEC,Catch Unawares,,Standard,,,,,
SEC,Chairman Papanoida,Undaunted Diplomat,Standard Foil,,,,,
SEC,Chairman Papanoida,Undaunted Diplomat,Hyperspace,,,,,
SEC,Chairman Papanoida,Undaunted Diplomat,Serialized Prestige - Rose Gold,,,,,
SEC,Chairman Papanoida,Undaunted Diplomat,Standard,,,,,
SEC,Chairman Papanoida,Undaunted Diplomat,Hyperspace Foil,,,,,
SEC,Chairman Papanoida,Undaunted Diplomat,Serialized Prestige - Yellow Gold,,,,,
SEC,Chairman Papanoida,Undaunted Diplomat,Foil Prestige,,,,,
SEC,Chairman Papanoida,Undaunted Diplomat,Standard Prestige,,,,,
SEC,Chancellor Palpatine,I Am the Senate,Hyperspace Foil,,,,,
SEC,Chancellor Palpatine,How Liberty Dies,Hyperspace,,,,,
SEC,Chancellor Palpatine,How Liberty Dies,Standard,,,,,
SEC,Chancellor Palpatine,I Am the Senate,Standard,,,,,
SEC,Chancellor Palpatine,I Am the Senate,Standard Foil,,,,,
SEC,Chancellor Palpatine,I Am the Senate,Hyperspace,,,,,
SEC,Chancellor Palpatine,How Liberty Dies,Showcase,,,,,
SEC,Chancellor Valorum,Civil Servant,Standard Prestige,,,,,
SEC,Chancellor Valorum,Civil Servant,Hyperspace,,,,,
SEC,Chancellor Valorum,Civil Servant,Standard,,,,,
SEC,Chancellor Valorum,Civil Servant,Serialized Prestige - Rose Gold,,,,,
SEC,Chancellor Valorum,Civil Servant,Foil Prestige,,,,,
SEC,Chancellor Valorum,Civil Servant,Serialized Prestige - Yellow Gold,,,,,
SEC,Chancellor Valorum,Civil Servant,Standard Foil,,,,,
SEC,Chancellor Valorum,Civil Servant,Hyperspace Foil,,,,,
SEC,Chandrilan Sponsor,,Hyperspace,,,,,
SEC,Chandrilan Sponsor,,Hyperspace Foil,,,,,
SEC,Chandrilan Sponsor,,Standard Foil,,,,,
SEC,Chandrilan Sponsor,,Standard,,,,,
SEC,Charged with Corruption,,Hyperspace,,,,,
SEC,Charged with Corruption,,Standard,,,,,
SEC,Charged with Corruption,,Hyperspace Foil,,,,,
SEC,Charged with Corruption,,Standard Foil,,,,,
SEC,Charged with Espionage,,Hyperspace Foil,,,,,
SEC,Charged with Espionage,,Standard Foil,,,,,
SEC,Charged with Espionage,,Hyperspace,,,,,
SEC,Charged with Espionage,,Standard,,,,,
SEC,Charged with Murder,,Hyperspace Foil,,,,,
SEC,Charged with Murder,,Hyperspace,,,,,
SEC,Charged with Murder,,Standard Foil,,,,,
SEC,Charged with Murder,,Standard,,,,,
SEC,Charged with Treason,,Hyperspace Foil,,,,,
SEC,Charged with Treason,,Standard,,,,,
SEC,Charged with Treason,,Hyperspace,,,,,
SEC,Charged with Treason,,Standard Foil,,,,,
SEC,Chopper,War Hero,Standard Foil,,,,,
SEC,Chopper,War Hero,Hyperspace,,,,,
SEC,Chopper,War Hero,Standard Prestige,,,,,
SEC,Chopper,War Hero,Standard,,,,,
SEC,Chopper,War Hero,Serialized Prestige,,,,,
SEC,Chopper,War Hero,Hyperspace Foil,,,,,
SEC,Chopper,War Hero,Foil Prestige,,,,,
SEC,Cikatro Vizago,Business is What Matters,Hyperspace,,,,,
SEC,Cikatro Vizago,Business is What Matters,Standard,,,,,
SEC,Cikatro Vizago,Business is What Matters,Hyperspace Foil,,,,,
SEC,Cikatro Vizago,Business is What Matters,Standard Foil,,,,,
SEC,Cinta Kaz,The Struggle Comes First,Standard,,,,,
SEC,Cinta Kaz,The Struggle Comes First,Hyperspace Foil,,,,,
SEC,Cinta Kaz,The Struggle Comes First,Standard Foil,,,,,
SEC,Cinta Kaz,The Struggle Comes First,Foil Prestige,,,,,
SEC,Cinta Kaz,The Struggle Comes First,Hyperspace,,,,,
SEC,Cinta Kaz,The Struggle Comes First,Standard Prestige,,,,,
SEC,Cinta Kaz,The Struggle Comes First,Serialized Prestige,,,,,
SEC,Clandestine Connections,,Standard,,,,,
SEC,Clandestine Connections,,Hyperspace Foil,,,,,
SEC,Clandestine Connections,,Hyperspace,,,,,
SEC,Clandestine Connections,,Standard Foil,,,,,
SEC,Colonel Yularen,This Is Why We Plan,Showcase,,,,,
SEC,Colonel Yularen,This Is Why We Plan,Hyperspace,,,,,
SEC,Colonel Yularen,This Is Why We Plan,Standard,,,,,
SEC,Condemn,,Hyperspace,,,,,
SEC,Condemn,,Standard Foil,,,,,
SEC,Condemn,,Hyperspace Foil,,,,,
SEC,Condemn,,Standard,,,,,
SEC,Confidence in Victory,,Hyperspace,,,,,
SEC,Confidence in Victory,,Standard Foil,,,,,
SEC,Confidence in Victory,,Hyperspace Foil,,,,,
SEC,Confidence in Victory,,Standard,,,,,
SEC,Congress of Malastare,,Hyperspace Foil,,,,,
SEC,Congress of Malastare,,Hyperspace,,,,,
SEC,Congress of Malastare,,Standard,,,,,
SEC,Congress of Malastare,,Standard Foil,,,,,
SEC,Consular's Cruiser,,Hyperspace Foil,,,,,
SEC,Consular's Cruiser,,Standard,,,,,
SEC,Consular's Cruiser,,Standard Foil,,,,,
SEC,Consular's Cruiser,,Hyperspace,,,,,
SEC,Contempt for Culture,,Standard,,,,,
SEC,Contempt for Culture,,Hyperspace Foil,,,,,
SEC,Contempt for Culture,,Standard Foil,,,,,
SEC,Contempt for Culture,,Hyperspace,,,,,
SEC,Contraband Starhopper,,Hyperspace Foil,,,,,
SEC,Contraband Starhopper,,Hyperspace,,,,,
SEC,Contraband Starhopper,,Standard,,,,,
SEC,Contraband Starhopper,,Standard Foil,,,,,
SEC,Convene the Senate,,Hyperspace,,,,,
SEC,Convene the Senate,,Standard Foil,,,,,
SEC,Convene the Senate,,Standard,,,,,
SEC,Convene the Senate,,Hyperspace Foil,,,,,
SEC,Corellian Hounds,,Standard Foil,,,,,
SEC,Corellian Hounds,,Standard,,,,,
SEC,Corellian Hounds,,Hyperspace Foil,,,,,
SEC,Corellian Hounds,,Hyperspace,,,,,
SEC,Coronet,Stately Vessel,Standard Foil,,,,,
SEC,Coronet,Stately Vessel,Hyperspace,,,,,
SEC,Coronet,Stately Vessel,Standard,,,,,
SEC,Coronet,Stately Vessel,Hyperspace Foil,,,,,
SEC,Corporate Warmongering,,Standard Foil,,,,,
SEC,Corporate Warmongering,,Hyperspace Foil,,,,,
SEC,Corporate Warmongering,,Standard,,,,,
SEC,Corporate Warmongering,,Hyperspace,,,,,
SEC,Corrupt Politician,,Standard Foil,,,,,
SEC,Corrupt Politician,,Hyperspace Foil,,,,,
SEC,Corrupt Politician,,Hyperspace,,,,,
SEC,Corrupt Politician,,Standard,,,,,
SEC,Coruscant Undercity Police,,Hyperspace Foil,,,,,
SEC,Coruscant Undercity Police,,Standard,,,,,
SEC,Coruscant Undercity Police,,Hyperspace,,,,,
SEC,Coruscant Undercity Police,,Standard Foil,,,,,
SEC,Covert Operative,,Standard Foil,,,,,
SEC,Covert Operative,,Hyperspace,,,,,
SEC,Covert Operative,,Standard,,,,,
SEC,Covert Operative,,Hyperspace Foil,,,,,
SEC,Crait Veteran,,Hyperspace Foil,,,,,
SEC,Crait Veteran,,Standard Foil,,,,,
SEC,Crait Veteran,,Standard,,,,,
SEC,Crait Veteran,,Hyperspace,,,,,
SEC,Creditor's Claim,,Standard Foil,,,,,
SEC,Creditor's Claim,,Standard,,,,,
SEC,Creditor's Claim,,Hyperspace Foil,,,,,
SEC,Creditor's Claim,,Hyperspace,,,,,
SEC,Crosshair,Filled With Doubt,Hyperspace Foil,,,,,
SEC,Crosshair,Filled With Doubt,Standard Foil,,,,,
SEC,Crosshair,Filled With Doubt,Hyperspace,,,,,
SEC,Crosshair,Filled With Doubt,Standard,,,,,
SEC,Crucible,Centuries of Wisdom,Standard Foil,,,,,
SEC,Crucible,Centuries of Wisdom,Hyperspace Foil,,,,,
SEC,Crucible,Centuries of Wisdom,Standard,,,,,
SEC,Crucible,Centuries of Wisdom,Hyperspace,,,,,
SEC,Cruel Commandos,,Hyperspace,,,,,
SEC,Cruel Commandos,,Hyperspace Foil,,,,,
SEC,Cruel Commandos,,Standard,,,,,
SEC,Cruel Commandos,,Standard Foil,,,,,
SEC,Daro Commando,,Hyperspace,,,,,
SEC,Daro Commando,,Hyperspace Foil,,,,,
SEC,Daro Commando,,Standard,,,,,
SEC,Daro Commando,,Standard Foil,,,,,
SEC,Darth Nihilus,Lord of Hunger,Hyperspace Foil,,,,,
SEC,Darth Nihilus,Lord of Hunger,Hyperspace,,,,,
SEC,Darth Nihilus,Lord of Hunger,Standard Foil,,,,,
SEC,Darth Nihilus,Lord of Hunger,Standard,,,,,
SEC,Darth Sion,Lord of Pain,Standard,,,,,
SEC,Darth Sion,Lord of Pain,Standard Foil,,,,,
SEC,Darth Sion,Lord of Pain,Hyperspace Foil,,,,,
SEC,Darth Sion,Lord of Pain,Hyperspace,,,,,
SEC,Darth Traya,Lord of Betrayal,Standard Foil,,,,,
SEC,Darth Traya,Lord of Betrayal,Hyperspace,,,,,
SEC,Darth Traya,Lord of Betrayal,Standard,,,,,
SEC,Darth Traya,Lord of Betrayal,Hyperspace Foil,,,,,
SEC,Death Trooper,,Hyperspace,,,,,
SEC,Death Trooper,,Hyperspace Foil,,,,,
SEC,Death Trooper,,Standard Foil,,,,,
SEC,Death Trooper,,Standard,,,,,
SEC,Dedra Meero,Not Wasting Time,Standard,,,,,
SEC,Dedra Meero,With Verifiable Data,Standard Prestige,,,,,
SEC,Dedra Meero,With Verifiable Data,Serialized Prestige - Rose Gold,,,,,
SEC,Dedra Meero,With Verifiable Data,Hyperspace Foil,,,,,
SEC,Dedra Meero,With Verifiable Data,Hyperspace,,,,,
SEC,Dedra Meero,Not Wasting Time,Showcase,,,,,
SEC,Dedra Meero,With Verifiable Data,Standard Foil,,,,,
SEC,Dedra Meero,With Verifiable Data,Foil Prestige,,,,,
SEC,Dedra Meero,With Verifiable Data,Standard,,,,,
SEC,Dedra Meero,With Verifiable Data,Serialized Prestige - Yellow Gold,,,,,
SEC,Dedra Meero,Not Wasting Time,Hyperspace,,,,,
SEC,Defense Fleet X-Wing,,Hyperspace Foil,,,,,
SEC,Defense Fleet X-Wing,,Hyperspace,,,,,
SEC,Defense Fleet X-Wing,,Standard,,,,,
SEC,Defense Fleet X-Wing,,Standard Foil,,,,,
SEC,Dhani Pilgrim,,Standard,,,,,
SEC,Dhani Pilgrim,,Hyperspace,,,,,
SEC,Dhani Pilgrim,,Standard Foil,,,,,
SEC,Dhani Pilgrim,,Hyperspace Foil,,,,,
SEC,Diplomatic Envoy,,Standard,,,,,
SEC,Diplomatic Envoy,,Hyperspace,,,,,
SEC,Diplomatic Envoy,,Hyperspace Foil,,,,,
SEC,Diplomatic Envoy,,Standard Foil,,,,,
SEC,Diplomatic Immunity,,Standard Foil,,,,,
SEC,Diplomatic Immunity,,Hyperspace,,,,,
SEC,Diplomatic Immunity,,Standard,,,,,
SEC,Diplomatic Immunity,,Hyperspace Foil,,,,,
SEC,Director Krennic,I Lose Nothing But Time,Serialized Prestige - Rose Gold,,,,,
SEC,Director Krennic,I Lose Nothing But Time,Foil Prestige,,,,,
SEC,Director Krennic,I Lose Nothing But Time,Standard Prestige,,,,,
SEC,Director Krennic,I Lose Nothing But Time,Standard,,,,,
SEC,Director Krennic,I Lose Nothing But Time,Standard Foil,,,,,
SEC,Director Krennic,I Lose Nothing But Time,Serialized Prestige - Yellow Gold,,,,,
SEC,Director Krennic,I Lose Nothing But Time,Hyperspace Foil,,,,,
SEC,Director Krennic,I Lose Nothing But Time,Hyperspace,,,,,
SEC,Disciples' Devotion,,Standard Foil,,,,,
SEC,Disciples' Devotion,,Hyperspace Foil,,,,,
SEC,Disciples' Devotion,,Standard,,,,,
SEC,Disciples' Devotion,,Hyperspace,,,,,
SEC,Dismantle the Conspiracy,,Standard,,,,,
SEC,Dismantle the Conspiracy,,Hyperspace,,,,,
SEC,Dismantle the Conspiracy,,Hyperspace Foil,,,,,
SEC,Dismantle the Conspiracy,,Standard Foil,,,,,
SEC,DJ,Need a Lift?,Hyperspace,,,,,
SEC,DJ,Need a Lift?,Standard,,,,,
SEC,DJ,Need a Lift?,Showcase,,,,,
SEC,Dogmatic Shock Squad,,Standard Foil,,,,,
SEC,Dogmatic Shock Squad,,Hyperspace,,,,,
SEC,Dogmatic Shock Squad,,Standard,,,,,
SEC,Dogmatic Shock Squad,,Hyperspace Foil,,,,,
SEC,Dressellian Commandos,,Standard Foil,,,,,
SEC,Dressellian Commandos,,Hyperspace,,,,,
SEC,Dressellian Commandos,,Hyperspace Foil,,,,,
SEC,Dressellian Commandos,,Standard,,,,,
SEC,Dryden Vos,I Get All Worked Up,Hyperspace Foil,,,,,
SEC,Dryden Vos,I Get All Worked Up,Hyperspace,,,,,
SEC,Dryden Vos,I Get All Worked Up,Standard Prestige,,,,,
SEC,Dryden Vos,I Never Ask Twice,Hyperspace,,,,,
SEC,Dryden Vos,I Never Ask Twice,Standard,,,,,
SEC,Dryden Vos,I Get All Worked Up,Serialized Prestige,,,,,
SEC,Dryden Vos,I Get All Worked Up,Standard,,,,,
SEC,Dryden Vos,I Get All Worked Up,Foil Prestige,,,,,
SEC,Dryden Vos,I Get All Worked Up,Standard Foil,,,,,
SEC,Dryden Vos,I Never Ask Twice,Showcase,,,,,
SEC,Duchess's Investigators,,Standard Foil,,,,,
SEC,Duchess's Investigators,,Hyperspace,,,,,
SEC,Duchess's Investigators,,Hyperspace Foil,,,,,
SEC,Duchess's Investigators,,Standard,,,,,
SEC,Ebon Hawk,Cause and Effect,Standard Foil,,,,,
SEC,Ebon Hawk,Cause and Effect,Hyperspace,,,,,
SEC,Ebon Hawk,Cause and Effect,Standard,,,,,
SEC,Ebon Hawk,Cause and Effect,Hyperspace Foil,,,,,
SEC,Elia Kane,False Convert,Hyperspace Foil,,,,,
SEC,Elia Kane,False Convert,Standard Foil,,,,,
SEC,Elia Kane,False Convert,Hyperspace,,,,,
SEC,Elia Kane,False Convert,Standard,,,,,
SEC,Emergency Powers,,Standard,,,,,
SEC,Emergency Powers,,Standard Foil,,,,,
SEC,Emergency Powers,,Hyperspace Foil,,,,,
SEC,Emergency Powers,,Hyperspace,,,,,
SEC,Emissaries from Ryloth,,Standard,,,,,
SEC,Emissaries from Ryloth,,Standard Foil,,,,,
SEC,Emissaries from Ryloth,,Hyperspace Foil,,,,,
SEC,Emissaries from Ryloth,,Hyperspace,,,,,
SEC,Emissary's Sheathipede,,Standard Foil,,,,,
SEC,Emissary's Sheathipede,,Standard,,,,,
SEC,Emissary's Sheathipede,,Hyperspace,,,,,
SEC,Emissary's Sheathipede,,Hyperspace Foil,,,,,
SEC,Enforcer Squadron,,Hyperspace Foil,,,,,
SEC,Enforcer Squadron,,Standard,,,,,
SEC,Enforcer Squadron,,Standard Foil,,,,,
SEC,Enforcer Squadron,,Hyperspace,,,,,
SEC,Escape Pod,,Hyperspace Foil,,,,,
SEC,Escape Pod,,Standard Foil,,,,,
SEC,Escape Pod,,Hyperspace,,,,,
SEC,Escape Pod,,Standard,,,,,
SEC,Evil is Everywhere,,Hyperspace,,,,,
SEC,Evil is Everywhere,,Standard Foil,,,,,
SEC,Evil is Everywhere,,Standard,,,,,
SEC,Evil is Everywhere,,Hyperspace Foil,,,,,
SEC,Exiled from the Force,,Standard Foil,,,,,
SEC,Exiled from the Force,,Standard,,,,,
SEC,Exiled from the Force,,Hyperspace,,,,,
SEC,Exiled from the Force,,Hyperspace Foil,,,,,
SEC,Faith in Your Friends,,Hyperspace Foil,,,,,
SEC,Faith in Your Friends,,Standard Foil,,,,,
SEC,Faith in Your Friends,,Hyperspace,,,,,
SEC,Faith in Your Friends,,Standard,,,,,
SEC,Ferrix Uprising,,Hyperspace Foil,,,,,
SEC,Ferrix Uprising,,Standard Foil,,,,,
SEC,Ferrix Uprising,,Hyperspace,,,,,
SEC,Ferrix Uprising,,Standard,,,,,
SEC,Figure of Unity,,Hyperspace Foil,,,,,
SEC,Figure of Unity,,Standard,,,,,
SEC,Figure of Unity,,Hyperspace,,,,,
SEC,Figure of Unity,,Standard Foil,,,,,
SEC,First Light,Threatening Elegance,Foil Prestige,,,,,
SEC,First Light,Threatening Elegance,Standard,,,,,
SEC,First Light,Threatening Elegance,Standard Foil,,,,,
SEC,First Light,Threatening Elegance,Serialized Prestige,,,,,
SEC,First Light,Threatening Elegance,Standard Prestige,,,,,
SEC,First Light,Threatening Elegance,Hyperspace Foil,,,,,
SEC,First Light,Threatening Elegance,Hyperspace,,,,,
SEC,FN Trooper Corps,,Hyperspace Foil,,,,,
SEC,FN Trooper Corps,,Standard Foil,,,,,
SEC,FN Trooper Corps,,Standard,,,,,
SEC,FN Trooper Corps,,Hyperspace,,,,,
SEC,Fully Armed and Operational,,Standard Foil,,,,,
SEC,Fully Armed and Operational,,Standard,,,,,
SEC,Fully Armed and Operational,,Hyperspace Foil,,,,,
SEC,Fully Armed and Operational,,Hyperspace,,,,,
SEC,Fulminatrix,Fleet Killer,Hyperspace,,,,,
SEC,Fulminatrix,Fleet Killer,Standard,,,,,
SEC,Fulminatrix,Fleet Killer,Standard Foil,,,,,
SEC,Fulminatrix,Fleet Killer,Hyperspace Foil,,,,,
SEC,Furtive Handmaiden,,Standard Foil,,,,,
SEC,Furtive Handmaiden,,Standard,,,,,
SEC,Furtive Handmaiden,,Hyperspace Foil,,,,,
SEC,Furtive Handmaiden,,Hyperspace,,,,,
SEC,Galen Erso,You'll Never Win,Hyperspace Foil,,,,,
SEC,Galen Erso,You'll Never Win,Hyperspace,,,,,
SEC,Galen Erso,You'll Never Win,Standard,,,,,
SEC,Galen Erso,You'll Never Win,Standard Foil,,,,,
SEC,Garindan,Information Broker,Standard Prestige,,,,,
SEC,Garindan,Information Broker,Standard,,,,,
SEC,Garindan,Information Broker,Hyperspace,,,,,
SEC,Garindan,Information Broker,Foil Prestige,,,,,
SEC,Garindan,Information Broker,Hyperspace Foil,,,,,
SEC,Garindan,Information Broker,Standard Foil,,,,,
SEC,Garindan,Information Broker,Serialized Prestige,,,,,
SEC,General Grievous,Scuttling to Safety,Standard Foil,,,,,
SEC,General Grievous,Scuttling to Safety,Serialized Prestige - Yellow Gold,,,,,
SEC,General Grievous,Scuttling to Safety,Standard,,,,,
SEC,General Grievous,Scuttling to Safety,Foil Prestige,,,,,
SEC,General Grievous,Scuttling to Safety,Serialized Prestige - Rose Gold,,,,,
SEC,General Grievous,Scuttling to Safety,Hyperspace Foil,,,,,
SEC,General Grievous,Scuttling to Safety,Standard Prestige,,,,,
SEC,General Grievous,Scuttling to Safety,Hyperspace,,,,,
SEC,GNK Power Droid,,Standard Foil,,,,,
SEC,GNK Power Droid,,Hyperspace,,,,,
SEC,GNK Power Droid,,Hyperspace Foil,,,,,
SEC,GNK Power Droid,,Standard,,,,,
SEC,Governor Pryce,Tyrant of Lothal,Showcase,,,,,
SEC,Governor Pryce,Tyrant of Lothal,Hyperspace,,,,,
SEC,Governor Pryce,Tyrant of Lothal,Standard,,,,,
SEC,Grand Admiral Thrawn,Grand Schemer,Standard Prestige,,,,,
SEC,Grand Admiral Thrawn,Grand Schemer,Serialized Prestige - Yellow Gold,,,,,
SEC,Grand Admiral Thrawn,Grand Schemer,Hyperspace Foil,,,,,
SEC,Grand Admiral Thrawn,Grand Schemer,Foil Prestige,,,,,
SEC,Grand Admiral Thrawn,Grand Schemer,Serialized Prestige - Rose Gold,,,,,
SEC,Grand Admiral Thrawn,Grand Schemer,Standard,,,,,
SEC,Grand Admiral Thrawn,Grand Schemer,Standard Foil,,,,,
SEC,Grand Admiral Thrawn,Grand Schemer,Hyperspace,,,,,
SEC,Grand Moff Tarkin,Taking Krennic's Achievement,Serialized Prestige - Rose Gold,,,,,
SEC,Grand Moff Tarkin,Taking Krennic's Achievement,Standard Prestige,,,,,
SEC,Grand Moff Tarkin,Taking Krennic's Achievement,Hyperspace,,,,,
SEC,Grand Moff Tarkin,Taking Krennic's Achievement,Standard Foil,,,,,
SEC,Grand Moff Tarkin,Taking Krennic's Achievement,Hyperspace Foil,,,,,
SEC,Grand Moff Tarkin,Taking Krennic's Achievement,Serialized Prestige - Yellow Gold,,,,,
SEC,Grand Moff Tarkin,Taking Krennic's Achievement,Foil Prestige,,,,,
SEC,Grand Moff Tarkin,Taking Krennic's Achievement,Standard,,,,,
SEC,Grassroots Resistance,,Hyperspace,,,,,
SEC,Grassroots Resistance,,Standard Foil,,,,,
SEC,Grassroots Resistance,,Hyperspace Foil,,,,,
SEC,Grassroots Resistance,,Standard,,,,,
SEC,Heroic ARC-170,,Standard Foil,,,,,
SEC,Heroic ARC-170,,Standard,,,,,
SEC,Heroic ARC-170,,Hyperspace,,,,,
SEC,Heroic ARC-170,,Hyperspace Foil,,,,,
SEC,High Command Councilor,,Standard,,,,,
SEC,High Command Councilor,,Hyperspace,,,,,
SEC,High Command Councilor,,Hyperspace Foil,,,,,
SEC,High Command Councilor,,Standard Foil,,,,,
SEC,Hired Slicer,,Standard Foil,,,,,
SEC,Hired Slicer,,Hyperspace Foil,,,,,
SEC,Hired Slicer,,Hyperspace,,,,,
SEC,Hired Slicer,,Standard,,,,,
SEC,Hondo Ohnaka,You Better Hurry,Hyperspace,,,,,
SEC,Hondo Ohnaka,You Better Hurry,Hyperspace Foil,,,,,
SEC,Hondo Ohnaka,You Better Hurry,Standard,,,,,
SEC,Hondo Ohnaka,You Better Hurry,Standard Foil,,,,,
SEC,Hunter,Extraordinary Tracker,Hyperspace,,,,,
SEC,Hunter,Extraordinary Tracker,Hyperspace Foil,,,,,
SEC,Hunter,Extraordinary Tracker,Standard,,,,,
SEC,Hunter,Extraordinary Tracker,Standard Foil,,,,,
SEC,Hunting Assassin Droid,,Standard,,,,,
SEC,Hunting Assassin Droid,,Hyperspace,,,,,
SEC,Hunting Assassin Droid,,Hyperspace Foil,,,,,
SEC,Hunting Assassin Droid,,Standard Foil,,,,,
SEC,Hutt Cartel Starfighter,,Standard Foil,,,,,
SEC,Hutt Cartel Starfighter,,Hyperspace,,,,,
SEC,Hutt Cartel Starfighter,,Standard,,,,,
SEC,Hutt Cartel Starfighter,,Hyperspace Foil,,,,,
SEC,Hyperspace Disaster,,Hyperspace,,,,,
SEC,Hyperspace Disaster,,Hyperspace Foil,,,,,
SEC,Hyperspace Disaster,,Standard Foil,,,,,
SEC,Hyperspace Disaster,,Standard,,,,,
SEC,I Am the Senate,,Standard Foil,,,,,
SEC,I Am the Senate,,Hyperspace,,,,,
SEC,I Am the Senate,,Hyperspace Foil,,,,,
SEC,I Am the Senate,,Standard,,,,,
SEC,Imperial Dark Trooper,,Standard,,,,,
SEC,Imperial Dark Trooper,,Hyperspace,,,,,
SEC,Imperial Dark Trooper,,Hyperspace Foil,,,,,
SEC,Imperial Dark Trooper,,Standard Foil,,,,,
SEC,Imperial Occupier,,Hyperspace Foil,,,,,
SEC,Imperial Occupier,,Standard Foil,,,,,
SEC,Imperial Occupier,,Standard,,,,,
SEC,Imperial Occupier,,Hyperspace,,,,,
SEC,Imperial Prison Complex,,Standard,,,,,
SEC,Imperial Prison Complex,,Hyperspace,,,,,
SEC,Implicate,,Hyperspace,,,,,
SEC,Implicate,,Standard Foil,,,,,
SEC,Implicate,,Hyperspace Foil,,,,,
SEC,Implicate,,Standard,,,,,
SEC,Inner Rim Coalition,,Hyperspace Foil,,,,,
SEC,Inner Rim Coalition,,Standard,,,,,
SEC,Inner Rim Coalition,,Standard Foil,,,,,
SEC,Inner Rim Coalition,,Hyperspace,,,,,
SEC,Inspector's Shuttle,,Hyperspace Foil,,,,,
SEC,Inspector's Shuttle,,Standard,,,,,
SEC,Inspector's Shuttle,,Hyperspace,,,,,
SEC,Inspector's Shuttle,,Standard Foil,,,,,
SEC,Inspiring Senator,,Hyperspace Foil,,,,,
SEC,Inspiring Senator,,Standard Foil,,,,,
SEC,Inspiring Senator,,Standard,,,,,
SEC,Inspiring Senator,,Hyperspace,,,,,
SEC,ISB Agent,,Hyperspace,,,,,
SEC,ISB Agent,,Standard Foil,,,,,
SEC,ISB Agent,,Standard,,,,,
SEC,ISB Agent,,Hyperspace Foil,,,,,
SEC,ISB Shuttle,,Hyperspace,,,,,
SEC,ISB Shuttle,,Hyperspace Foil,,,,,
SEC,ISB Shuttle,,Standard,,,,,
SEC,ISB Shuttle,,Standard Foil,,,,,
SEC,It's Not Over Yet,,Standard Foil,,,,,
SEC,It's Not Over Yet,,Hyperspace,,,,,
SEC,It's Not Over Yet,,Standard,,,,,
SEC,It's Not Over Yet,,Hyperspace Foil,,,,,
SEC,Jabba the Hutt,Wonderful Human Being,Hyperspace,,,,,
SEC,Jabba the Hutt,Wonderful Human Being,Showcase,,,,,
SEC,Jabba the Hutt,Wonderful Human Being,Standard,,,,,
SEC,Jade Squadron Patrol,,Hyperspace Foil,,,,,
SEC,Jade Squadron Patrol,,Hyperspace,,,,,
SEC,Jade Squadron Patrol,,Standard Foil,,,,,
SEC,Jade Squadron Patrol,,Standard,,,,,
SEC,Jar Jar Binks,Mesa Propose…,Serialized Prestige - Yellow Gold,,,,,
SEC,Jar Jar Binks,Mesa Propose…,Hyperspace,,,,,
SEC,Jar Jar Binks,Mesa Propose…,Standard Foil,,,,,
SEC,Jar Jar Binks,Mesa Propose…,Hyperspace Foil,,,,,
SEC,Jar Jar Binks,Mesa Propose…,Foil Prestige,,,,,
SEC,Jar Jar Binks,Mesa Propose…,Standard,,,,,
SEC,Jar Jar Binks,Mesa Propose…,Serialized Prestige - Rose Gold,,,,,
SEC,Jar Jar Binks,Mesa Propose…,Standard Prestige,,,,,
SEC,Junior Senator,,Standard,,,,,
SEC,Junior Senator,,Hyperspace Foil,,,,,
SEC,Junior Senator,,Standard Foil,,,,,
SEC,Junior Senator,,Hyperspace,,,,,
SEC,Karis Nemik,Freedom is a Pure Idea,Standard Foil,,,,,
SEC,Karis Nemik,Freedom is a Pure Idea,Hyperspace,,,,,
SEC,Karis Nemik,Freedom is a Pure Idea,Foil Prestige,,,,,
SEC,Karis Nemik,Freedom is a Pure Idea,Standard,,,,,
SEC,Karis Nemik,Freedom is a Pure Idea,Hyperspace Foil,,,,,
SEC,Karis Nemik,Freedom is a Pure Idea,Standard Prestige,,,,,
SEC,Karis Nemik,Freedom is a Pure Idea,Serialized Prestige,,,,,
SEC,Kaydel Connix,For Our Survival,Hyperspace Foil,,,,,
SEC,Kaydel Connix,For Our Survival,Standard Foil,,,,,
SEC,Kaydel Connix,For Our Survival,Hyperspace,,,,,
SEC,Kaydel Connix,For Our Survival,Standard,,,,,
SEC,Kazuda Xiono,I'm Not A Spy,Hyperspace Foil,,,,,
SEC,Kazuda Xiono,I'm Not A Spy,Standard Foil,,,,,
SEC,Kazuda Xiono,I'm Not A Spy,Hyperspace,,,,,
SEC,Kazuda Xiono,I'm Not A Spy,Standard,,,,,
SEC,Kino Loy,You Answer to Me,Foil Prestige,,,,,
SEC,Kino Loy,You Answer to Me,Hyperspace Foil,,,,,
SEC,Kino Loy,You Answer to Me,Standard,,,,,
SEC,Kino Loy,You Answer to Me,Hyperspace,,,,,
SEC,Kino Loy,You Answer to Me,Standard Prestige,,,,,
SEC,Kino Loy,You Answer to Me,Standard Foil,,,,,
SEC,Kino Loy,You Answer to Me,Serialized Prestige,,,,,
SEC,Knowledge and Defense,,Standard Foil,,,,,
SEC,Knowledge and Defense,,Hyperspace Foil,,,,,
SEC,Knowledge and Defense,,Hyperspace,,,,,
SEC,Knowledge and Defense,,Standard,,,,,
SEC,Kreia's Whispers,,Hyperspace,,,,,
SEC,Kreia's Whispers,,Hyperspace Foil,,,,,
SEC,Kreia's Whispers,,Standard,,,,,
SEC,Kreia's Whispers,,Standard Foil,,,,,
SEC,Kylo Ren's Command Shuttle,Icon of Authority,Hyperspace,,,,,
SEC,Kylo Ren's Command Shuttle,Icon of Authority,Hyperspace Foil,,,,,
SEC,Kylo Ren's Command Shuttle,Icon of Authority,Standard Foil,,,,,
SEC,Kylo Ren's Command Shuttle,Icon of Authority,Standard,,,,,
SEC,Lama Su,We Modified Their Genetics,Hyperspace,,,,,
SEC,Lama Su,We Modified Their Genetics,Standard,,,,,
SEC,Lama Su,We Modified Their Genetics,Showcase,,,,,
SEC,Lando Calrissian,Trust Me,Hyperspace,,,,,
SEC,Lando Calrissian,Trust Me,Serialized Prestige - Yellow Gold,,,,,
SEC,Lando Calrissian,Trust Me,Foil Prestige,,,,,
SEC,Lando Calrissian,Trust Me,Standard Foil,,,,,
SEC,Lando Calrissian,Trust Me,Hyperspace Foil,,,,,
SEC,Lando Calrissian,Trust Me,Serialized Prestige - Rose Gold,,,,,
SEC,Lando Calrissian,Trust Me,Standard,,,,,
SEC,Lando Calrissian,Trust Me,Standard Prestige,,,,,
SEC,Leia Organa,Of A Secret Bloodline,Standard,,,,,
SEC,Leia Organa,Of A Secret Bloodline,Showcase,,,,,
SEC,Leia Organa,Of A Secret Bloodline,Hyperspace,,,,,
SEC,Let's Call It War,,Hyperspace Foil,,,,,
SEC,Let's Call It War,,Standard Foil,,,,,
SEC,Let's Call It War,,Standard,,,,,
SEC,Let's Call It War,,Hyperspace,,,,,
SEC,Let's Talk,,Hyperspace,,,,,
SEC,Let's Talk,,Standard Foil,,,,,
SEC,Let's Talk,,Hyperspace Foil,,,,,
SEC,Let's Talk,,Standard,,,,,
SEC,Libertine,Under New Ownership,Hyperspace Foil,,,,,
SEC,Libertine,Under New Ownership,Standard Prestige,,,,,
SEC,Libertine,Under New Ownership,Standard Foil,,,,,
SEC,Libertine,Under New Ownership,Hyperspace,,,,,
SEC,Libertine,Under New Ownership,Serialized Prestige,,,,,
SEC,Libertine,Under New Ownership,Standard,,,,,
SEC,Libertine,Under New Ownership,Foil Prestige,,,,,
SEC,Lightmaker,I Have An Idea,Standard Prestige,,,,,
SEC,Lightmaker,I Have An Idea,Standard,,,,,
SEC,Lightmaker,I Have An Idea,Hyperspace Foil,,,,,
SEC,Lightmaker,I Have An Idea,Hyperspace,,,,,
SEC,Lightmaker,I Have An Idea,Standard Foil,,,,,
SEC,Lightmaker,I Have An Idea,Foil Prestige,,,,,
SEC,Lightmaker,I Have An Idea,Serialized Prestige,,,,,
SEC,Loan Shark,,Standard,,,,,
SEC,Loan Shark,,Standard Foil,,,,,
SEC,Loan Shark,,Hyperspace,,,,,
SEC,Loan Shark,,Hyperspace Foil,,,,,
SEC,Lobot,Cloud City Coordinator,Hyperspace Foil,,,,,
SEC,Lobot,Cloud City Coordinator,Standard,,,,,
SEC,Lobot,Cloud City Coordinator,Hyperspace,,,,,
SEC,Lobot,Cloud City Coordinator,Standard Foil,,,,,
SEC,Lost Jedi,,Hyperspace Foil,,,,,
SEC,Lost Jedi,,Standard Foil,,,,,
SEC,Lost Jedi,,Hyperspace,,,,,
SEC,Lost Jedi,,Standard,,,,,
SEC,Lurking Snub Fighter,,Hyperspace,,,,,
SEC,Lurking Snub Fighter,,Standard,,,,,
SEC,Lurking Snub Fighter,,Standard Foil,,,,,
SEC,Lurking Snub Fighter,,Hyperspace Foil,,,,,
SEC,Luthen Rael,Don't You Want to Fight For Real?,Standard,,,,,
SEC,Luthen Rael,Don't You Want to Fight For Real?,Hyperspace,,,,,
SEC,Luthen Rael,Don't You Want to Fight For Real?,Showcase,,,,,
SEC,Luthen's Haulcraft,Countermeasures Armed,Foil Prestige,,,,,
SEC,Luthen's Haulcraft,Countermeasures Armed,Serialized Prestige,,,,,
SEC,Luthen's Haulcraft,Countermeasures Armed,Hyperspace Foil,,,,,
SEC,Luthen's Haulcraft,Countermeasures Armed,Standard,,,,,
SEC,Luthen's Haulcraft,Countermeasures Armed,Standard Foil,,,,,
SEC,Luthen's Haulcraft,Countermeasures Armed,Standard Prestige,,,,,
SEC,Luthen's Haulcraft,Countermeasures Armed,Hyperspace,,,,,
SEC,Maarva Andor,We've Been Sleeping,Hyperspace,,,,,
SEC,Maarva Andor,We've Been Sleeping,Standard Foil,,,,,
SEC,Maarva Andor,We've Been Sleeping,Hyperspace Foil,,,,,
SEC,Maarva Andor,We've Been Sleeping,Foil Prestige,,,,,
SEC,Maarva Andor,We've Been Sleeping,Serialized Prestige,,,,,
SEC,Maarva Andor,We've Been Sleeping,Standard Prestige,,,,,
SEC,Maarva Andor,We've Been Sleeping,Standard,,,,,
SEC,Major Partagaz,Healthcare Provider,Standard Prestige,,,,,
SEC,Major Partagaz,Healthcare Provider,Serialized Prestige - Yellow Gold,,,,,
SEC,Major Partagaz,Healthcare Provider,Foil Prestige,,,,,
SEC,Major Partagaz,Healthcare Provider,Hyperspace,,,,,
SEC,Major Partagaz,Healthcare Provider,Hyperspace Foil,,,,,
SEC,Major Partagaz,Healthcare Provider,Serialized Prestige - Rose Gold,,,,,
SEC,Major Partagaz,Healthcare Provider,Standard Foil,,,,,
SEC,Major Partagaz,Healthcare Provider,Standard,,,,,
SEC,Mas Amedda,Accomplice to Power,Serialized Prestige - Yellow Gold,,,,,
SEC,Mas Amedda,Accomplice to Power,Standard Foil,,,,,
SEC,Mas Amedda,Accomplice to Power,Serialized Prestige - Rose Gold,,,,,
SEC,Mas Amedda,Accomplice to Power,Standard,,,,,
SEC,Mas Amedda,Accomplice to Power,Standard Prestige,,,,,
SEC,Mas Amedda,Accomplice to Power,Hyperspace Foil,,,,,
SEC,Mas Amedda,Accomplice to Power,Foil Prestige,,,,,
SEC,Mas Amedda,Accomplice to Power,Hyperspace,,,,,
SEC,Mina Bonteri,Stop This War,Hyperspace,,,,,
SEC,Mina Bonteri,Stop This War,Serialized Prestige - Rose Gold,,,,,
SEC,Mina Bonteri,Stop This War,Foil Prestige,,,,,
SEC,Mina Bonteri,Stop This War,Serialized Prestige - Yellow Gold,,,,,
SEC,Mina Bonteri,Stop This War,Hyperspace Foil,,,,,
SEC,Mina Bonteri,Stop This War,Standard Prestige,,,,,
SEC,Mina Bonteri,Stop This War,Standard,,,,,
SEC,Mina Bonteri,Stop This War,Standard Foil,,,,,
SEC,Miraj Scintel,The Weak Deserve to Kneel,Standard,,,,,
SEC,Miraj Scintel,The Weak Deserve to Kneel,Hyperspace,,,,,
SEC,Miraj Scintel,The Weak Deserve to Kneel,Hyperspace Foil,,,,,
SEC,Miraj Scintel,The Weak Deserve to Kneel,Standard Foil,,,,,
SEC,Mon Mothma,Forming a Coalition,Standard,,,,,
SEC,Mon Mothma,Clinging to Hope,Foil Prestige,,,,,
SEC,Mon Mothma,Clinging to Hope,Serialized Prestige - Rose Gold,,,,,
SEC,Mon Mothma,Forming a Coalition,Showcase,,,,,
SEC,Mon Mothma,Clinging to Hope,Standard,,,,,
SEC,Mon Mothma,Clinging to Hope,Standard Prestige,,,,,
SEC,Mon Mothma,Clinging to Hope,Serialized Prestige - Yellow Gold,,,,,
SEC,Mon Mothma,Forming a Coalition,Hyperspace,,,,,
SEC,Mon Mothma,Clinging to Hope,Hyperspace,,,,,
SEC,Mon Mothma,Clinging to Hope,Hyperspace Foil,,,,,
SEC,Mon Mothma,Clinging to Hope,Standard Foil,,,,,
SEC,Moral Authority,,Hyperspace Foil,,,,,
SEC,Moral Authority,,Standard Foil,,,,,
SEC,Moral Authority,,Hyperspace,,,,,
SEC,Moral Authority,,Standard,,,,,
SEC,Mount Tantiss,,Standard,,,,,
SEC,Mount Tantiss,,Hyperspace,,,,,
SEC,Muckraker Crab Droid,,Standard,,,,,
SEC,Muckraker Crab Droid,,Hyperspace,,,,,
SEC,Muckraker Crab Droid,,Standard Foil,,,,,
SEC,Muckraker Crab Droid,,Hyperspace Foil,,,,,
SEC,Naboo Royal Starship,Fit For A Queen,Hyperspace,,,,,
SEC,Naboo Royal Starship,Fit For A Queen,Standard,,,,,
SEC,Naboo Royal Starship,Fit For A Queen,Hyperspace Foil,,,,,
SEC,Naboo Royal Starship,Fit For A Queen,Standard Foil,,,,,
SEC,Naboo Security Force,,Hyperspace Foil,,,,,
SEC,Naboo Security Force,,Standard Foil,,,,,
SEC,Naboo Security Force,,Hyperspace,,,,,
SEC,Naboo Security Force,,Standard,,,,,
SEC,Nala Se,Chief Medical Scientist,Standard Foil,,,,,
SEC,Nala Se,Chief Medical Scientist,Hyperspace,,,,,
SEC,Nala Se,Chief Medical Scientist,Standard,,,,,
SEC,Nala Se,Chief Medical Scientist,Hyperspace Foil,,,,,
SEC,Naval Intelligence HQ,,Standard,,,,,
SEC,Naval Intelligence HQ,,Hyperspace,,,,,
SEC,Nemik's Manifesto,,Standard,,,,,
SEC,Nemik's Manifesto,,Standard Foil,,,,,
SEC,Nemik's Manifesto,,Hyperspace Foil,,,,,
SEC,Nemik's Manifesto,,Hyperspace,,,,,
SEC,Nimble Prowess,,Hyperspace,,,,,
SEC,Nimble Prowess,,Hyperspace Foil,,,,,
SEC,Nimble Prowess,,Standard Foil,,,,,
SEC,Nimble Prowess,,Standard,,,,,
SEC,No One Ever Knew,,Standard Foil,,,,,
SEC,No One Ever Knew,,Hyperspace,,,,,
SEC,No One Ever Knew,,Standard,,,,,
SEC,No One Ever Knew,,Hyperspace Foil,,,,,
SEC,Nubian Star Skiff,,Standard Foil,,,,,
SEC,Nubian Star Skiff,,Standard,,,,,
SEC,Nubian Star Skiff,,Hyperspace,,,,,
SEC,Nubian Star Skiff,,Hyperspace Foil,,,,,
SEC,Nute Gunray,Escaping Justice,Foil Prestige,,,,,
SEC,Nute Gunray,Escaping Justice,Hyperspace,,,,,
SEC,Nute Gunray,Escaping Justice,Standard Prestige,,,,,
SEC,Nute Gunray,Escaping Justice,Standard Foil,,,,,
SEC,Nute Gunray,Escaping Justice,Hyperspace Foil,,,,,
SEC,Nute Gunray,Escaping Justice,Serialized Prestige - Yellow Gold,,,,,
SEC,Nute Gunray,Escaping Justice,Standard,,,,,
SEC,Nute Gunray,Escaping Justice,Serialized Prestige - Rose Gold,,,,,
SEC,Obi-Wan Kenobi,Finding What Doesn't Exist,Hyperspace Foil,,,,,
SEC,Obi-Wan Kenobi,Finding What Doesn't Exist,Standard Foil,,,,,
SEC,Obi-Wan Kenobi,Finding What Doesn't Exist,Standard,,,,,
SEC,Obi-Wan Kenobi,Finding What Doesn't Exist,Hyperspace,,,,,
SEC,One in a Million,,Standard,,,,,
SEC,One in a Million,,Standard Foil,,,,,
SEC,One in a Million,,Hyperspace,,,,,
SEC,One in a Million,,Hyperspace Foil,,,,,
SEC,One Way Out,,Standard Foil,,,,,
SEC,One Way Out,,Hyperspace,,,,,
SEC,One Way Out,,Hyperspace Foil,,,,,
SEC,One Way Out,,Standard,,,,,
SEC,Oppression Breeds Rebellion,,Standard,,,,,
SEC,Oppression Breeds Rebellion,,Standard Foil,,,,,
SEC,Oppression Breeds Rebellion,,Hyperspace,,,,,
SEC,Oppression Breeds Rebellion,,Hyperspace Foil,,,,,
SEC,Orn Free Taa,Political Power Broker,Standard Foil,,,,,
SEC,Orn Free Taa,Political Power Broker,Serialized Prestige - Rose Gold,,,,,
SEC,Orn Free Taa,Political Power Broker,Standard Prestige,,,,,
SEC,Orn Free Taa,Political Power Broker,Hyperspace,,,,,
SEC,Orn Free Taa,Political Power Broker,Standard,,,,,
SEC,Orn Free Taa,Political Power Broker,Hyperspace Foil,,,,,
SEC,Orn Free Taa,Political Power Broker,Foil Prestige,,,,,
SEC,Orn Free Taa,Political Power Broker,Serialized Prestige - Yellow Gold,,,,,
SEC,Outer Rim Constable,,Hyperspace,,,,,
SEC,Outer Rim Constable,,Standard Foil,,,,,
SEC,Outer Rim Constable,,Standard,,,,,
SEC,Outer Rim Constable,,Hyperspace Foil,,,,,
SEC,Padmé Amidala,What Do You Have to Hide?,Showcase,,,,,
SEC,Padmé Amidala,What Do You Have to Hide?,Hyperspace,,,,,
SEC,Padmé Amidala,What Do You Have to Hide?,Standard,,,,,
SEC,Political Bully,,Standard Foil,,,,,
SEC,Political Bully,,Hyperspace Foil,,,,,
SEC,Political Bully,,Hyperspace,,,,,
SEC,Political Bully,,Standard,,,,,
SEC,Populist Advisor,,Hyperspace,,,,,
SEC,Populist Advisor,,Standard Foil,,,,,
SEC,Populist Advisor,,Standard,,,,,
SEC,Populist Advisor,,Hyperspace Foil,,,,,
SEC,Populist Champion,,Standard Foil,,,,,
SEC,Populist Champion,,Hyperspace,,,,,
SEC,Populist Champion,,Hyperspace Foil,,,,,
SEC,Populist Champion,,Standard,,,,,
SEC,PreMor Personnel Carrier,,Standard Foil,,,,,
SEC,PreMor Personnel Carrier,,Standard,,,,,
SEC,PreMor Personnel Carrier,,Hyperspace Foil,,,,,
SEC,PreMor Personnel Carrier,,Hyperspace,,,,,
SEC,Punishing One,Takes No Prisoners,Standard,,,,,
SEC,Punishing One,Takes No Prisoners,Hyperspace,,,,,
SEC,Punishing One,Takes No Prisoners,Standard Foil,,,,,
SEC,Punishing One,Takes No Prisoners,Hyperspace Foil,,,,,
SEC,Pursue the Lead,,Standard,,,,,
SEC,Pursue the Lead,,Hyperspace,,,,,
SEC,Pursue the Lead,,Standard Foil,,,,,
SEC,Pursue the Lead,,Hyperspace Foil,,,,,
SEC,Queen Amidala,Championing Her People,Standard Prestige,,,,,
SEC,Queen Amidala,Championing Her People,Serialized Prestige - Yellow Gold,,,,,
SEC,Queen Amidala,Championing Her People,Foil Prestige,,,,,
SEC,Queen Amidala,Championing Her People,Hyperspace Foil,,,,,
SEC,Queen Amidala,Championing Her People,Serialized Prestige - Rose Gold,,,,,
SEC,Queen Amidala,Championing Her People,Hyperspace,,,,,
SEC,Queen Amidala,Championing Her People,Standard Foil,,,,,
SEC,Queen Amidala,Championing Her People,Standard,,,,,
SEC,Raxian Assembly,,Standard Foil,,,,,
SEC,Raxian Assembly,,Standard,,,,,
SEC,Raxian Assembly,,Hyperspace Foil,,,,,
SEC,Raxian Assembly,,Hyperspace,,,,,
SEC,Rebel Pathfinder,,Hyperspace Foil,,,,,
SEC,Rebel Pathfinder,,Standard,,,,,
SEC,Rebel Pathfinder,,Hyperspace,,,,,
SEC,Rebel Pathfinder,,Standard Foil,,,,,
SEC,Rebel Propagandist,,Standard Foil,,,,,
SEC,Rebel Propagandist,,Hyperspace Foil,,,,,
SEC,Rebel Propagandist,,Hyperspace,,,,,
SEC,Rebel Propagandist,,Standard,,,,,
SEC,Rebellious Functionary,,Standard,,,,,
SEC,Rebellious Functionary,,Hyperspace Foil,,,,,
SEC,Rebellious Functionary,,Standard Foil,,,,,
SEC,Rebellious Functionary,,Hyperspace,,,,,
SEC,Reckless Rebel,,Standard Foil,,,,,
SEC,Reckless Rebel,,Hyperspace Foil,,,,,
SEC,Reckless Rebel,,Hyperspace,,,,,
SEC,Reckless Rebel,,Standard,,,,,
SEC,Reconnaissance,,Hyperspace,,,,,
SEC,Reconnaissance,,Hyperspace Foil,,,,,
SEC,Reconnaissance,,Standard,,,,,
SEC,Reconnaissance,,Standard Foil,,,,,
SEC,Regulations Bureaucrat,,Hyperspace Foil,,,,,
SEC,Regulations Bureaucrat,,Hyperspace,,,,,
SEC,Regulations Bureaucrat,,Standard Foil,,,,,
SEC,Regulations Bureaucrat,,Standard,,,,,
SEC,Relief Request,,Standard Foil,,,,,
SEC,Relief Request,,Standard,,,,,
SEC,Relief Request,,Hyperspace Foil,,,,,
SEC,Relief Request,,Hyperspace,,,,,
SEC,Remote Escort Tank,,Standard,,,,,
SEC,Remote Escort Tank,,Hyperspace,,,,,
SEC,Remote Escort Tank,,Hyperspace Foil,,,,,
SEC,Remote Escort Tank,,Standard Foil,,,,,
SEC,Renewed Friendship,,Hyperspace Foil,,,,,
SEC,Renewed Friendship,,Standard,,,,,
SEC,Renewed Friendship,,Standard Foil,,,,,
SEC,Renewed Friendship,,Hyperspace,,,,,
SEC,Renowned Dignitaries,,Hyperspace,,,,,
SEC,Renowned Dignitaries,,Hyperspace Foil,,,,,
SEC,Renowned Dignitaries,,Standard,,,,,
SEC,Renowned Dignitaries,,Standard Foil,,,,,
SEC,Republic Aurek Starfighter,,Hyperspace,,,,,
SEC,Republic Aurek Starfighter,,Standard Foil,,,,,
SEC,Republic Aurek Starfighter,,Standard,,,,,
SEC,Republic Aurek Starfighter,,Hyperspace Foil,,,,,
SEC,Republic City,,Standard,,,,,
SEC,Republic City,,Hyperspace,,,,,
SEC,Republic War Walker,,Hyperspace,,,,,
SEC,Republic War Walker,,Standard,,,,,
SEC,Republic War Walker,,Standard Foil,,,,,
SEC,Republic War Walker,,Hyperspace Foil,,,,,
SEC,Restore Freedom,,Hyperspace Foil,,,,,
SEC,Restore Freedom,,Standard,,,,,
SEC,Restore Freedom,,Hyperspace,,,,,
SEC,Restore Freedom,,Standard Foil,,,,,
SEC,Retaliation,,Hyperspace Foil,,,,,
SEC,Retaliation,,Hyperspace,,,,,
SEC,Retaliation,,Standard Foil,,,,,
SEC,Retaliation,,Standard,,,,,
SEC,Rix Road,,Hyperspace,,,,,
SEC,Rix Road,,Standard,,,,,
SEC,Rotunda Senate Guards,,Standard Foil,,,,,
SEC,Rotunda Senate Guards,,Standard,,,,,
SEC,Rotunda Senate Guards,,Hyperspace,,,,,
SEC,Rotunda Senate Guards,,Hyperspace Foil,,,,,
SEC,Sabé,Queen's Shadow,Showcase,,,,,
SEC,Sabé,Queen's Shadow,Standard,,,,,
SEC,Sabé,Queen's Shadow,Hyperspace,,,,,
SEC,Satine Kryze,Standing on Principles,Standard,,,,,
SEC,Satine Kryze,Standing on Principles,Showcase,,,,,
SEC,Satine Kryze,Standing on Principles,Hyperspace,,,,,
SEC,Saw Gerrera's U-Wing,Breaking the Rules,Standard Prestige,,,,,
SEC,Saw Gerrera's U-Wing,Breaking the Rules,Foil Prestige,,,,,
SEC,Saw Gerrera's U-Wing,Breaking the Rules,Standard Foil,,,,,
SEC,Saw Gerrera's U-Wing,Breaking the Rules,Standard,,,,,
SEC,Saw Gerrera's U-Wing,Breaking the Rules,Hyperspace Foil,,,,,
SEC,Saw Gerrera's U-Wing,Breaking the Rules,Serialized Prestige,,,,,
SEC,Saw Gerrera's U-Wing,Breaking the Rules,Hyperspace,,,,,
SEC,Scour the Archives,,Standard,,,,,
SEC,Scour the Archives,,Standard Foil,,,,,
SEC,Scour the Archives,,Hyperspace Foil,,,,,
SEC,Scour the Archives,,Hyperspace,,,,,
SEC,Screeching TIE Fighter,,Hyperspace Foil,,,,,
SEC,Screeching TIE Fighter,,Hyperspace,,,,,
SEC,Screeching TIE Fighter,,Standard,,,,,
SEC,Screeching TIE Fighter,,Standard Foil,,,,,
SEC,Senate Rotunda,,Hyperspace,,,,,
SEC,Senate Rotunda,,Standard,,,,,
SEC,Senate Warden,,Standard Foil,,,,,
SEC,Senate Warden,,Hyperspace,,,,,
SEC,Senate Warden,,Standard,,,,,
SEC,Senate Warden,,Hyperspace Foil,,,,,
SEC,Senator Chuchi,Voice for the Voiceless,Serialized Prestige - Yellow Gold,,,,,
SEC,Senator Chuchi,Voice for the Voiceless,Hyperspace,,,,,
SEC,Senator Chuchi,Voice for the Voiceless,Standard Foil,,,,,
SEC,Senator Chuchi,Voice for the Voiceless,Standard Prestige,,,,,
SEC,Senator Chuchi,Voice for the Voiceless,Hyperspace Foil,,,,,
SEC,Senator Chuchi,Voice for the Voiceless,Foil Prestige,,,,,
SEC,Senator Chuchi,Voice for the Voiceless,Serialized Prestige - Rose Gold,,,,,
SEC,Senator Chuchi,Voice for the Voiceless,Standard,,,,,
SEC,Senator's Aide,,Hyperspace,,,,,
SEC,Senator's Aide,,Standard Foil,,,,,
SEC,Senator's Aide,,Standard,,,,,
SEC,Senator's Aide,,Hyperspace Foil,,,,,
SEC,Shadow Crawler,,Hyperspace Foil,,,,,
SEC,Shadow Crawler,,Standard Foil,,,,,
SEC,Shadow Crawler,,Hyperspace,,,,,
SEC,Shadow Crawler,,Standard,,,,,
SEC,Sith Assassin,,Hyperspace Foil,,,,,
SEC,Sith Assassin,,Hyperspace,,,,,
SEC,Sith Assassin,,Standard,,,,,
SEC,Sith Assassin,,Standard Foil,,,,,
SEC,Skyhopper Canyon Runner,,Hyperspace Foil,,,,,
SEC,Skyhopper Canyon Runner,,Hyperspace,,,,,
SEC,Skyhopper Canyon Runner,,Standard,,,,,
SEC,Skyhopper Canyon Runner,,Standard Foil,,,,,
SEC,Sly Moore,Witness to Power,Foil Prestige,,,,,
SEC,Sly Moore,Cipher in the Dark,Hyperspace,,,,,
SEC,Sly Moore,Cipher in the Dark,Showcase,,,,,
SEC,Sly Moore,Witness to Power,Hyperspace,,,,,
SEC,Sly Moore,Witness to Power,Standard Prestige,,,,,
SEC,Sly Moore,Witness to Power,Standard Foil,,,,,
SEC,Sly Moore,Cipher in the Dark,Standard,,,,,
SEC,Sly Moore,Witness to Power,Serialized Prestige - Rose Gold,,,,,
SEC,Sly Moore,Witness to Power,Standard,,,,,
SEC,Sly Moore,Witness to Power,Serialized Prestige - Yellow Gold,,,,,
SEC,Sly Moore,Witness to Power,Hyperspace Foil,,,,,
SEC,Sneaking Suspicion,,Hyperspace Foil,,,,,
SEC,Sneaking Suspicion,,Standard Foil,,,,,
SEC,Sneaking Suspicion,,Hyperspace,,,,,
SEC,Sneaking Suspicion,,Standard,,,,,
SEC,Soulless One,Swift and Agile,Hyperspace Foil,,,,,
SEC,Soulless One,Swift and Agile,Standard Foil,,,,,
SEC,Soulless One,Swift and Agile,Hyperspace,,,,,
SEC,Soulless One,Swift and Agile,Standard,,,,,
SEC,Special Modifications,,Hyperspace Foil,,,,,
SEC,Special Modifications,,Hyperspace,,,,,
SEC,Special Modifications,,Standard Foil,,,,,
SEC,Special Modifications,,Standard,,,,,
SEC,Stolen Starpath Unit,,Hyperspace,,,,,
SEC,Stolen Starpath Unit,,Standard Foil,,,,,
SEC,Stolen Starpath Unit,,Hyperspace Foil,,,,,
SEC,Stolen Starpath Unit,,Standard,,,,,
SEC,Strike Force X-Wing,,Standard,,,,,
SEC,Strike Force X-Wing,,Hyperspace Foil,,,,,
SEC,Strike Force X-Wing,,Hyperspace,,,,,
SEC,Strike Force X-Wing,,Standard Foil,,,,,
SEC,Sudden Ferocity,,Hyperspace,,,,,
SEC,Sudden Ferocity,,Hyperspace Foil,,,,,
SEC,Sudden Ferocity,,Standard,,,,,
SEC,Sudden Ferocity,,Standard Foil,,,,,
SEC,Supreme Council Aide,,Hyperspace,,,,,
SEC,Supreme Council Aide,,Standard,,,,,
SEC,Supreme Council Aide,,Hyperspace Foil,,,,,
SEC,Supreme Council Aide,,Standard Foil,,,,,
SEC,Synara San,Harboring a Secret,Standard,,,,,
SEC,Synara San,Harboring a Secret,Foil Prestige,,,,,
SEC,Synara San,Harboring a Secret,Hyperspace Foil,,,,,
SEC,Synara San,Harboring a Secret,Standard Prestige,,,,,
SEC,Synara San,Harboring a Secret,Hyperspace,,,,,
SEC,Synara San,Harboring a Secret,Serialized Prestige,,,,,
SEC,Synara San,Harboring a Secret,Standard Foil,,,,,
SEC,Syril Karn,Where Is He?,Standard,,,,,
SEC,Syril Karn,Where Is He?,Hyperspace,,,,,
SEC,Syril Karn,Where Is He?,Standard Prestige,,,,,
SEC,Syril Karn,Where Is He?,Serialized Prestige - Yellow Gold,,,,,
SEC,Syril Karn,Where Is He?,Standard Foil,,,,,
SEC,Syril Karn,Where Is He?,Serialized Prestige - Rose Gold,,,,,
SEC,Syril Karn,Where Is He?,Hyperspace Foil,,,,,
SEC,Syril Karn,Where Is He?,Foil Prestige,,,,,
SEC,Tala Durith,I Can Get You Inside,Foil Prestige,,,,,
SEC,Tala Durith,I Can Get You Inside,Standard,,,,,
SEC,Tala Durith,I Can Get You Inside,Hyperspace Foil,,,,,
SEC,Tala Durith,I Can Get You Inside,Standard Foil,,,,,
SEC,Tala Durith,I Can Get You Inside,Serialized Prestige,,,,,
SEC,Tala Durith,I Can Get You Inside,Standard Prestige,,,,,
SEC,Tala Durith,I Can Get You Inside,Hyperspace,,,,,
SEC,Taylander Shuttle,,Hyperspace Foil,,,,,
SEC,Taylander Shuttle,,Standard Foil,,,,,
SEC,Taylander Shuttle,,Hyperspace,,,,,
SEC,Taylander Shuttle,,Standard,,,,,
SEC,Tempest Assault,,Hyperspace,,,,,
SEC,Tempest Assault,,Standard Foil,,,,,
SEC,Tempest Assault,,Standard,,,,,
SEC,Tempest Assault,,Hyperspace Foil,,,,,
SEC,The Chancellor's Shuttle,Grim Harbinger,Standard,,,,,
SEC,The Chancellor's Shuttle,Grim Harbinger,Standard Foil,,,,,
SEC,The Chancellor's Shuttle,Grim Harbinger,Hyperspace,,,,,
SEC,The Chancellor's Shuttle,Grim Harbinger,Hyperspace Foil,,,,,
SEC,The Elite Squad,Neutralizing Insurgents,Hyperspace Foil,,,,,
SEC,The Elite Squad,Neutralizing Insurgents,Standard Foil,,,,,
SEC,The Elite Squad,Neutralizing Insurgents,Hyperspace,,,,,
SEC,The Elite Squad,Neutralizing Insurgents,Standard,,,,,
SEC,The Eye of Aldhani,,Standard,,,,,
SEC,The Eye of Aldhani,,Standard Foil,,,,,
SEC,The Eye of Aldhani,,Hyperspace Foil,,,,,
SEC,The Eye of Aldhani,,Hyperspace,,,,,
SEC,The Galleon,Marauding Pirate Ship,Foil Prestige,,,,,
SEC,The Galleon,Marauding Pirate Ship,Hyperspace,,,,,
SEC,The Galleon,Marauding Pirate Ship,Standard Foil,,,,,
SEC,The Galleon,Marauding Pirate Ship,Serialized Prestige,,,,,
SEC,The Galleon,Marauding Pirate Ship,Standard,,,,,
SEC,The Galleon,Marauding Pirate Ship,Hyperspace Foil,,,,,
SEC,The Galleon,Marauding Pirate Ship,Standard Prestige,,,,,
SEC,The Mandalorian,Cleaning Up Nevarro,Hyperspace Foil,,,,,
SEC,The Mandalorian,Cleaning Up Nevarro,Hyperspace,,,,,
SEC,The Mandalorian,Cleaning Up Nevarro,Standard,,,,,
SEC,The Mandalorian,Cleaning Up Nevarro,Standard Foil,,,,,
SEC,The Wrong Ride,,Standard Foil,,,,,
SEC,The Wrong Ride,,Standard,,,,,
SEC,The Wrong Ride,,Hyperspace,,,,,
SEC,The Wrong Ride,,Hyperspace Foil,,,,,
SEC,Theed Security,,Standard Foil,,,,,
SEC,Theed Security,,Hyperspace,,,,,
SEC,Theed Security,,Hyperspace Foil,,,,,
SEC,Theed Security,,Standard,,,,,
SEC,Topple the Summit,,Hyperspace,,,,,
SEC,Topple the Summit,,Standard Foil,,,,,
SEC,Topple the Summit,,Standard,,,,,
SEC,Topple the Summit,,Hyperspace Foil,,,,,
SEC,Trade Federation Delegates,,Standard Foil,,,,,
SEC,Trade Federation Delegates,,Hyperspace Foil,,,,,
SEC,Trade Federation Delegates,,Hyperspace,,,,,
SEC,Trade Federation Delegates,,Standard,,,,,
SEC,Trade Route Taxation,,Standard,,,,,
SEC,Trade Route Taxation,,Standard Foil,,,,,
SEC,Trade Route Taxation,,Hyperspace,,,,,
SEC,Trade Route Taxation,,Hyperspace Foil,,,,,
SEC,Trayus Acolyte,,Standard Foil,,,,,
SEC,Trayus Acolyte,,Standard,,,,,
SEC,Trayus Acolyte,,Hyperspace,,,,,
SEC,Trayus Acolyte,,Hyperspace Foil,,,,,
SEC,Umbaran Mobile Cannon,,Hyperspace,,,,,
SEC,Umbaran Mobile Cannon,,Hyperspace Foil,,,,,
SEC,Umbaran Mobile Cannon,,Standard,,,,,
SEC,Umbaran Mobile Cannon,,Standard Foil,,,,,
SEC,Unauthorized Investigation,,Standard Foil,,,,,
SEC,Unauthorized Investigation,,Hyperspace,,,,,
SEC,Unauthorized Investigation,,Standard,,,,,
SEC,Unauthorized Investigation,,Hyperspace Foil,,,,,
SEC,Undercover Operation,,Standard Foil,,,,,
SEC,Undercover Operation,,Standard,,,,,
SEC,Undercover Operation,,Hyperspace,,,,,
SEC,Undercover Operation,,Hyperspace Foil,,,,,
SEC,Unruly Astromech,,Hyperspace Foil,,,,,
SEC,Unruly Astromech,,Hyperspace,,,,,
SEC,Unruly Astromech,,Standard,,,,,
SEC,Unruly Astromech,,Standard Foil,,,,,
SEC,Unveiled Might,,Standard,,,,,
SEC,Unveiled Might,,Standard Foil,,,,,
SEC,Unveiled Might,,Hyperspace Foil,,,,,
SEC,Unveiled Might,,Hyperspace,,,,,
SEC,Uscru Entertainment District,,Standard,,,,,
SEC,Uscru Entertainment District,,Hyperspace,,,,,
SEC,Valiant Commando,,Standard Foil,,,,,
SEC,Valiant Commando,,Hyperspace Foil,,,,,
SEC,Valiant Commando,,Hyperspace,,,,,
SEC,Valiant Commando,,Standard,,,,,
SEC,Vel Sartha,"One Path, One Choice",Foil Prestige,,,,,
SEC,Vel Sartha,"One Path, One Choice",Standard Foil,,,,,
SEC,Vel Sartha,"One Path, One Choice",Hyperspace Foil,,,,,
SEC,Vel Sartha,"One Path, One Choice",Serialized Prestige,,,,,
SEC,Vel Sartha,"One Path, One Choice",Standard Prestige,,,,,
SEC,Vel Sartha,"One Path, One Choice",Hyperspace,,,,,
SEC,Vel Sartha,"One Path, One Choice",Standard,,,,,
SEC,Vice Admiral Rampart,On Schedule,Standard Foil,,,,,
SEC,Vice Admiral Rampart,On Schedule,Standard Prestige,,,,,
SEC,Vice Admiral Rampart,On Schedule,Hyperspace,,,,,
SEC,Vice Admiral Rampart,On Schedule,Hyperspace Foil,,,,,
SEC,Vice Admiral Rampart,On Schedule,Foil Prestige,,,,,
SEC,Vice Admiral Rampart,On Schedule,Serialized Prestige - Yellow Gold,,,,,
SEC,Vice Admiral Rampart,On Schedule,Serialized Prestige - Rose Gold,,,,,
SEC,Vice Admiral Rampart,On Schedule,Standard,,,,,
SEC,Vigil,Securing the Future,Standard,,,,,
SEC,Vigil,Securing the Future,Standard Foil,,,,,
SEC,Vigil,Securing the Future,Hyperspace Foil,,,,,
SEC,Vigil,Securing the Future,Hyperspace,,,,,
SEC,Viper Probe Droid,,Standard Foil,,,,,
SEC,Viper Probe Droid,,Hyperspace,,,,,
SEC,Viper Probe Droid,,Hyperspace Foil,,,,,
SEC,Viper Probe Droid,,Standard,,,,,
SEC,Vuutun Palaa,Droid Control Ship,Hyperspace Foil,,,,,
SEC,Vuutun Palaa,Droid Control Ship,Standard Foil,,,,,
SEC,Vuutun Palaa,Droid Control Ship,Hyperspace,,,,,
SEC,Vuutun Palaa,Droid Control Ship,Standard,,,,,
SEC,Warrior of Clan Ordo,,Standard,,,,,
SEC,Warrior of Clan Ordo,,Hyperspace Foil,,,,,
SEC,Warrior of Clan Ordo,,Standard Foil,,,,,
SEC,Warrior of Clan Ordo,,Hyperspace,,,,,
SEC,When Has Become Now,,Standard,,,,,
SEC,When Has Become Now,,Standard Foil,,,,,
SEC,When Has Become Now,,Hyperspace,,,,,
SEC,When Has Become Now,,Hyperspace Foil,,,,,
SEC,Willrow Hood,On the Run,Standard Foil,,,,,
SEC,Willrow Hood,On the Run,Hyperspace,,,,,
SEC,Willrow Hood,On the Run,Hyperspace Foil,,,,,
SEC,Willrow Hood,On the Run,Standard,,,,,
SEC,With Thunderous Applause,,Standard Foil,,,,,
SEC,With Thunderous Applause,,Hyperspace Foil,,,,,
SEC,With Thunderous Applause,,Hyperspace,,,,,
SEC,With Thunderous Applause,,Standard,,,,,
SEC,Zam Wesell,Inconspicuous Assassin,Standard Prestige,,,,,
SEC,Zam Wesell,Inconspicuous Assassin,Hyperspace,,,,,
SEC,Zam Wesell,Inconspicuous Assassin,Hyperspace Foil,,,,,
SEC,Zam Wesell,Inconspicuous Assassin,Standard,,,,,
SEC,Zam Wesell,Inconspicuous Assassin,Serialized Prestige,,,,,
SEC,Zam Wesell,Inconspicuous Assassin,Foil Prestige,,,,,
SEC,Zam Wesell,Inconspicuous Assassin,Standard Foil,,,,,
SEC,Zenuas Shadow Fighter,,Hyperspace,,,,,
SEC,Zenuas Shadow Fighter,,Standard,,,,,
SEC,Zenuas Shadow Fighter,,Hyperspace Foil,,,,,
SEC,Zenuas Shadow Fighter,,Standard Foil,,,,,
SEC,Ziton Moj,Black Sun Bully,Foil Prestige,,,,,
SEC,Ziton Moj,Black Sun Bully,Hyperspace Foil,,,,,
SEC,Ziton Moj,Black Sun Bully,Standard,,,,,
SEC,Ziton Moj,Black Sun Bully,Standard Foil,,,,,
SEC,Ziton Moj,Black Sun Bully,Hyperspace,,,,,
SEC,Ziton Moj,Black Sun Bully,Standard Prestige,,,,,
SEC,Ziton Moj,Black Sun Bully,Serialized Prestige,,,,,
SECW,Armor of Fortune,,Weekly Play Foil,,,,,
SECW,Armor of Fortune,,Weekly Play,,,,,
SECW,B2EMO,That's Two Lies,Weekly Play,,,,,
SECW,B2EMO,That's Two Lies,Weekly Play Foil,,,,,
SECW,Bail Organa,Responding to Catastrophe,Weekly Play Foil,,,,,
SECW,Bail Organa,Responding to Catastrophe,Weekly Play,,,,,
SECW,Bo-Katan Kryze,Alone,Weekly Play,,,,,
SECW,Bo-Katan Kryze,Alone,Weekly Play Foil,,,,,
SECW,Bravo Squadron Fighter,,Weekly Play,,,,,
SECW,Bravo Squadron Fighter,,Weekly Play Foil,,,,,
SECW,C-3PO,Anything I Might Do?,Weekly Play,,,,,
SECW,C-3PO,Anything I Might Do?,Weekly Play Foil,,,,,
SECW,Cantwell Arrestor Cruiser,,Weekly Play Foil,,,,,
SECW,Cantwell Arrestor Cruiser,,Weekly Play,,,,,
SECW,Corellian Hounds,,Weekly Play,,,,,
SECW,Corellian Hounds,,Weekly Play Foil,,,,,
SECW,Cruel Commandos,,Weekly Play Foil,,,,,
SECW,Cruel Commandos,,Weekly Play,,,,,
SECW,Ferrix Uprising,,Weekly Play,,,,,
SECW,Ferrix Uprising,,Weekly Play Foil,,,,,
SECW,Fulminatrix,Fleet Killer,Weekly Play Foil,,,,,
SECW,Fulminatrix,Fleet Killer,Weekly Play,,,,,
SECW,Grassroots Resistance,,Weekly Play Foil,,,,,
SECW,Grassroots Resistance,,Weekly Play,,,,,
SECW,Jar Jar Binks,Mesa Propose…,Weekly Play Foil,,,,,
SECW,Jar Jar Binks,Mesa Propose…,Weekly Play,,,,,
SECW,Kazuda Xiono,I'm Not A Spy,Weekly Play Foil,,,,,
SECW,Kazuda Xiono,I'm Not A Spy,Weekly Play,,,,,
SECW,Kino Loy,You Answer to Me,Weekly Play,,,,,
SECW,Kino Loy,You Answer to Me,Weekly Play Foil,,,,,
SECW,Lando Calrissian,Trust Me,Weekly Play,,,,,
SECW,Lando Calrissian,Trust Me,Weekly Play Foil,,,,,
SECW,Lurking Snub Fighter,,Weekly Play,,,,,
SECW,Lurking Snub Fighter,,Weekly Play Foil,,,,,
SECW,Oppression Breeds Rebellion,,Weekly Play Foil,,,,,
SECW,Oppression Breeds Rebellion,,Weekly Play,,,,,
SECW,The Elite Squad,Neutralizing Insurgents,Weekly Play Foil,,,,,
SECW,The Elite Squad,Neutralizing Insurgents,Weekly Play,,,,,
SECW,The Eye of Aldhani,,Weekly Play,,,,,
SECW,The Eye of Aldhani,,Weekly Play Foil,,,,,
SHD,4-LOM,Bounty Hunter for Hire,Hyperspace Foil,,,,,
SHD,4-LOM,Bounty Hunter for Hire,Standard Foil,,,,,
SHD,4-LOM,Bounty Hunter for Hire,Hyperspace,,,,,
SHD,4-LOM,Bounty Hunter for Hire,Standard,,,,,
SHD,A New Adventure,,Hyperspace,,,,,
SHD,A New Adventure,,Hyperspace Foil,,,,,
SHD,A New Adventure,,Standard,,,,,
SHD,A New Adventure,,Standard Foil,,,,,
SHD,Adelphi Patrol Wing,,Hyperspace,,,,,
SHD,Adelphi Patrol Wing,,Standard Foil,,,,,
SHD,Adelphi Patrol Wing,,Standard,,,,,
SHD,Adelphi Patrol Wing,,Hyperspace Foil,,,,,
SHD,Altering the Deal,,Standard,,,,,
SHD,Altering the Deal,,Hyperspace Foil,,,,,
SHD,Altering the Deal,,Hyperspace,,,,,
SHD,Altering the Deal,,Standard Foil,,,,,
SHD,Armed to the Teeth,,Hyperspace Foil,,,,,
SHD,Armed to the Teeth,,Hyperspace,,,,,
SHD,Armed to the Teeth,,Standard Foil,,,,,
SHD,Armed to the Teeth,,Standard,,,,,
SHD,Arquitens Assault Cruiser,,Standard,,,,,
SHD,Arquitens Assault Cruiser,,Hyperspace Foil,,,,,
SHD,Arquitens Assault Cruiser,,Hyperspace,,,,,
SHD,Arquitens Assault Cruiser,,Standard Foil,,,,,
SHD,Bazine Netal,Spy for the First Order,Standard Foil,,,,,
SHD,Bazine Netal,Spy for the First Order,Hyperspace Foil,,,,,
SHD,Bazine Netal,Spy for the First Order,Standard,,,,,
SHD,Bazine Netal,Spy for the First Order,Hyperspace,,,,,
SHD,Black Sun Starfighter,,Hyperspace Foil,,,,,
SHD,Black Sun Starfighter,,Standard,,,,,
SHD,Black Sun Starfighter,,Hyperspace,,,,,
SHD,Black Sun Starfighter,,Standard Foil,,,,,
SHD,Bo-Katan Kryze,Fighting For Mandalore,Hyperspace,,,,,
SHD,Bo-Katan Kryze,Fighting For Mandalore,Standard Foil,,,,,
SHD,Bo-Katan Kryze,Fighting For Mandalore,Standard,,,,,
SHD,Bo-Katan Kryze,Fighting For Mandalore,Hyperspace Foil,,,,,
SHD,Bo-Katan Kryze,Princess in Exile,Hyperspace,,,,,
SHD,Bo-Katan Kryze,Princess in Exile,Standard,,,,,
SHD,Bo-Katan Kryze,Princess in Exile,Showcase,,,,,
SHD,Boba Fett,Daimyo,Showcase,,,,,
SHD,Boba Fett,Daimyo,Standard,,,,,
SHD,Boba Fett,Daimyo,Hyperspace,,,,,
SHD,Boba Fett's Armor,,Standard Foil,,,,,
SHD,Boba Fett's Armor,,Standard,,,,,
SHD,Boba Fett's Armor,,Hyperspace Foil,,,,,
SHD,Boba Fett's Armor,,Hyperspace,,,,,
SHD,Bossk,Hunting His Prey,Hyperspace,,,,,
SHD,Bossk,Hunting His Prey,Standard,,,,,
SHD,Bossk,Hunting His Prey,Showcase,,,,,
SHD,Bounty Guild Initiate,,Hyperspace,,,,,
SHD,Bounty Guild Initiate,,Standard,,,,,
SHD,Bounty Guild Initiate,,Hyperspace Foil,,,,,
SHD,Bounty Guild Initiate,,Standard Foil,,,,,
SHD,Bounty Hunter's Quarry,,Standard Foil,,,,,
SHD,Bounty Hunter's Quarry,,Hyperspace,,,,,
SHD,Bounty Hunter's Quarry,,Standard,,,,,
SHD,Bounty Hunter's Quarry,,Hyperspace Foil,,,,,
SHD,Bounty Posting,,Standard,,,,,
SHD,Bounty Posting,,Standard Foil,,,,,
SHD,Bounty Posting,,Hyperspace Foil,,,,,
SHD,Bounty Posting,,Hyperspace,,,,,
SHD,Bravado,,Hyperspace Foil,,,,,
SHD,Bravado,,Standard,,,,,
SHD,Bravado,,Standard Foil,,,,,
SHD,Bravado,,Hyperspace,,,,,
SHD,Brutal Traditions,,Standard Foil,,,,,
SHD,Brutal Traditions,,Hyperspace Foil,,,,,
SHD,Brutal Traditions,,Standard,,,,,
SHD,Brutal Traditions,,Hyperspace,,,,,
SHD,Cad Bane,He Who Needs No Introduction,Standard,,,,,
SHD,Cad Bane,He Who Needs No Introduction,Showcase,,,,,
SHD,Cad Bane,He Who Needs No Introduction,Hyperspace,,,,,
SHD,Calculated Lethality,,Hyperspace,,,,,
SHD,Calculated Lethality,,Standard,,,,,
SHD,Cargo Juggernaut,,Hyperspace Foil,,,,,
SHD,Cargo Juggernaut,,Hyperspace,,,,,
SHD,Cargo Juggernaut,,Standard,,,,,
SHD,Cargo Juggernaut,,Standard Foil,,,,,
SHD,Cartel Turncoat,,Standard,,,,,
SHD,Cartel Turncoat,,Standard Foil,,,,,
SHD,Cartel Turncoat,,Hyperspace Foil,,,,,
SHD,Cartel Turncoat,,Hyperspace,,,,,
SHD,Cassian Andor,Rebellions Are Built On Hope,Standard Foil,,,,,
SHD,Cassian Andor,Rebellions Are Built On Hope,Hyperspace,,,,,
SHD,Cassian Andor,Rebellions Are Built On Hope,Hyperspace Foil,,,,,
SHD,Cassian Andor,Rebellions Are Built On Hope,Standard,,,,,
SHD,Cell Block Guard,,Standard,,,,,
SHD,Chain Code Collector,,Hyperspace,,,,,
SHD,Chain Code Collector,,Hyperspace Foil,,,,,
SHD,Chain Code Collector,,Standard Foil,,,,,
SHD,Chain Code Collector,,Standard,,,,,
SHD,Chewbacca,Pykesbane,Hyperspace,,,,,
SHD,Chewbacca,Pykesbane,Hyperspace Foil,,,,,
SHD,Chewbacca,Pykesbane,Standard Foil,,,,,
SHD,Chewbacca,Pykesbane,Standard,,,,,
SHD,Choose Sides,,Standard Foil,,,,,
SHD,Choose Sides,,Hyperspace Foil,,,,,
SHD,Choose Sides,,Hyperspace,,,,,
SHD,Choose Sides,,Standard,,,,,
SHD,Clan Challengers,,Standard Foil,,,,,
SHD,Clan Challengers,,Hyperspace Foil,,,,,
SHD,Clan Challengers,,Hyperspace,,,,,
SHD,Clan Challengers,,Standard,,,,,
SHD,Clan Saxon Gauntlet,,Hyperspace,,,,,
SHD,Clan Saxon Gauntlet,,Standard,,,,,
SHD,Clan Saxon Gauntlet,,Standard Foil,,,,,
SHD,Clan Saxon Gauntlet,,Hyperspace Foil,,,,,
SHD,Clan Wren Rescuer,,Hyperspace,,,,,
SHD,Clan Wren Rescuer,,Standard,,,,,
SHD,Clan Wren Rescuer,,Hyperspace Foil,,,,,
SHD,Clan Wren Rescuer,,Standard Foil,,,,,
SHD,Clone Deserter,,Standard Foil,,,,,
SHD,Clone Deserter,,Hyperspace,,,,,
SHD,Clone Deserter,,Standard,,,,,
SHD,Clone Deserter,,Hyperspace Foil,,,,,
SHD,Cloud-Rider,,Standard Foil,,,,,
SHD,Cloud-Rider,,Hyperspace Foil,,,,,
SHD,Cloud-Rider,,Hyperspace,,,,,
SHD,Cloud-Rider,,Standard,,,,,
SHD,Cobb Vanth,The Marshal,Standard Foil,,,,,
SHD,Cobb Vanth,The Marshal,Hyperspace Foil,,,,,
SHD,Cobb Vanth,The Marshal,Standard,,,,,
SHD,Cobb Vanth,The Marshal,Hyperspace,,,,,
SHD,Collections Starhopper,,Standard Foil,,,,,
SHD,Collections Starhopper,,Hyperspace,,,,,
SHD,Collections Starhopper,,Hyperspace Foil,,,,,
SHD,Collections Starhopper,,Standard,,,,,
SHD,Commission,,Hyperspace,,,,,
SHD,Commission,,Standard,,,,,
SHD,Commission,,Standard Foil,,,,,
SHD,Commission,,Hyperspace Foil,,,,,
SHD,Concord Dawn Interceptors,,Hyperspace Foil,,,,,
SHD,Concord Dawn Interceptors,,Standard,,,,,
SHD,Concord Dawn Interceptors,,Standard Foil,,,,,
SHD,Concord Dawn Interceptors,,Hyperspace,,,,,
SHD,Confiscate,,Standard,,,,,
SHD,Coronet City,,Hyperspace,,,,,
SHD,Coronet City,,Standard,,,,,
SHD,Coruscant Dissident,,Standard,,,,,
SHD,Coruscant Dissident,,Hyperspace,,,,,
SHD,Coruscant Dissident,,Hyperspace Foil,,,,,
SHD,Coruscant Dissident,,Standard Foil,,,,,
SHD,Covert Strength,,Standard,,,,,
SHD,Covert Strength,,Hyperspace,,,,,
SHD,Covert Strength,,Standard Foil,,,,,
SHD,Covert Strength,,Hyperspace Foil,,,,,
SHD,Covetous Rivals,,Hyperspace Foil,,,,,
SHD,Covetous Rivals,,Standard,,,,,
SHD,Covetous Rivals,,Standard Foil,,,,,
SHD,Covetous Rivals,,Hyperspace,,,,,
SHD,Criminal Muscle,,Standard Foil,,,,,
SHD,Criminal Muscle,,Standard,,,,,
SHD,Criminal Muscle,,Hyperspace,,,,,
SHD,Criminal Muscle,,Hyperspace Foil,,,,,
SHD,Cripple Authority,,Standard Foil,,,,,
SHD,Cripple Authority,,Hyperspace Foil,,,,,
SHD,Cripple Authority,,Standard,,,,,
SHD,Cripple Authority,,Hyperspace,,,,,
SHD,Crosshair,Following Orders,Standard,,,,,
SHD,Crosshair,Following Orders,Hyperspace Foil,,,,,
SHD,Crosshair,Following Orders,Standard Foil,,,,,
SHD,Crosshair,Following Orders,Hyperspace,,,,,
SHD,Daring Raid,,Hyperspace,,,,,
SHD,Daring Raid,,Standard Foil,,,,,
SHD,Daring Raid,,Standard,,,,,
SHD,Daring Raid,,Hyperspace Foil,,,,,
SHD,Death Mark,,Hyperspace Foil,,,,,
SHD,Death Mark,,Standard Foil,,,,,
SHD,Death Mark,,Standard,,,,,
SHD,Death Mark,,Hyperspace,,,,,
SHD,Death Trooper,,Standard,,,,,
SHD,Death Watch Hideout,,Hyperspace,,,,,
SHD,Death Watch Hideout,,Standard,,,,,
SHD,Death Watch Loyalist,,Hyperspace,,,,,
SHD,Death Watch Loyalist,,Hyperspace Foil,,,,,
SHD,Death Watch Loyalist,,Standard Foil,,,,,
SHD,Death Watch Loyalist,,Standard,,,,,
SHD,Dengar,The Demolisher,Hyperspace,,,,,
SHD,Dengar,The Demolisher,Standard,,,,,
SHD,Dengar,The Demolisher,Standard Foil,,,,,
SHD,Dengar,The Demolisher,Hyperspace Foil,,,,,
SHD,Desperado Freighter,,Hyperspace,,,,,
SHD,Desperado Freighter,,Hyperspace Foil,,,,,
SHD,Desperado Freighter,,Standard Foil,,,,,
SHD,Desperado Freighter,,Standard,,,,,
SHD,Desperate Attack,,Hyperspace,,,,,
SHD,Desperate Attack,,Hyperspace Foil,,,,,
SHD,Desperate Attack,,Standard Foil,,,,,
SHD,Desperate Attack,,Standard,,,,,
SHD,Detention Block Rescue,,Standard,,,,,
SHD,Detention Block Rescue,,Standard Foil,,,,,
SHD,Detention Block Rescue,,Hyperspace,,,,,
SHD,Detention Block Rescue,,Hyperspace Foil,,,,,
SHD,Disabling Fang Fighter,,Hyperspace,,,,,
SHD,Disabling Fang Fighter,,Hyperspace Foil,,,,,
SHD,Disabling Fang Fighter,,Standard,,,,,
SHD,Disabling Fang Fighter,,Standard Foil,,,,,
SHD,Discerning Veteran,,Hyperspace Foil,,,,,
SHD,Discerning Veteran,,Hyperspace,,,,,
SHD,Discerning Veteran,,Standard,,,,,
SHD,Discerning Veteran,,Standard Foil,,,,,
SHD,DJ,Blatant Thief,Hyperspace Foil,,,,,
SHD,DJ,Blatant Thief,Standard Foil,,,,,
SHD,DJ,Blatant Thief,Standard,,,,,
SHD,DJ,Blatant Thief,Hyperspace,,,,,
SHD,Doctor Aphra,Rapacious Archaeologist,Hyperspace,,,,,
SHD,Doctor Aphra,Rapacious Archaeologist,Showcase,,,,,
SHD,Doctor Aphra,Rapacious Archaeologist,Standard,,,,,
SHD,Doctor Evazan,Wanted on Twelve Systems,Hyperspace Foil,,,,,
SHD,Doctor Evazan,Wanted on Twelve Systems,Hyperspace,,,,,
SHD,Doctor Evazan,Wanted on Twelve Systems,Standard Foil,,,,,
SHD,Doctor Evazan,Wanted on Twelve Systems,Standard,,,,,
SHD,Doctor Pershing,Experimenting With Life,Standard,,,,,
SHD,Doctor Pershing,Experimenting With Life,Hyperspace Foil,,,,,
SHD,Doctor Pershing,Experimenting With Life,Standard Foil,,,,,
SHD,Doctor Pershing,Experimenting With Life,Hyperspace,,,,,
SHD,Dryden Vos,Offering No Escape,Hyperspace,,,,,
SHD,Dryden Vos,Offering No Escape,Standard,,,,,
SHD,Dryden Vos,Offering No Escape,Standard Foil,,,,,
SHD,Dryden Vos,Offering No Escape,Hyperspace Foil,,,,,
SHD,Echo,Restored,Hyperspace Foil,,,,,
SHD,Echo,Restored,Hyperspace,,,,,
SHD,Echo,Restored,Standard Foil,,,,,
SHD,Echo,Restored,Standard,,,,,
SHD,Embo,Stoic and Resolute,Hyperspace Foil,,,,,
SHD,Embo,Stoic and Resolute,Hyperspace,,,,,
SHD,Embo,Stoic and Resolute,Standard Foil,,,,,
SHD,Embo,Stoic and Resolute,Standard,,,,,
SHD,Endless Legions,,Hyperspace,,,,,
SHD,Endless Legions,,Standard Foil,,,,,
SHD,Endless Legions,,Standard,,,,,
SHD,Endless Legions,,Hyperspace Foil,,,,,
SHD,Enforced Loyalty,,Hyperspace,,,,,
SHD,Enforced Loyalty,,Standard Foil,,,,,
SHD,Enforced Loyalty,,Standard,,,,,
SHD,Enforced Loyalty,,Hyperspace Foil,,,,,
SHD,Enfys Nest,Marauder,Standard Foil,,,,,
SHD,Enfys Nest,Marauder,Hyperspace,,,,,
SHD,Enfys Nest,Marauder,Hyperspace Foil,,,,,
SHD,Enfys Nest,Marauder,Standard,,,,,
SHD,Enterprising Lackeys,,Hyperspace,,,,,
SHD,Enterprising Lackeys,,Hyperspace Foil,,,,,
SHD,Enterprising Lackeys,,Standard,,,,,
SHD,Enterprising Lackeys,,Standard Foil,,,,,
SHD,Enticing Reward,,Standard,,,,,
SHD,Enticing Reward,,Hyperspace,,,,,
SHD,Enticing Reward,,Standard Foil,,,,,
SHD,Enticing Reward,,Hyperspace Foil,,,,,
SHD,Ephant Mon,Head of Security,Hyperspace,,,,,
SHD,Ephant Mon,Head of Security,Hyperspace Foil,,,,,
SHD,Ephant Mon,Head of Security,Standard,,,,,
SHD,Ephant Mon,Head of Security,Standard Foil,,,,,
SHD,Evacuate,,Hyperspace,,,,,
SHD,Evacuate,,Standard Foil,,,,,
SHD,Evacuate,,Hyperspace Foil,,,,,
SHD,Evacuate,,Standard,,,,,
SHD,Evidence of the Crime,,Hyperspace,,,,,
SHD,Evidence of the Crime,,Standard,,,,,
SHD,Evidence of the Crime,,Hyperspace Foil,,,,,
SHD,Evidence of the Crime,,Standard Foil,,,,,
SHD,Fell the Dragon,,Standard Foil,,,,,
SHD,Fell the Dragon,,Hyperspace,,,,,
SHD,Fell the Dragon,,Standard,,,,,
SHD,Fell the Dragon,,Hyperspace Foil,,,,,
SHD,Fenn Rau,Protector of Concord Dawn,Standard,,,,,
SHD,Fenn Rau,Protector of Concord Dawn,Hyperspace Foil,,,,,
SHD,Fenn Rau,Protector of Concord Dawn,Hyperspace,,,,,
SHD,Fenn Rau,Protector of Concord Dawn,Standard Foil,,,,,
SHD,Fennec Shand,Loyal Sharpshooter,Standard Foil,,,,,
SHD,Fennec Shand,Honoring the Deal,Showcase,,,,,
SHD,Fennec Shand,Honoring the Deal,Hyperspace,,,,,
SHD,Fennec Shand,Loyal Sharpshooter,Hyperspace Foil,,,,,
SHD,Fennec Shand,Honoring the Deal,Standard,,,,,
SHD,Fennec Shand,Loyal Sharpshooter,Hyperspace,,,,,
SHD,Fennec Shand,Loyal Sharpshooter,Standard,,,,,
SHD,Final Showdown,,Hyperspace Foil,,,,,
SHD,Final Showdown,,Standard,,,,,
SHD,Final Showdown,,Standard Foil,,,,,
SHD,Final Showdown,,Hyperspace,,,,,
SHD,Finalizer,Might of the First Order,Standard,,,,,
SHD,Finalizer,Might of the First Order,Hyperspace,,,,,
SHD,Finalizer,Might of the First Order,Standard Foil,,,,,
SHD,Finalizer,Might of the First Order,Hyperspace Foil,,,,,
SHD,Finn,This is a Rescue,Showcase,,,,,
SHD,Finn,This is a Rescue,Hyperspace,,,,,
SHD,Finn,This is a Rescue,Standard,,,,,
SHD,First Light,Headquarters of the Crimson Dawn,Hyperspace Foil,,,,,
SHD,First Light,Headquarters of the Crimson Dawn,Standard Foil,,,,,
SHD,First Light,Headquarters of the Crimson Dawn,Standard,,,,,
SHD,First Light,Headquarters of the Crimson Dawn,Hyperspace,,,,,
SHD,Follower of The Way,,Hyperspace Foil,,,,,
SHD,Follower of The Way,,Hyperspace,,,,,
SHD,Follower of The Way,,Standard,,,,,
SHD,Follower of The Way,,Standard Foil,,,,,
SHD,Foundling,,Standard Foil,,,,,
SHD,Foundling,,Hyperspace Foil,,,,,
SHD,Foundling,,Standard,,,,,
SHD,Foundling,,Hyperspace,,,,,
SHD,Freetown Backup,,Hyperspace,,,,,
SHD,Freetown Backup,,Standard,,,,,
SHD,Freetown Backup,,Standard Foil,,,,,
SHD,Freetown Backup,,Hyperspace Foil,,,,,
SHD,Frontier Trader,,Hyperspace Foil,,,,,
SHD,Frontier Trader,,Standard Foil,,,,,
SHD,Frontier Trader,,Hyperspace,,,,,
SHD,Frontier Trader,,Standard,,,,,
SHD,Frozen in Carbonite,,Standard,,,,,
SHD,Frozen in Carbonite,,Hyperspace,,,,,
SHD,Frozen in Carbonite,,Hyperspace Foil,,,,,
SHD,Frozen in Carbonite,,Standard Foil,,,,,
SHD,Fugitive Wookiee,,Hyperspace,,,,,
SHD,Fugitive Wookiee,,Standard Foil,,,,,
SHD,Fugitive Wookiee,,Hyperspace Foil,,,,,
SHD,Fugitive Wookiee,,Standard,,,,,
SHD,Gamorrean Retainer,,Hyperspace Foil,,,,,
SHD,Gamorrean Retainer,,Standard Foil,,,,,
SHD,Gamorrean Retainer,,Standard,,,,,
SHD,Gamorrean Retainer,,Hyperspace,,,,,
SHD,Gar Saxon,Viceroy of Mandalore,Hyperspace,,,,,
SHD,Gar Saxon,Viceroy of Mandalore,Showcase,,,,,
SHD,Gar Saxon,Viceroy of Mandalore,Standard,,,,,
SHD,General Rieekan,Defensive Strategist,Hyperspace Foil,,,,,
SHD,General Rieekan,Defensive Strategist,Standard Foil,,,,,
SHD,General Rieekan,Defensive Strategist,Standard,,,,,
SHD,General Rieekan,Defensive Strategist,Hyperspace,,,,,
SHD,General Tagge,Concerned Commander,Standard,,,,,
SHD,Gentle Giant,,Hyperspace Foil,,,,,
SHD,Gentle Giant,,Hyperspace,,,,,
SHD,Gentle Giant,,Standard Foil,,,,,
SHD,Gentle Giant,,Standard,,,,,
SHD,Gideon's Light Cruiser,Dark Troopers' Station,Hyperspace,,,,,
SHD,Gideon's Light Cruiser,Dark Troopers' Station,Standard,,,,,
SHD,Give In to Your Anger,,Standard Foil,,,,,
SHD,Give In to Your Anger,,Standard,,,,,
SHD,Give In to Your Anger,,Hyperspace Foil,,,,,
SHD,Give In to Your Anger,,Hyperspace,,,,,
SHD,Greef Karga,Affable Commissioner,Standard,,,,,
SHD,Greef Karga,Affable Commissioner,Hyperspace,,,,,
SHD,Grey Squadron Y-Wing,,Hyperspace,,,,,
SHD,Grey Squadron Y-Wing,,Standard,,,,,
SHD,Grey Squadron Y-Wing,,Standard Foil,,,,,
SHD,Grey Squadron Y-Wing,,Hyperspace Foil,,,,,
SHD,Grogu,Irresistible,Event Exclusive,,,,,
SHD,Grogu,Irresistible,Hyperspace,,,,,
SHD,Grogu,Irresistible,Standard,,,,,
SHD,Guavian Antagonizer,,Hyperspace Foil,,,,,
SHD,Guavian Antagonizer,,Standard Foil,,,,,
SHD,Guavian Antagonizer,,Hyperspace,,,,,
SHD,Guavian Antagonizer,,Standard,,,,,
SHD,Guild Target,,Hyperspace,,,,,
SHD,Guild Target,,Hyperspace Foil,,,,,
SHD,Guild Target,,Standard,,,,,
SHD,Guild Target,,Standard Foil,,,,,
SHD,Han Solo,Worth the Risk,Showcase,,,,,
SHD,Han Solo,Worth the Risk,Standard,,,,,
SHD,Han Solo,Worth the Risk,Hyperspace,,,,,
SHD,Headhunting,,Standard Foil,,,,,
SHD,Headhunting,,Standard,,,,,
SHD,Headhunting,,Hyperspace,,,,,
SHD,Headhunting,,Hyperspace Foil,,,,,
SHD,Heroic Renegade,,Hyperspace,,,,,
SHD,Heroic Renegade,,Standard Foil,,,,,
SHD,Heroic Renegade,,Standard,,,,,
SHD,Heroic Renegade,,Hyperspace Foil,,,,,
SHD,Heroic Resolve,,Hyperspace Foil,,,,,
SHD,Heroic Resolve,,Standard,,,,,
SHD,Heroic Resolve,,Hyperspace,,,,,
SHD,Heroic Resolve,,Standard Foil,,,,,
SHD,Hondo Ohnaka,That's Good Business,Showcase,,,,,
SHD,Hondo Ohnaka,That's Good Business,Standard,,,,,
SHD,Hondo Ohnaka,That's Good Business,Hyperspace,,,,,
SHD,Hotshot DL-44 Blaster,,Standard Foil,,,,,
SHD,Hotshot DL-44 Blaster,,Standard,,,,,
SHD,Hotshot DL-44 Blaster,,Hyperspace,,,,,
SHD,Hotshot DL-44 Blaster,,Hyperspace Foil,,,,,
SHD,House Kast Soldier,,Standard,,,,,
SHD,House Kast Soldier,,Hyperspace Foil,,,,,
SHD,House Kast Soldier,,Hyperspace,,,,,
SHD,House Kast Soldier,,Standard Foil,,,,,
SHD,Hunter,Outcast Sergeant,Hyperspace,,,,,
SHD,Hunter,Outcast Sergeant,Standard,,,,,
SHD,Hunter,Outcast Sergeant,Showcase,,,,,
SHD,Hunter of the Haxion Brood,,Standard Foil,,,,,
SHD,Hunter of the Haxion Brood,,Standard,,,,,
SHD,Hunter of the Haxion Brood,,Hyperspace Foil,,,,,
SHD,Hunter of the Haxion Brood,,Hyperspace,,,,,
SHD,Hunting Nexu,,Standard Foil,,,,,
SHD,Hunting Nexu,,Hyperspace Foil,,,,,
SHD,Hunting Nexu,,Standard,,,,,
SHD,Hunting Nexu,,Hyperspace,,,,,
SHD,Hutt's Henchmen,,Standard,,,,,
SHD,Hutt's Henchmen,,Hyperspace,,,,,
SHD,Hutt's Henchmen,,Standard Foil,,,,,
SHD,Hutt's Henchmen,,Hyperspace Foil,,,,,
SHD,HWK-290 Freighter,,Hyperspace,,,,,
SHD,HWK-290 Freighter,,Standard Foil,,,,,
SHD,HWK-290 Freighter,,Hyperspace Foil,,,,,
SHD,HWK-290 Freighter,,Standard,,,,,
SHD,Hylobon Enforcer,,Hyperspace Foil,,,,,
SHD,Hylobon Enforcer,,Standard Foil,,,,,
SHD,Hylobon Enforcer,,Standard,,,,,
SHD,Hylobon Enforcer,,Hyperspace,,,,,
SHD,IG-11,I Cannot Be Captured,Hyperspace,,,,,
SHD,IG-11,I Cannot Be Captured,Standard,,,,,
SHD,IG-11,I Cannot Be Captured,Hyperspace Foil,,,,,
SHD,IG-11,I Cannot Be Captured,Standard Foil,,,,,
SHD,Imprisoned,,Standard,,,,,
SHD,Imprisoned,,Standard Foil,,,,,
SHD,Imprisoned,,Hyperspace Foil,,,,,
SHD,Imprisoned,,Hyperspace,,,,,
SHD,Incinerator Trooper,,Standard,,,,,
SHD,Incinerator Trooper,,Hyperspace,,,,,
SHD,Inspiring Mentor,,Standard Foil,,,,,
SHD,Inspiring Mentor,,Hyperspace,,,,,
SHD,Inspiring Mentor,,Hyperspace Foil,,,,,
SHD,Inspiring Mentor,,Standard,,,,,
SHD,Jabba the Hutt,His High Exaltedness,Showcase,,,,,
SHD,Jabba the Hutt,His High Exaltedness,Hyperspace,,,,,
SHD,Jabba the Hutt,His High Exaltedness,Standard,,,,,
SHD,Jabba's Palace,,Standard,,,,,
SHD,Jabba's Palace,,Hyperspace,,,,,
SHD,Jabba's Rancor,Pateesa,Hyperspace Foil,,,,,
SHD,Jabba's Rancor,Pateesa,Standard Foil,,,,,
SHD,Jabba's Rancor,Pateesa,Hyperspace,,,,,
SHD,Jabba's Rancor,Pateesa,Standard,,,,,
SHD,Jango Fett,Renowned Bounty Hunter,Standard Foil,,,,,
SHD,Jango Fett,Renowned Bounty Hunter,Standard,,,,,
SHD,Jango Fett,Renowned Bounty Hunter,Hyperspace,,,,,
SHD,Jango Fett,Renowned Bounty Hunter,Hyperspace Foil,,,,,
SHD,Jetpack,,Standard Foil,,,,,
SHD,Jetpack,,Hyperspace Foil,,,,,
SHD,Jetpack,,Standard,,,,,
SHD,Jetpack,,Hyperspace,,,,,
SHD,Ketsu Onyo,Old Friend,Hyperspace Foil,,,,,
SHD,Ketsu Onyo,Old Friend,Hyperspace,,,,,
SHD,Ketsu Onyo,Old Friend,Standard Foil,,,,,
SHD,Ketsu Onyo,Old Friend,Standard,,,,,
SHD,Kihraxz Heavy Fighter,,Hyperspace Foil,,,,,
SHD,Kihraxz Heavy Fighter,,Hyperspace,,,,,
SHD,Kihraxz Heavy Fighter,,Standard Foil,,,,,
SHD,Kihraxz Heavy Fighter,,Standard,,,,,
SHD,Kintan Intimidator,,Standard,,,,,
SHD,Kintan Intimidator,,Hyperspace,,,,,
SHD,Kintan Intimidator,,Hyperspace Foil,,,,,
SHD,Kintan Intimidator,,Standard Foil,,,,,
SHD,Koska Reeves,Loyal Nite Owl,Standard,,,,,
SHD,Koska Reeves,Loyal Nite Owl,Standard Foil,,,,,
SHD,Koska Reeves,Loyal Nite Owl,Hyperspace,,,,,
SHD,Koska Reeves,Loyal Nite Owl,Hyperspace Foil,,,,,
SHD,Kragan Gorr,Warbird Captain,Hyperspace,,,,,
SHD,Kragan Gorr,Warbird Captain,Standard Foil,,,,,
SHD,Kragan Gorr,Warbird Captain,Standard,,,,,
SHD,Kragan Gorr,Warbird Captain,Hyperspace Foil,,,,,
SHD,Krayt Dragon,,Hyperspace,,,,,
SHD,Krayt Dragon,,Standard,,,,,
SHD,Krayt Dragon,,Hyperspace Foil,,,,,
SHD,Krayt Dragon,,Standard Foil,,,,,
SHD,Krrsantan,Muscle for Hire,Hyperspace,,,,,
SHD,Krrsantan,Muscle for Hire,Hyperspace Foil,,,,,
SHD,Krrsantan,Muscle for Hire,Standard Foil,,,,,
SHD,Krrsantan,Muscle for Hire,Standard,,,,,
SHD,Kuiil,I Have Spoken,Standard,,,,,
SHD,Kuiil,I Have Spoken,Standard Foil,,,,,
SHD,Kuiil,I Have Spoken,Hyperspace Foil,,,,,
SHD,Kuiil,I Have Spoken,Hyperspace,,,,,
SHD,Kylo Ren,Rash and Deadly,Showcase,,,,,
SHD,Kylo Ren,Killing the Past,Hyperspace,,,,,
SHD,Kylo Ren,Killing the Past,Standard Foil,,,,,
SHD,Kylo Ren,Rash and Deadly,Standard,,,,,
SHD,Kylo Ren,Rash and Deadly,Hyperspace,,,,,
SHD,Kylo Ren,Killing the Past,Hyperspace Foil,,,,,
SHD,Kylo Ren,Killing the Past,Standard,,,,,
SHD,Kylo's TIE Silencer,Ruthlessly Efficient,Standard,,,,,
SHD,Kylo's TIE Silencer,Ruthlessly Efficient,Hyperspace,,,,,
SHD,Kylo's TIE Silencer,Ruthlessly Efficient,Hyperspace Foil,,,,,
SHD,Kylo's TIE Silencer,Ruthlessly Efficient,Standard Foil,,,,,
SHD,L3-37,Droid Revolutionary,Standard Foil,,,,,
SHD,L3-37,Droid Revolutionary,Hyperspace,,,,,
SHD,L3-37,Droid Revolutionary,Hyperspace Foil,,,,,
SHD,L3-37,Droid Revolutionary,Standard,,,,,
SHD,Lady Proxima,White Worm Matriarch,Hyperspace Foil,,,,,
SHD,Lady Proxima,White Worm Matriarch,Hyperspace,,,,,
SHD,Lady Proxima,White Worm Matriarch,Standard,,,,,
SHD,Lady Proxima,White Worm Matriarch,Standard Foil,,,,,
SHD,Lando Calrissian,With Impeccable Taste,Standard,,,,,
SHD,Lando Calrissian,With Impeccable Taste,Showcase,,,,,
SHD,Lando Calrissian,With Impeccable Taste,Hyperspace,,,,,
SHD,Legal Authority,,Hyperspace Foil,,,,,
SHD,Legal Authority,,Standard Foil,,,,,
SHD,Legal Authority,,Hyperspace,,,,,
SHD,Legal Authority,,Standard,,,,,
SHD,Let the Wookiee Win,,Hyperspace,,,,,
SHD,Let the Wookiee Win,,Standard Foil,,,,,
SHD,Let the Wookiee Win,,Hyperspace Foil,,,,,
SHD,Let the Wookiee Win,,Standard,,,,,
SHD,Liberated Slaves,,Hyperspace,,,,,
SHD,Liberated Slaves,,Standard,,,,,
SHD,Liberated Slaves,,Hyperspace Foil,,,,,
SHD,Liberated Slaves,,Standard Foil,,,,,
SHD,Lom Pyke,Dealer in Truths,Standard,,,,,
SHD,Lom Pyke,Dealer in Truths,Hyperspace Foil,,,,,
SHD,Lom Pyke,Dealer in Truths,Hyperspace,,,,,
SHD,Lom Pyke,Dealer in Truths,Standard Foil,,,,,
SHD,Look the Other Way,,Hyperspace Foil,,,,,
SHD,Look the Other Way,,Standard Foil,,,,,
SHD,Look the Other Way,,Standard,,,,,
SHD,Look the Other Way,,Hyperspace,,,,,
SHD,Lurking TIE Phantom,,Standard Foil,,,,,
SHD,Lurking TIE Phantom,,Hyperspace Foil,,,,,
SHD,Lurking TIE Phantom,,Hyperspace,,,,,
SHD,Lurking TIE Phantom,,Standard,,,,,
SHD,Ma Klounkee,,Hyperspace Foil,,,,,
SHD,Ma Klounkee,,Hyperspace,,,,,
SHD,Ma Klounkee,,Standard,,,,,
SHD,Ma Klounkee,,Standard Foil,,,,,
SHD,Mandalorian Armor,,Standard Foil,,,,,
SHD,Mandalorian Armor,,Hyperspace Foil,,,,,
SHD,Mandalorian Armor,,Standard,,,,,
SHD,Mandalorian Armor,,Hyperspace,,,,,
SHD,Mandalorian Warrior,,Hyperspace Foil,,,,,
SHD,Mandalorian Warrior,,Hyperspace,,,,,
SHD,Mandalorian Warrior,,Standard Foil,,,,,
SHD,Mandalorian Warrior,,Standard,,,,,
SHD,Maul,Shadow Collective Visionary,Standard Foil,,,,,
SHD,Maul,Shadow Collective Visionary,Standard,,,,,
SHD,Maul,Shadow Collective Visionary,Hyperspace,,,,,
SHD,Maul,Shadow Collective Visionary,Hyperspace Foil,,,,,
SHD,Maz Kanata,Pirate Queen,Hyperspace,,,,,
SHD,Maz Kanata,Pirate Queen,Standard Foil,,,,,
SHD,Maz Kanata,Pirate Queen,Standard,,,,,
SHD,Maz Kanata,Pirate Queen,Hyperspace Foil,,,,,
SHD,Maz Kanata's Castle,,Standard,,,,,
SHD,Maz Kanata's Castle,,Hyperspace,,,,,
SHD,Mercenary Company,,Standard,,,,,
SHD,Mercenary Company,,Hyperspace,,,,,
SHD,Mercenary Company,,Hyperspace Foil,,,,,
SHD,Mercenary Company,,Standard Foil,,,,,
SHD,Mercenary Gunship,,Hyperspace Foil,,,,,
SHD,Mercenary Gunship,,Hyperspace,,,,,
SHD,Mercenary Gunship,,Standard,,,,,
SHD,Mercenary Gunship,,Standard Foil,,,,,
SHD,Midnight Repairs,,Standard,,,,,
SHD,Midnight Repairs,,Hyperspace,,,,,
SHD,Midnight Repairs,,Hyperspace Foil,,,,,
SHD,Midnight Repairs,,Standard Foil,,,,,
SHD,Migs Mayfeld,Triggerman,Standard Foil,,,,,
SHD,Migs Mayfeld,Triggerman,Hyperspace Foil,,,,,
SHD,Migs Mayfeld,Triggerman,Hyperspace,,,,,
SHD,Migs Mayfeld,Triggerman,Standard,,,,,
SHD,Millennium Falcon,Lando's Pride,Hyperspace,,,,,
SHD,Millennium Falcon,Lando's Pride,Hyperspace Foil,,,,,
SHD,Millennium Falcon,Lando's Pride,Standard Foil,,,,,
SHD,Millennium Falcon,Lando's Pride,Standard,,,,,
SHD,Modded Cohort,,Hyperspace,,,,,
SHD,Modded Cohort,,Standard,,,,,
SHD,Modded Cohort,,Hyperspace Foil,,,,,
SHD,Modded Cohort,,Standard Foil,,,,,
SHD,Moff Gideon,Formidable Commander,Showcase,,,,,
SHD,Moff Gideon,Formidable Commander,Hyperspace,,,,,
SHD,Moff Gideon,Formidable Commander,Standard,,,,,
SHD,Moisture Farmer,,Hyperspace Foil,,,,,
SHD,Moisture Farmer,,Hyperspace,,,,,
SHD,Moisture Farmer,,Standard,,,,,
SHD,Moisture Farmer,,Standard Foil,,,,,
SHD,Moment of Glory,,Hyperspace Foil,,,,,
SHD,Moment of Glory,,Standard,,,,,
SHD,Moment of Glory,,Hyperspace,,,,,
SHD,Moment of Glory,,Standard Foil,,,,,
SHD,Mystic Reflection,,Hyperspace,,,,,
SHD,Mystic Reflection,,Standard Foil,,,,,
SHD,Mystic Reflection,,Standard,,,,,
SHD,Mystic Reflection,,Hyperspace Foil,,,,,
SHD,Nevarro City,,Hyperspace,,,,,
SHD,Nevarro City,,Standard,,,,,
SHD,Niima Outpost Constables,,Hyperspace,,,,,
SHD,Niima Outpost Constables,,Standard Foil,,,,,
SHD,Niima Outpost Constables,,Hyperspace Foil,,,,,
SHD,Niima Outpost Constables,,Standard,,,,,
SHD,Nite Owl Skirmisher,,Standard Foil,,,,,
SHD,Nite Owl Skirmisher,,Hyperspace Foil,,,,,
SHD,Nite Owl Skirmisher,,Standard,,,,,
SHD,Nite Owl Skirmisher,,Hyperspace,,,,,
SHD,No Bargain,,Standard Foil,,,,,
SHD,No Bargain,,Hyperspace Foil,,,,,
SHD,No Bargain,,Standard,,,,,
SHD,No Bargain,,Hyperspace,,,,,
SHD,Omega,Part of the Squad,Standard Foil,,,,,
SHD,Omega,Part of the Squad,Standard,,,,,
SHD,Omega,Part of the Squad,Hyperspace Foil,,,,,
SHD,Omega,Part of the Squad,Hyperspace,,,,,
SHD,Outflank,,Hyperspace Foil,,,,,
SHD,Outflank,,Hyperspace,,,,,
SHD,Outflank,,Standard,,,,,
SHD,Outflank,,Standard Foil,,,,,
SHD,Outland TIE Vanguard,,Standard Foil,,,,,
SHD,Outland TIE Vanguard,,Standard,,,,,
SHD,Outland TIE Vanguard,,Hyperspace Foil,,,,,
SHD,Outland TIE Vanguard,,Hyperspace,,,,,
SHD,Outlaw Corona,,Hyperspace,,,,,
SHD,Outlaw Corona,,Standard,,,,,
SHD,Outlaw Corona,,Standard Foil,,,,,
SHD,Outlaw Corona,,Hyperspace Foil,,,,,
SHD,Palpatine's Return,,Hyperspace Foil,,,,,
SHD,Palpatine's Return,,Standard,,,,,
SHD,Palpatine's Return,,Standard Foil,,,,,
SHD,Palpatine's Return,,Hyperspace,,,,,
SHD,Phase-III Dark Trooper,,Standard,,,,,
SHD,Phase-III Dark Trooper,,Hyperspace,,,,,
SHD,Pillage,,Standard Foil,,,,,
SHD,Pillage,,Standard,,,,,
SHD,Pillage,,Hyperspace Foil,,,,,
SHD,Pillage,,Hyperspace,,,,,
SHD,Pirate Battle Tank,,Standard Foil,,,,,
SHD,Pirate Battle Tank,,Hyperspace,,,,,
SHD,Pirate Battle Tank,,Hyperspace Foil,,,,,
SHD,Pirate Battle Tank,,Standard,,,,,
SHD,Poe Dameron,Quick to Improvise,Standard,,,,,
SHD,Poe Dameron,Quick to Improvise,Standard Foil,,,,,
SHD,Poe Dameron,Quick to Improvise,Hyperspace,,,,,
SHD,Poe Dameron,Quick to Improvise,Hyperspace Foil,,,,,
SHD,Pre Vizsla,Power Hungry,Standard Foil,,,,,
SHD,Pre Vizsla,Power Hungry,Hyperspace,,,,,
SHD,Pre Vizsla,Power Hungry,Hyperspace Foil,,,,,
SHD,Pre Vizsla,Power Hungry,Standard,,,,,
SHD,Price on Your Head,,Hyperspace,,,,,
SHD,Price on Your Head,,Standard Foil,,,,,
SHD,Price on Your Head,,Standard,,,,,
SHD,Price on Your Head,,Hyperspace Foil,,,,,
SHD,Principled Outlaw,,Standard,,,,,
SHD,Principled Outlaw,,Standard Foil,,,,,
SHD,Principled Outlaw,,Hyperspace Foil,,,,,
SHD,Principled Outlaw,,Hyperspace,,,,,
SHD,Privateer Crew,,Standard,,,,,
SHD,Privateer Crew,,Hyperspace,,,,,
SHD,Privateer Crew,,Hyperspace Foil,,,,,
SHD,Privateer Crew,,Standard Foil,,,,,
SHD,Privateer Scyk,,Hyperspace,,,,,
SHD,Privateer Scyk,,Standard Foil,,,,,
SHD,Privateer Scyk,,Standard,,,,,
SHD,Privateer Scyk,,Hyperspace Foil,,,,,
SHD,Protector of the Throne,,Standard Foil,,,,,
SHD,Protector of the Throne,,Standard,,,,,
SHD,Protector of the Throne,,Hyperspace,,,,,
SHD,Protector of the Throne,,Hyperspace Foil,,,,,
SHD,Public Enemy,,Standard,,,,,
SHD,Public Enemy,,Standard Foil,,,,,
SHD,Public Enemy,,Hyperspace Foil,,,,,
SHD,Public Enemy,,Hyperspace,,,,,
SHD,Punishing One,Dengar's Jumpmaster,Hyperspace,,,,,
SHD,Punishing One,Dengar's Jumpmaster,Standard Foil,,,,,
SHD,Punishing One,Dengar's Jumpmaster,Hyperspace Foil,,,,,
SHD,Punishing One,Dengar's Jumpmaster,Standard,,,,,
SHD,Pyke Sentinel,,Standard Foil,,,,,
SHD,Pyke Sentinel,,Hyperspace,,,,,
SHD,Pyke Sentinel,,Hyperspace Foil,,,,,
SHD,Pyke Sentinel,,Standard,,,,,
SHD,Qi'ra,I Alone Survived,Hyperspace,,,,,
SHD,Qi'ra,I Alone Survived,Showcase,,,,,
SHD,Qi'ra,Playing Her Part,Hyperspace Foil,,,,,
SHD,Qi'ra,Playing Her Part,Standard Foil,,,,,
SHD,Qi'ra,I Alone Survived,Standard,,,,,
SHD,Qi'ra,Playing Her Part,Standard,,,,,
SHD,Qi'ra,Playing Her Part,Hyperspace,,,,,
SHD,Razor Crest,Reliable Gunship,Standard,,,,,
SHD,Razor Crest,Reliable Gunship,Hyperspace,,,,,
SHD,Reckless Gunslinger,,Hyperspace Foil,,,,,
SHD,Reckless Gunslinger,,Hyperspace,,,,,
SHD,Reckless Gunslinger,,Standard,,,,,
SHD,Reckless Gunslinger,,Standard Foil,,,,,
SHD,Relentless Pursuit,,Standard Foil,,,,,
SHD,Relentless Pursuit,,Standard,,,,,
SHD,Relentless Pursuit,,Hyperspace,,,,,
SHD,Relentless Pursuit,,Hyperspace Foil,,,,,
SHD,Remnant Reserves,,Hyperspace,,,,,
SHD,Remnant Reserves,,Hyperspace Foil,,,,,
SHD,Remnant Reserves,,Standard Foil,,,,,
SHD,Remnant Reserves,,Standard,,,,,
SHD,Remnant Science Facility,,Hyperspace,,,,,
SHD,Remnant Science Facility,,Standard,,,,,
SHD,Remote Village,,Hyperspace,,,,,
SHD,Remote Village,,Standard,,,,,
SHD,Reputable Hunter,,Hyperspace Foil,,,,,
SHD,Reputable Hunter,,Hyperspace,,,,,
SHD,Reputable Hunter,,Standard,,,,,
SHD,Reputable Hunter,,Standard Foil,,,,,
SHD,Resilient,,Standard,,,,,
SHD,Resourceful Pursuers,,Standard Foil,,,,,
SHD,Resourceful Pursuers,,Standard,,,,,
SHD,Resourceful Pursuers,,Hyperspace Foil,,,,,
SHD,Resourceful Pursuers,,Hyperspace,,,,,
SHD,Rey,Keeping the Past,Standard Foil,,,,,
SHD,Rey,Keeping the Past,Hyperspace Foil,,,,,
SHD,Rey,More Than a Scavenger,Hyperspace,,,,,
SHD,Rey,Keeping the Past,Standard,,,,,
SHD,Rey,More Than a Scavenger,Standard,,,,,
SHD,Rey,More Than a Scavenger,Showcase,,,,,
SHD,Rey,Keeping the Past,Hyperspace,,,,,
SHD,Rhokai Gunship,,Standard,,,,,
SHD,Rhokai Gunship,,Hyperspace,,,,,
SHD,Rhokai Gunship,,Standard Foil,,,,,
SHD,Rhokai Gunship,,Hyperspace Foil,,,,,
SHD,Rich Reward,,Standard,,,,,
SHD,Rich Reward,,Standard Foil,,,,,
SHD,Rich Reward,,Hyperspace Foil,,,,,
SHD,Rich Reward,,Hyperspace,,,,,
SHD,Rickety Quadjumper,,Hyperspace Foil,,,,,
SHD,Rickety Quadjumper,,Standard,,,,,
SHD,Rickety Quadjumper,,Hyperspace,,,,,
SHD,Rickety Quadjumper,,Standard Foil,,,,,
SHD,Rival's Fall,,Hyperspace,,,,,
SHD,Rival's Fall,,Standard,,,,,
SHD,Rival's Fall,,Standard Foil,,,,,
SHD,Rival's Fall,,Hyperspace Foil,,,,,
SHD,Rose Tico,Dedicated to the Cause,Standard,,,,,
SHD,Rose Tico,Dedicated to the Cause,Standard Foil,,,,,
SHD,Rose Tico,Dedicated to the Cause,Hyperspace Foil,,,,,
SHD,Rose Tico,Dedicated to the Cause,Hyperspace,,,,,
SHD,Rule with Respect,,Hyperspace,,,,,
SHD,Rule with Respect,,Standard,,,,,
SHD,Rule with Respect,,Standard Foil,,,,,
SHD,Rule with Respect,,Hyperspace Foil,,,,,
SHD,Ruthless Assassin,,Hyperspace Foil,,,,,
SHD,Ruthless Assassin,,Hyperspace,,,,,
SHD,Ruthless Assassin,,Standard,,,,,
SHD,Ruthless Assassin,,Standard Foil,,,,,
SHD,Ruthlessness,,Hyperspace Foil,,,,,
SHD,Ruthlessness,,Standard Foil,,,,,
SHD,Ruthlessness,,Standard,,,,,
SHD,Ruthlessness,,Hyperspace,,,,,
SHD,Salacious Crumb,Obnoxious Pet,Hyperspace Foil,,,,,
SHD,Salacious Crumb,Obnoxious Pet,Standard Foil,,,,,
SHD,Salacious Crumb,Obnoxious Pet,Hyperspace,,,,,
SHD,Salacious Crumb,Obnoxious Pet,Standard,,,,,
SHD,Scanning Officer,,Hyperspace Foil,,,,,
SHD,Scanning Officer,,Hyperspace,,,,,
SHD,Scanning Officer,,Standard,,,,,
SHD,Scanning Officer,,Standard Foil,,,,,
SHD,Seasoned Shoretrooper,,Standard,,,,,
SHD,Second Chance,,Standard Foil,,,,,
SHD,Second Chance,,Hyperspace Foil,,,,,
SHD,Second Chance,,Standard,,,,,
SHD,Second Chance,,Hyperspace,,,,,
SHD,Slaver's Freighter,,Hyperspace,,,,,
SHD,Slaver's Freighter,,Standard Foil,,,,,
SHD,Slaver's Freighter,,Hyperspace Foil,,,,,
SHD,Slaver's Freighter,,Standard,,,,,
SHD,Smuggler's Aid,,Hyperspace,,,,,
SHD,Smuggler's Aid,,Standard Foil,,,,,
SHD,Smuggler's Aid,,Hyperspace Foil,,,,,
SHD,Smuggler's Aid,,Standard,,,,,
SHD,Smuggler's Starfighter,,Hyperspace,,,,,
SHD,Smuggler's Starfighter,,Hyperspace Foil,,,,,
SHD,Smuggler's Starfighter,,Standard Foil,,,,,
SHD,Smuggler's Starfighter,,Standard,,,,,
SHD,Snapshot Reflexes,,Standard,,,,,
SHD,Snowtrooper Lieutenant,,Standard,,,,,
SHD,Spare the Target,,Hyperspace Foil,,,,,
SHD,Spare the Target,,Standard,,,,,
SHD,Spare the Target,,Hyperspace,,,,,
SHD,Spare the Target,,Standard Foil,,,,,
SHD,Spark of Hope,,Standard,,,,,
SHD,Spark of Hope,,Hyperspace,,,,,
SHD,Spark of Hope,,Hyperspace Foil,,,,,
SHD,Spark of Hope,,Standard Foil,,,,,
SHD,Spice Mines,,Hyperspace,,,,,
SHD,Spice Mines,,Standard,,,,,
SHD,Stolen Landspeeder,,Hyperspace,,,,,
SHD,Stolen Landspeeder,,Standard Foil,,,,,
SHD,Stolen Landspeeder,,Hyperspace Foil,,,,,
SHD,Stolen Landspeeder,,Standard,,,,,
SHD,Street Gang Recruiter,,Standard,,,,,
SHD,Street Gang Recruiter,,Standard Foil,,,,,
SHD,Street Gang Recruiter,,Hyperspace,,,,,
SHD,Street Gang Recruiter,,Hyperspace Foil,,,,,
SHD,Sugi,Hired Guardian,Standard,,,,,
SHD,Sugi,Hired Guardian,Hyperspace,,,,,
SHD,Sugi,Hired Guardian,Standard Foil,,,,,
SHD,Sugi,Hired Guardian,Hyperspace Foil,,,,,
SHD,Sundari Peacekeeper,,Standard,,,,,
SHD,Sundari Peacekeeper,,Hyperspace,,,,,
SHD,Sundari Peacekeeper,,Standard Foil,,,,,
SHD,Sundari Peacekeeper,,Hyperspace Foil,,,,,
SHD,Supercommando Squad,,Hyperspace Foil,,,,,
SHD,Supercommando Squad,,Hyperspace,,,,,
SHD,Supercommando Squad,,Standard Foil,,,,,
SHD,Supercommando Squad,,Standard,,,,,
SHD,Superlaser Technician,,Standard,,,,,
SHD,Supreme Leader Snoke,Shadow Ruler,Hyperspace,,,,,
SHD,Supreme Leader Snoke,Shadow Ruler,Hyperspace Foil,,,,,
SHD,Supreme Leader Snoke,Shadow Ruler,Standard Foil,,,,,
SHD,Supreme Leader Snoke,Shadow Ruler,Standard,,,,,
SHD,Surprise Strike,,Hyperspace Foil,,,,,
SHD,Surprise Strike,,Hyperspace,,,,,
SHD,Surprise Strike,,Standard,,,,,
SHD,Surprise Strike,,Standard Foil,,,,,
SHD,Survivors' Gauntlet,,Standard,,,,,
SHD,Survivors' Gauntlet,,Hyperspace Foil,,,,,
SHD,Survivors' Gauntlet,,Standard Foil,,,,,
SHD,Survivors' Gauntlet,,Hyperspace,,,,,
SHD,Swoop Down,,Hyperspace,,,,,
SHD,Swoop Down,,Standard,,,,,
SHD,Swoop Down,,Standard Foil,,,,,
SHD,Swoop Down,,Hyperspace Foil,,,,,
SHD,Synara San,Loyal to Kragan,Hyperspace Foil,,,,,
SHD,Synara San,Loyal to Kragan,Hyperspace,,,,,
SHD,Synara San,Loyal to Kragan,Standard Foil,,,,,
SHD,Synara San,Loyal to Kragan,Standard,,,,,
SHD,System Patrol Craft,,Standard,,,,,
SHD,Take Captive,,Standard Foil,,,,,
SHD,Take Captive,,Standard,,,,,
SHD,Take Captive,,Hyperspace Foil,,,,,
SHD,Take Captive,,Hyperspace,,,,,
SHD,Tarfful,Kashyyyk Chieftain,Hyperspace,,,,,
SHD,Tarfful,Kashyyyk Chieftain,Standard,,,,,
SHD,Tarfful,Kashyyyk Chieftain,Hyperspace Foil,,,,,
SHD,Tarfful,Kashyyyk Chieftain,Standard Foil,,,,,
SHD,Tech,Source of Insight,Standard,,,,,
SHD,Tech,Source of Insight,Hyperspace,,,,,
SHD,Tech,Source of Insight,Standard Foil,,,,,
SHD,Tech,Source of Insight,Hyperspace Foil,,,,,
SHD,The Armorer,Survival Is Strength,Standard Foil,,,,,
SHD,The Armorer,Survival Is Strength,Hyperspace Foil,,,,,
SHD,The Armorer,Survival Is Strength,Standard,,,,,
SHD,The Armorer,Survival Is Strength,Hyperspace,,,,,
SHD,The Chaos of War,,Hyperspace,,,,,
SHD,The Chaos of War,,Standard,,,,,
SHD,The Chaos of War,,Hyperspace Foil,,,,,
SHD,The Chaos of War,,Standard Foil,,,,,
SHD,The Client,Dictated by Discretion,Standard Foil,,,,,
SHD,The Client,Dictated by Discretion,Standard,,,,,
SHD,The Client,Dictated by Discretion,Hyperspace Foil,,,,,
SHD,The Client,Dictated by Discretion,Hyperspace,,,,,
SHD,The Darksaber,,Standard,,,,,
SHD,The Darksaber,,Hyperspace,,,,,
SHD,The Darksaber,,Hyperspace Foil,,,,,
SHD,The Darksaber,,Standard Foil,,,,,
SHD,The Mandalorian,Sworn To The Creed,Showcase,,,,,
SHD,The Mandalorian,"Wherever I Go, He Goes",Hyperspace,,,,,
SHD,The Mandalorian,"Wherever I Go, He Goes",Hyperspace Foil,,,,,
SHD,The Mandalorian,Sworn To The Creed,Standard,,,,,
SHD,The Mandalorian,"Wherever I Go, He Goes",Standard Foil,,,,,
SHD,The Mandalorian,"Wherever I Go, He Goes",Standard,,,,,
SHD,The Mandalorian,Sworn To The Creed,Hyperspace,,,,,
SHD,The Mandalorian's Rifle,,Hyperspace,,,,,
SHD,The Mandalorian's Rifle,,Standard,,,,,
SHD,The Marauder,Shuttling the Bad Batch,Hyperspace,,,,,
SHD,The Marauder,Shuttling the Bad Batch,Hyperspace Foil,,,,,
SHD,The Marauder,Shuttling the Bad Batch,Standard Foil,,,,,
SHD,The Marauder,Shuttling the Bad Batch,Standard,,,,,
SHD,This Is The Way,,Standard Foil,,,,,
SHD,This Is The Way,,Hyperspace,,,,,
SHD,This Is The Way,,Standard,,,,,
SHD,This Is The Way,,Hyperspace Foil,,,,,
SHD,Timely Intervention,,Standard,,,,,
SHD,Timely Intervention,,Hyperspace Foil,,,,,
SHD,Timely Intervention,,Standard Foil,,,,,
SHD,Timely Intervention,,Hyperspace,,,,,
SHD,Tobias Beckett,I Trust No One,Standard Foil,,,,,
SHD,Tobias Beckett,I Trust No One,Standard,,,,,
SHD,Tobias Beckett,I Trust No One,Hyperspace,,,,,
SHD,Tobias Beckett,I Trust No One,Hyperspace Foil,,,,,
SHD,Top Target,,Standard,,,,,
SHD,Top Target,,Hyperspace Foil,,,,,
SHD,Top Target,,Standard Foil,,,,,
SHD,Top Target,,Hyperspace,,,,,
SHD,Toro Calican,Ambitious Upstart,Hyperspace,,,,,
SHD,Toro Calican,Ambitious Upstart,Standard Foil,,,,,
SHD,Toro Calican,Ambitious Upstart,Hyperspace Foil,,,,,
SHD,Toro Calican,Ambitious Upstart,Standard,,,,,
SHD,Trandoshan Hunters,,Standard Foil,,,,,
SHD,Trandoshan Hunters,,Standard,,,,,
SHD,Trandoshan Hunters,,Hyperspace Foil,,,,,
SHD,Trandoshan Hunters,,Hyperspace,,,,,
SHD,Triple Dark Raid,,Standard,,,,,
SHD,Triple Dark Raid,,Hyperspace Foil,,,,,
SHD,Triple Dark Raid,,Standard Foil,,,,,
SHD,Triple Dark Raid,,Hyperspace,,,,,
SHD,Twin Pod Cloud Car,,Standard Foil,,,,,
SHD,Twin Pod Cloud Car,,Standard,,,,,
SHD,Twin Pod Cloud Car,,Hyperspace Foil,,,,,
SHD,Twin Pod Cloud Car,,Hyperspace,,,,,
SHD,Underworld Thug,,Standard,,,,,
SHD,Underworld Thug,,Standard Foil,,,,,
SHD,Underworld Thug,,Hyperspace,,,,,
SHD,Underworld Thug,,Hyperspace Foil,,,,,
SHD,Unexpected Escape,,Hyperspace,,,,,
SHD,Unexpected Escape,,Hyperspace Foil,,,,,
SHD,Unexpected Escape,,Standard,,,,,
SHD,Unexpected Escape,,Standard Foil,,,,,
SHD,Unlicensed Headhunter,,Standard,,,,,
SHD,Unlicensed Headhunter,,Hyperspace,,,,,
SHD,Unlicensed Headhunter,,Standard Foil,,,,,
SHD,Unlicensed Headhunter,,Hyperspace Foil,,,,,
SHD,Unrefusable Offer,,Hyperspace Foil,,,,,
SHD,Unrefusable Offer,,Standard Foil,,,,,
SHD,Unrefusable Offer,,Hyperspace,,,,,
SHD,Unrefusable Offer,,Standard,,,,,
SHD,Val,Loyal to the End,Hyperspace,,,,,
SHD,Val,Loyal to the End,Standard,,,,,
SHD,Val,Loyal to the End,Standard Foil,,,,,
SHD,Val,Loyal to the End,Hyperspace Foil,,,,,
SHD,Valiant Assault Ship,,Standard,,,,,
SHD,Valiant Assault Ship,,Hyperspace Foil,,,,,
SHD,Valiant Assault Ship,,Standard Foil,,,,,
SHD,Valiant Assault Ship,,Hyperspace,,,,,
SHD,Vambrace Flamethrower,,Hyperspace,,,,,
SHD,Vambrace Flamethrower,,Standard,,,,,
SHD,Vambrace Flamethrower,,Hyperspace Foil,,,,,
SHD,Vambrace Flamethrower,,Standard Foil,,,,,
SHD,Vambrace Grappleshot,,Standard Foil,,,,,
SHD,Vambrace Grappleshot,,Hyperspace Foil,,,,,
SHD,Vambrace Grappleshot,,Hyperspace,,,,,
SHD,Vambrace Grappleshot,,Standard,,,,,
SHD,Vigilant Pursuit Craft,,Hyperspace Foil,,,,,
SHD,Vigilant Pursuit Craft,,Standard,,,,,
SHD,Vigilant Pursuit Craft,,Standard Foil,,,,,
SHD,Vigilant Pursuit Craft,,Hyperspace,,,,,
SHD,Village Protectors,,Standard,,,,,
SHD,Village Protectors,,Standard Foil,,,,,
SHD,Village Protectors,,Hyperspace,,,,,
SHD,Village Protectors,,Hyperspace Foil,,,,,
SHD,Wanted,,Standard Foil,,,,,
SHD,Wanted,,Hyperspace Foil,,,,,
SHD,Wanted,,Hyperspace,,,,,
SHD,Wanted,,Standard,,,,,
SHD,Wanted Insurgents,,Standard,,,,,
SHD,Wanted Insurgents,,Hyperspace Foil,,,,,
SHD,Wanted Insurgents,,Standard Foil,,,,,
SHD,Wanted Insurgents,,Hyperspace,,,,,
SHD,Warbird Stowaway,,Hyperspace,,,,,
SHD,Warbird Stowaway,,Standard,,,,,
SHD,Warbird Stowaway,,Standard Foil,,,,,
SHD,Warbird Stowaway,,Hyperspace Foil,,,,,
SHD,Warzone Lieutenant,,Standard,,,,,
SHD,Warzone Lieutenant,,Hyperspace,,,,,
SHD,Warzone Lieutenant,,Hyperspace Foil,,,,,
SHD,Warzone Lieutenant,,Standard Foil,,,,,
SHD,Weequay Pirate Gang,,Hyperspace,,,,,
SHD,Weequay Pirate Gang,,Standard Foil,,,,,
SHD,Weequay Pirate Gang,,Standard,,,,,
SHD,Weequay Pirate Gang,,Hyperspace Foil,,,,,
SHD,Wild Rancor,,Hyperspace Foil,,,,,
SHD,Wild Rancor,,Standard,,,,,
SHD,Wild Rancor,,Standard Foil,,,,,
SHD,Wild Rancor,,Hyperspace,,,,,
SHD,Wookiee Warrior,,Standard,,,,,
SHD,Wookiee Warrior,,Hyperspace,,,,,
SHD,Wookiee Warrior,,Standard Foil,,,,,
SHD,Wookiee Warrior,,Hyperspace Foil,,,,,
SHD,Wrecker,Boom!,Standard Foil,,,,,
SHD,Wrecker,Boom!,Hyperspace,,,,,
SHD,Wrecker,Boom!,Hyperspace Foil,,,,,
SHD,Wrecker,Boom!,Standard,,,,,
SHD,Wroshyr Tree Tender,,Standard,,,,,
SHD,Wroshyr Tree Tender,,Hyperspace,,,,,
SHD,Wroshyr Tree Tender,,Standard Foil,,,,,
SHD,Wroshyr Tree Tender,,Hyperspace Foil,,,,,
SHD,Xanadu Blood,Cad Bane's Reward,Hyperspace Foil,,,,,
SHD,Xanadu Blood,Cad Bane's Reward,Hyperspace,,,,,
SHD,Xanadu Blood,Cad Bane's Reward,Standard Foil,,,,,
SHD,Xanadu Blood,Cad Bane's Reward,Standard,,,,,
SHD,Zorii Bliss,Valiant Smuggler,Hyperspace,,,,,
SHD,Zorii Bliss,Valiant Smuggler,Hyperspace Foil,,,,,
SHD,Zorii Bliss,Valiant Smuggler,Standard,,,,,
SHD,Zorii Bliss,Valiant Smuggler,Standard Foil,,,,,
SHD,Zuckuss,Bounty Hunter for Hire,Hyperspace,,,,,
SHD,Zuckuss,Bounty Hunter for Hire,Standard,,,,,
SHD,Zuckuss,Bounty Hunter for Hire,Hyperspace Foil,,,,,
SHD,Zuckuss,Bounty Hunter for Hire,Standard Foil,,,,,
SHDPQ,Doctor Evazan,Wanted on Twelve Systems,PQ Champion,,,,,
SHDPQ,Doctor Evazan,Wanted on Twelve Systems,PQ Finalist,,,,,
SHDPQ,Doctor Evazan,Wanted on Twelve Systems,PQ Top 4,,,,,
SHDPQ,Doctor Evazan,Wanted on Twelve Systems,PQ Top 8,,,,,
SHDPQ,Doctor Evazan,Wanted on Twelve Systems,PQ Top 16,,,,,
SHDPQ,Legal Authority,,PQ Judge,,,,,
SHDPQ,Legal Authority,,PQ Participation,,,,,
SHDPR,Moff Gideon,Formidable Commander,Prerelease Judge,,,,,
SHDPR,The Mandalorian,Sworn To The Creed,Prerelease Judge,,,,,
SHDSS,Lady Proxima,White Worm Matriarch,SS Participation,,,,,
SHDSS,Lady Proxima,White Worm Matriarch,SS Judge,,,,,
SHDSS,Unrefusable Offer,,SS Champion,,,,,
SHDSS,Unrefusable Offer,,SS Top 4,,,,,
SHDSS,Unrefusable Offer,,SS Finalist,,,,,
SHDSS,Unrefusable Offer,,SS Top 8,,,,,
SHDW,Cloud-Rider,,Weekly Play,,,,,
SHDW,Cloud-Rider,,Weekly Play Foil,,,,,
SHDW,Enfys Nest,Marauder,Weekly Play,,,,,
SHDW,Enfys Nest,Marauder,Weekly Play Foil,,,,,
SHDW,IG-11,I Cannot Be Captured,Weekly Play Foil,,,,,
SHDW,IG-11,I Cannot Be Captured,Weekly Play,,,,,
SHDW,Jango Fett,Renowned Bounty Hunter,Weekly Play Foil,,,,,
SHDW,Jango Fett,Renowned Bounty Hunter,Weekly Play,,,,,
SHDW,Kuiil,I Have Spoken,Weekly Play,,,,,
SHDW,Kuiil,I Have Spoken,Weekly Play Foil,,,,,
SHDW,Millennium Falcon,Lando's Pride,Weekly Play,,,,,
SHDW,Millennium Falcon,Lando's Pride,Weekly Play Foil,,,,,
SHDW,Nite Owl Skirmisher,,Weekly Play,,,,,
SHDW,Pyke Sentinel,,Weekly Play,,,,,
SHDW,Relentless Pursuit,,Weekly Play,,,,,
SHDW,Relentless Pursuit,,Weekly Play Foil,,,,,
SHDW,Remnant Reserves,,Weekly Play,,,,,
SHDW,Remnant Reserves,,Weekly Play Foil,,,,,
SHDW,Take Captive,,Weekly Play,,,,,
SHDW,Weequay Pirate Gang,,Weekly Play,,,,,
SOR,2-1B Surgical Droid,,Standard Foil,059,Vigilance,Ground,Unit,C
SOR,2-1B Surgical Droid,,Hyperspace,324,Vigilance,Ground,Unit,C
SOR,2-1B Surgical Droid,,Standard,059,Vigilance,Ground,Unit,C
SOR,2-1B Surgical Droid,,Hyperspace Foil,324,Vigilance,Ground,Unit,C
SOR,97th Legion,Keeping the Peace on Sullust,Hyperspace,,,,,
SOR,97th Legion,Keeping the Peace on Sullust,Standard Foil,,,,,
SOR,97th Legion,Keeping the Peace on Sullust,Standard,,,,,
SOR,97th Legion,Keeping the Peace on Sullust,Hyperspace Foil,,,,,
SOR,Academy Defense Walker,,Hyperspace Foil,,,,,
SOR,Academy Defense Walker,,Hyperspace,,,,,
SOR,Academy Defense Walker,,Standard,,,,,
SOR,Academy Defense Walker,,Standard Foil,,,,,
SOR,Academy Training,,Hyperspace Foil,,,,,
SOR,Academy Training,,Standard Foil,,,,,
SOR,Academy Training,,Standard,,,,,
SOR,Academy Training,,Hyperspace,,,,,
SOR,Administrator's Tower,,Standard,,,,,
SOR,Administrator's Tower,,Hyperspace,,,,,
SOR,Admiral Ackbar,Brilliant Strategist,Standard,,,,,
SOR,Admiral Ackbar,Brilliant Strategist,Hyperspace,,,,,
SOR,Admiral Ackbar,Brilliant Strategist,Hyperspace Foil,,,,,
SOR,Admiral Ackbar,Brilliant Strategist,Standard Foil,,,,,
SOR,Admiral Motti,Brazen and Scornful,Hyperspace,,,,,
SOR,Admiral Motti,Brazen and Scornful,Standard,,,,,
SOR,Admiral Ozzel,Overconfident,Hyperspace Foil,,,,,
SOR,Admiral Ozzel,Overconfident,Hyperspace,,,,,
SOR,Admiral Ozzel,Overconfident,Standard,,,,,
SOR,Admiral Ozzel,Overconfident,Standard Foil,,,,,
SOR,Admiral Piett,Captain of the Executor,Hyperspace Foil,,,,,
SOR,Admiral Piett,Captain of the Executor,Standard Foil,,,,,
SOR,Admiral Piett,Captain of the Executor,Hyperspace,,,,,
SOR,Admiral Piett,Captain of the Executor,Standard,,,,,
SOR,Agent Kallus,Seeking the Rebels,Standard,,,,,
SOR,Agent Kallus,Seeking the Rebels,Hyperspace Foil,,,,,
SOR,Agent Kallus,Seeking the Rebels,Standard Foil,,,,,
SOR,Agent Kallus,Seeking the Rebels,Hyperspace,,,,,
SOR,Aggression,,Standard Foil,,,,,
SOR,Aggression,,Hyperspace,,,,,
SOR,Aggression,,Hyperspace Foil,,,,,
SOR,Aggression,,Standard,,,,,
SOR,Alliance Dispatcher,,Hyperspace Foil,,,,,
SOR,Alliance Dispatcher,,Standard,,,,,
SOR,Alliance Dispatcher,,Hyperspace,,,,,
SOR,Alliance Dispatcher,,Standard Foil,,,,,
SOR,Alliance X-Wing,,Hyperspace,,,,,
SOR,Alliance X-Wing,,Standard,,,,,
SOR,Alliance X-Wing,,Standard Foil,,,,,
SOR,Alliance X-Wing,,Hyperspace Foil,,,,,
SOR,Ardent Sympathizer,,Hyperspace Foil,,,,,
SOR,Ardent Sympathizer,,Standard Foil,,,,,
SOR,Ardent Sympathizer,,Standard,,,,,
SOR,Ardent Sympathizer,,Hyperspace,,,,,
SOR,Asteroid Sanctuary,,Standard,,,,,
SOR,Asteroid Sanctuary,,Hyperspace Foil,,,,,
SOR,Asteroid Sanctuary,,Standard Foil,,,,,
SOR,Asteroid Sanctuary,,Hyperspace,,,,,
SOR,AT-AT Suppressor,,Hyperspace Foil,,,,,
SOR,AT-AT Suppressor,,Standard,,,,,
SOR,AT-AT Suppressor,,Hyperspace,,,,,
SOR,AT-AT Suppressor,,Standard Foil,,,,,
SOR,AT-ST,,Standard Foil,,,,,
SOR,AT-ST,,Standard,,,,,
SOR,AT-ST,,Hyperspace Foil,,,,,
SOR,AT-ST,,Hyperspace,,,,,
SOR,Attack Pattern Delta,,Standard,,,,,
SOR,Attack Pattern Delta,,Hyperspace Foil,,,,,
SOR,Attack Pattern Delta,,Standard Foil,,,,,
SOR,Attack Pattern Delta,,Hyperspace,,,,,
SOR,Auzituck Liberator Gunship,,Hyperspace Foil,,,,,
SOR,Auzituck Liberator Gunship,,Standard Foil,,,,,
SOR,Auzituck Liberator Gunship,,Standard,,,,,
SOR,Auzituck Liberator Gunship,,Hyperspace,,,,,
SOR,Avenger,Hunting Star Destroyer,Standard Foil,,,,,
SOR,Avenger,Hunting Star Destroyer,Hyperspace,,,,,
SOR,Avenger,Hunting Star Destroyer,Standard,,,,,
SOR,Avenger,Hunting Star Destroyer,Hyperspace Foil,,,,,
SOR,Bail Organa,Rebel Councilor,Hyperspace Foil,,,,,
SOR,Bail Organa,Rebel Councilor,Standard Foil,,,,,
SOR,Bail Organa,Rebel Councilor,Hyperspace,,,,,
SOR,Bail Organa,Rebel Councilor,Standard,,,,,
SOR,Bamboozle,,Standard Foil,,,,,
SOR,Bamboozle,,Standard,,,,,
SOR,Bamboozle,,Hyperspace,,,,,
SOR,Bamboozle,,Hyperspace Foil,,,,,
SOR,Battlefield Marine,,Hyperspace Foil,,,,,
SOR,Battlefield Marine,,Standard Foil,,,,,
SOR,Battlefield Marine,,Standard,,,,,
SOR,Battlefield Marine,,Hyperspace,,,,,
SOR,Baze Malbus,Temple Guardian,Hyperspace Foil,,,,,
SOR,Baze Malbus,Temple Guardian,Standard,,,,,
SOR,Baze Malbus,Temple Guardian,Hyperspace,,,,,
SOR,Baze Malbus,Temple Guardian,Standard Foil,,,,,
SOR,Bendu,The One in the Middle,Hyperspace,,,,,
SOR,Bendu,The One in the Middle,Standard,,,,,
SOR,Bendu,The One in the Middle,Standard Foil,,,,,
SOR,Bendu,The One in the Middle,Hyperspace Foil,,,,,
SOR,"Benthic ""Two Tubes""",Partisan Lieutenant,Standard,,,,,
SOR,"Benthic ""Two Tubes""",Partisan Lieutenant,Standard Foil,,,,,
SOR,"Benthic ""Two Tubes""",Partisan Lieutenant,Hyperspace Foil,,,,,
SOR,"Benthic ""Two Tubes""",Partisan Lieutenant,Hyperspace,,,,,
SOR,Bib Fortuna,Jabba's Majordomo,Standard Foil,,,,,
SOR,Bib Fortuna,Jabba's Majordomo,Hyperspace Foil,,,,,
SOR,Bib Fortuna,Jabba's Majordomo,Standard,,,,,
SOR,Bib Fortuna,Jabba's Majordomo,Hyperspace,,,,,
SOR,Black One,Scourge of Starkiller Base,Standard Foil,,,,,
SOR,Black One,Scourge of Starkiller Base,Hyperspace,,,,,
SOR,Black One,Scourge of Starkiller Base,Standard,,,,,
SOR,Black One,Scourge of Starkiller Base,Hyperspace Foil,,,,,
SOR,Blizzard Assault AT-AT,,Standard,,,,,
SOR,Blizzard Assault AT-AT,,Hyperspace Foil,,,,,
SOR,Blizzard Assault AT-AT,,Hyperspace,,,,,
SOR,Blizzard Assault AT-AT,,Standard Foil,,,,,
SOR,Boba Fett,Collecting the Bounty,Hyperspace,,,,,
SOR,Boba Fett,Collecting the Bounty,Standard,,,,,
SOR,Boba Fett,Collecting the Bounty,Showcase,,,,,
SOR,Boba Fett,Disintegrator,Hyperspace,,,,,
SOR,Boba Fett,Disintegrator,Standard,,,,,
SOR,Boba Fett,Disintegrator,Hyperspace Foil,,,,,
SOR,Boba Fett,Disintegrator,Standard Foil,,,,,
SOR,Bodhi Rook,Imperial Defector,Hyperspace,,,,,
SOR,Bodhi Rook,Imperial Defector,Hyperspace Foil,,,,,
SOR,Bodhi Rook,Imperial Defector,Standard Foil,,,,,
SOR,Bodhi Rook,Imperial Defector,Standard,,,,,
SOR,Bombing Run,,Hyperspace Foil,,,,,
SOR,Bombing Run,,Standard Foil,,,,,
SOR,Bombing Run,,Standard,,,,,
SOR,Bombing Run,,Hyperspace,,,,,
SOR,Bossk,Deadly Stalker,Standard,,,,,
SOR,Bossk,Deadly Stalker,Standard Foil,,,,,
SOR,Bossk,Deadly Stalker,Hyperspace,,,,,
SOR,Bossk,Deadly Stalker,Hyperspace Foil,,,,,
SOR,Bounty Hunter Crew,,Hyperspace Foil,,,,,
SOR,Bounty Hunter Crew,,Standard Foil,,,,,
SOR,Bounty Hunter Crew,,Hyperspace,,,,,
SOR,Bounty Hunter Crew,,Standard,,,,,
SOR,Bright Hope,The Last Transport,Standard Foil,,,,,
SOR,Bright Hope,The Last Transport,Hyperspace,,,,,
SOR,Bright Hope,The Last Transport,Hyperspace Foil,,,,,
SOR,Bright Hope,The Last Transport,Standard,,,,,
SOR,C-3PO,Protocol Droid,Hyperspace,,,,,
SOR,C-3PO,Protocol Droid,Standard,,,,,
SOR,Cantina Bouncer,,Hyperspace Foil,,,,,
SOR,Cantina Bouncer,,Standard,,,,,
SOR,Cantina Bouncer,,Hyperspace,,,,,
SOR,Cantina Bouncer,,Standard Foil,,,,,
SOR,Cantina Braggart,,Standard Foil,,,,,
SOR,Cantina Braggart,,Hyperspace Foil,,,,,
SOR,Cantina Braggart,,Hyperspace,,,,,
SOR,Cantina Braggart,,Standard,,,,,
SOR,Capital City,,Hyperspace,,,,,
SOR,Capital City,,Standard,,,,,
SOR,Cargo Juggernaut,,Hyperspace Foil,,,,,
SOR,Cargo Juggernaut,,Standard Foil,,,,,
SOR,Cargo Juggernaut,,Hyperspace,,,,,
SOR,Cargo Juggernaut,,Standard,,,,,
SOR,Cartel Spacer,,Hyperspace,,,,,
SOR,Cartel Spacer,,Standard,,,,,
SOR,Cartel Spacer,,Hyperspace Foil,,,,,
SOR,Cartel Spacer,,Standard Foil,,,,,
SOR,Cassian Andor,Dedicated to the Rebellion,Hyperspace,,,,,
SOR,Cassian Andor,Dedicated to the Rebellion,Showcase,,,,,
SOR,Cassian Andor,Dedicated to the Rebellion,Standard,,,,,
SOR,Catacombs of Cadera,,Hyperspace,,,,,
SOR,Catacombs of Cadera,,Standard,,,,,
SOR,Cell Block Guard,,Standard,,,,,
SOR,Cell Block Guard,,Hyperspace,,,,,
SOR,Cell Block Guard,,Standard Foil,,,,,
SOR,Cell Block Guard,,Hyperspace Foil,,,,,
SOR,Change of Heart,,Hyperspace Foil,,,,,
SOR,Change of Heart,,Standard,,,,,
SOR,Change of Heart,,Standard Foil,,,,,
SOR,Change of Heart,,Hyperspace,,,,,
SOR,Chewbacca,Walking Carpet,Standard,,,,,
SOR,Chewbacca,Walking Carpet,Hyperspace,,,,,
SOR,Chewbacca,Loyal Companion,Standard,,,,,
SOR,Chewbacca,Walking Carpet,Showcase,,,,,
SOR,Chewbacca,Loyal Companion,Hyperspace Foil,,,,,
SOR,Chewbacca,Loyal Companion,Hyperspace,,,,,
SOR,Chewbacca,Loyal Companion,Standard Foil,,,,,
SOR,Chimaera,Flagship of the Seventh Fleet,Standard,,,,,
SOR,Chimaera,Flagship of the Seventh Fleet,Hyperspace Foil,,,,,
SOR,Chimaera,Flagship of the Seventh Fleet,Hyperspace,,,,,
SOR,Chimaera,Flagship of the Seventh Fleet,Standard Foil,,,,,
SOR,Chirrut Îmwe,One With The Force,Standard,,,,,
SOR,Chirrut Îmwe,One With The Force,Showcase,,,,,
SOR,Chirrut Îmwe,One With The Force,Hyperspace,,,,,
SOR,Chopper,Metal Menace,Hyperspace Foil,,,,,
SOR,Chopper,Metal Menace,Hyperspace,,,,,
SOR,Chopper,Metal Menace,Standard,,,,,
SOR,Chopper,Metal Menace,Standard Foil,,,,,
SOR,Chopper Base,,Hyperspace,,,,,
SOR,Chopper Base,,Standard,,,,,
SOR,Cloud City Wing Guard,,Standard,,,,,
SOR,Cloud City Wing Guard,,Hyperspace Foil,,,,,
SOR,Cloud City Wing Guard,,Standard Foil,,,,,
SOR,Cloud City Wing Guard,,Hyperspace,,,,,
SOR,Colonel Yularen,ISB Director,Standard,,,,,
SOR,Colonel Yularen,ISB Director,Hyperspace,,,,,
SOR,Colonel Yularen,ISB Director,Standard Foil,,,,,
SOR,Colonel Yularen,ISB Director,Hyperspace Foil,,,,,
SOR,Command,,Hyperspace,,,,,
SOR,Command,,Standard,,,,,
SOR,Command,,Standard Foil,,,,,
SOR,Command,,Hyperspace Foil,,,,,
SOR,Command Center,,Standard,,,,,
SOR,Command Center,,Hyperspace,,,,,
SOR,Confiscate,,Standard Foil,,,,,
SOR,Confiscate,,Hyperspace,,,,,
SOR,Confiscate,,Standard,,,,,
SOR,Confiscate,,Hyperspace Foil,,,,,
SOR,Consortium StarViper,,Hyperspace,,,,,
SOR,Consortium StarViper,,Hyperspace Foil,,,,,
SOR,Consortium StarViper,,Standard,,,,,
SOR,Consortium StarViper,,Standard Foil,,,,,
SOR,Consular Security Force,,Standard,,,,,
SOR,Consular Security Force,,Standard Foil,,,,,
SOR,Consular Security Force,,Hyperspace Foil,,,,,
SOR,Consular Security Force,,Hyperspace,,,,,
SOR,Corellian Freighter,,Standard,,,,,
SOR,Corellian Freighter,,Hyperspace,,,,,
SOR,Corellian Freighter,,Hyperspace Foil,,,,,
SOR,Corellian Freighter,,Standard Foil,,,,,
SOR,Count Dooku,Darth Tyranus,Hyperspace Foil,,,,,
SOR,Count Dooku,Darth Tyranus,Standard,,,,,
SOR,Count Dooku,Darth Tyranus,Hyperspace,,,,,
SOR,Count Dooku,Darth Tyranus,Standard Foil,,,,,
SOR,Crafty Smuggler,,Standard,,,,,
SOR,Crafty Smuggler,,Hyperspace Foil,,,,,
SOR,Crafty Smuggler,,Standard Foil,,,,,
SOR,Crafty Smuggler,,Hyperspace,,,,,
SOR,Cunning,,Hyperspace Foil,,,,,
SOR,Cunning,,Standard,,,,,
SOR,Cunning,,Standard Foil,,,,,
SOR,Cunning,,Hyperspace,,,,,
SOR,Dagobah Swamp,,Hyperspace,,,,,
SOR,Dagobah Swamp,,Standard,,,,,
SOR,Darth Vader,Commanding the First Legion,Standard Foil,,,,,
SOR,Darth Vader,Dark Lord of the Sith,Standard,87,Aggression|Villainy,Ground,Unit,Legendary
SOR,Darth Vader,Commanding the First Legion,Hyperspace,,,,,
SOR,Darth Vader,Dark Lord of the Sith,Hyperspace,87,Aggression|Villainy,Ground,Unit,Legendary
SOR,Darth Vader,Commanding the First Legion,Hyperspace Foil,,,,,
SOR,Darth Vader,Commanding the First Legion,Standard,,,,,
SOR,Death Star Stormtrooper,,Hyperspace Foil,,,,,
SOR,Death Star Stormtrooper,,Standard Foil,,,,,
SOR,Death Star Stormtrooper,,Hyperspace,,,,,
SOR,Death Star Stormtrooper,,Standard,,,,,
SOR,Death Trooper,,Standard Foil,,,,,
SOR,Death Trooper,,Standard,,,,,
SOR,Death Trooper,,Hyperspace,,,,,
SOR,Death Trooper,,Hyperspace Foil,,,,,
SOR,Del Meeko,Providing Overwatch,Standard,,,,,
SOR,Del Meeko,Providing Overwatch,Hyperspace,,,,,
SOR,Del Meeko,Providing Overwatch,Hyperspace Foil,,,,,
SOR,Del Meeko,Providing Overwatch,Standard Foil,,,,,
SOR,Devastator,Inescapable,Standard,,,,,
SOR,Devastator,Inescapable,Hyperspace Foil,,,,,
SOR,Devastator,Inescapable,Standard Foil,,,,,
SOR,Devastator,Inescapable,Hyperspace,,,,,
SOR,Devotion,,Hyperspace Foil,,,,,
SOR,Devotion,,Hyperspace,,,,,
SOR,Devotion,,Standard Foil,,,,,
SOR,Devotion,,Standard,,,,,
SOR,Director Krennic,Aspiring to Authority,Hyperspace,,,,,
SOR,Director Krennic,Aspiring to Authority,Showcase,,,,,
SOR,Director Krennic,Aspiring to Authority,Standard,,,,,
SOR,Disabling Fang Fighter,,Hyperspace Foil,,,,,
SOR,Disabling Fang Fighter,,Standard,,,,,
SOR,Disabling Fang Fighter,,Standard Foil,,,,,
SOR,Disabling Fang Fighter,,Hyperspace,,,,,
SOR,Disarm,,Standard,,,,,
SOR,Disarm,,Standard Foil,,,,,
SOR,Disarm,,Hyperspace Foil,,,,,
SOR,Disarm,,Hyperspace,,,,,
SOR,Distant Patroller,,Hyperspace Foil,,,,,
SOR,Distant Patroller,,Standard Foil,,,,,
SOR,Distant Patroller,,Hyperspace,,,,,
SOR,Distant Patroller,,Standard,,,,,
SOR,Don't Get Cocky,,Hyperspace Foil,,,,,
SOR,Don't Get Cocky,,Standard Foil,,,,,
SOR,Don't Get Cocky,,Standard,,,,,
SOR,Don't Get Cocky,,Hyperspace,,,,,
SOR,Echo Base,,Standard,,,,,
SOR,Echo Base,,Hyperspace,,,,,
SOR,Echo Base Defender,,Hyperspace,,,,,
SOR,Echo Base Defender,,Standard,,,,,
SOR,Echo Base Defender,,Standard Foil,,,,,
SOR,Echo Base Defender,,Hyperspace Foil,,,,,
SOR,Electrostaff,,Hyperspace Foil,,,,,
SOR,Electrostaff,,Hyperspace,,,,,
SOR,Electrostaff,,Standard Foil,,,,,
SOR,Electrostaff,,Standard,,,,,
SOR,Emperor Palpatine,Galactic Ruler,Showcase,,,,,
SOR,Emperor Palpatine,Master of the Dark Side,Standard,,,,,
SOR,Emperor Palpatine,Galactic Ruler,Standard,,,,,
SOR,Emperor Palpatine,Master of the Dark Side,Hyperspace Foil,,,,,
SOR,Emperor Palpatine,Master of the Dark Side,Hyperspace,,,,,
SOR,Emperor Palpatine,Galactic Ruler,Hyperspace,,,,,
SOR,Emperor Palpatine,Master of the Dark Side,Standard Foil,,,,,
SOR,Emperor's Royal Guard,,Hyperspace,,,,,
SOR,Emperor's Royal Guard,,Standard,,,,,
SOR,Emperor's Royal Guard,,Standard Foil,,,,,
SOR,Emperor's Royal Guard,,Hyperspace Foil,,,,,
SOR,Energy Conversion Lab,,Standard,,,,,
SOR,Energy Conversion Lab,,Hyperspace Foil,,,,,
SOR,Energy Conversion Lab,,Standard Foil,,,,,
SOR,Energy Conversion Lab,,Hyperspace,,,,,
SOR,Entrenched,,Standard Foil,,,,,
SOR,Entrenched,,Hyperspace,,,,,
SOR,Entrenched,,Standard,,,,,
SOR,Entrenched,,Hyperspace Foil,,,,,
SOR,Escort Skiff,,Hyperspace,,,,,
SOR,Escort Skiff,,Hyperspace Foil,,,,,
SOR,Escort Skiff,,Standard,,,,,
SOR,Escort Skiff,,Standard Foil,,,,,
SOR,Ezra Bridger,Resourceful Troublemaker,Hyperspace,,,,,
SOR,Ezra Bridger,Resourceful Troublemaker,Standard,,,,,
SOR,Ezra Bridger,Resourceful Troublemaker,Hyperspace Foil,,,,,
SOR,Ezra Bridger,Resourceful Troublemaker,Standard Foil,,,,,
SOR,Fallen Lightsaber,,Standard,,,,,
SOR,Fallen Lightsaber,,Hyperspace Foil,,,,,
SOR,Fallen Lightsaber,,Standard Foil,,,,,
SOR,Fallen Lightsaber,,Hyperspace,,,,,
SOR,Fett's Firespray,Pursuing the Bounty,Standard Foil,,,,,
SOR,Fett's Firespray,Pursuing the Bounty,Hyperspace Foil,,,,,
SOR,Fett's Firespray,Pursuing the Bounty,Standard,,,,,
SOR,Fett's Firespray,Pursuing the Bounty,Hyperspace,,,,,
SOR,Fifth Brother,Fear Hunter,Hyperspace Foil,,,,,
SOR,Fifth Brother,Fear Hunter,Standard,,,,,
SOR,Fifth Brother,Fear Hunter,Standard Foil,,,,,
SOR,Fifth Brother,Fear Hunter,Hyperspace,,,,,
SOR,Fighters for Freedom,,Standard Foil,,,,,
SOR,Fighters for Freedom,,Hyperspace,,,,,
SOR,Fighters for Freedom,,Hyperspace Foil,,,,,
SOR,Fighters for Freedom,,Standard,,,,,
SOR,First Legion Snowtrooper,,Standard,,,,,
SOR,First Legion Snowtrooper,,Standard Foil,,,,,
SOR,First Legion Snowtrooper,,Hyperspace,,,,,
SOR,First Legion Snowtrooper,,Hyperspace Foil,,,,,
SOR,Fleet Lieutenant,,Hyperspace Foil,,,,,
SOR,Fleet Lieutenant,,Standard,,,,,
SOR,Fleet Lieutenant,,Standard Foil,,,,,
SOR,Fleet Lieutenant,,Hyperspace,,,,,
SOR,For a Cause I Believe In,,Standard,,,,,
SOR,For a Cause I Believe In,,Hyperspace Foil,,,,,
SOR,For a Cause I Believe In,,Hyperspace,,,,,
SOR,For a Cause I Believe In,,Standard Foil,,,,,
SOR,Force Choke,,Hyperspace,,,,,
SOR,Force Choke,,Hyperspace Foil,,,,,
SOR,Force Choke,,Standard Foil,,,,,
SOR,Force Choke,,Standard,,,,,
SOR,Force Lightning,,Hyperspace,,,,,
SOR,Force Lightning,,Hyperspace Foil,,,,,
SOR,Force Lightning,,Standard,,,,,
SOR,Force Lightning,,Standard Foil,,,,,
SOR,Force Throw,,Standard,,,,,
SOR,Force Throw,,Standard Foil,,,,,
SOR,Force Throw,,Hyperspace Foil,,,,,
SOR,Force Throw,,Hyperspace,,,,,
SOR,Forced Surrender,,Hyperspace Foil,,,,,
SOR,Forced Surrender,,Hyperspace,,,,,
SOR,Forced Surrender,,Standard Foil,,,,,
SOR,Forced Surrender,,Standard,,,,,
SOR,Frontier AT-RT,,Standard,,,,,
SOR,Frontier AT-RT,,Hyperspace,,,,,
SOR,Frontier AT-RT,,Hyperspace Foil,,,,,
SOR,Frontier AT-RT,,Standard Foil,,,,,
SOR,Frontline Shuttle,,Hyperspace,,,,,
SOR,Frontline Shuttle,,Standard Foil,,,,,
SOR,Frontline Shuttle,,Hyperspace Foil,,,,,
SOR,Frontline Shuttle,,Standard,,,,,
SOR,Galactic Ambition,,Standard Foil,,,,,
SOR,Galactic Ambition,,Standard,,,,,
SOR,Galactic Ambition,,Hyperspace,,,,,
SOR,Galactic Ambition,,Hyperspace Foil,,,,,
SOR,Gamorrean Guards,,Standard,,,,,
SOR,Gamorrean Guards,,Standard Foil,,,,,
SOR,Gamorrean Guards,,Hyperspace Foil,,,,,
SOR,Gamorrean Guards,,Hyperspace,,,,,
SOR,General Dodonna,Massassi Group Commander,Standard,,,,,
SOR,General Dodonna,Massassi Group Commander,Standard Foil,,,,,
SOR,General Dodonna,Massassi Group Commander,Hyperspace,,,,,
SOR,General Dodonna,Massassi Group Commander,Hyperspace Foil,,,,,
SOR,General Krell,Heartless Tactician,Hyperspace,,,,,
SOR,General Krell,Heartless Tactician,Hyperspace Foil,,,,,
SOR,General Krell,Heartless Tactician,Standard Foil,,,,,
SOR,General Krell,Heartless Tactician,Standard,,,,,
SOR,General Tagge,Concerned Commander,Standard,,,,,
SOR,General Tagge,Concerned Commander,Hyperspace Foil,,,,,
SOR,General Tagge,Concerned Commander,Hyperspace,,,,,
SOR,General Tagge,Concerned Commander,Standard Foil,,,,,
SOR,General Veers,Blizzard Force Commander,Hyperspace Foil,,,,,
SOR,General Veers,Blizzard Force Commander,Standard Foil,,,,,
SOR,General Veers,Blizzard Force Commander,Hyperspace,,,,,
SOR,General Veers,Blizzard Force Commander,Standard,,,,,
SOR,Gideon Hask,Ruthless Loyalist,Hyperspace Foil,,,,,
SOR,Gideon Hask,Ruthless Loyalist,Standard,,,,,
SOR,Gideon Hask,Ruthless Loyalist,Standard Foil,,,,,
SOR,Gideon Hask,Ruthless Loyalist,Hyperspace,,,,,
SOR,Gladiator Star Destroyer,,Standard Foil,,,,,
SOR,Gladiator Star Destroyer,,Hyperspace,,,,,
SOR,Gladiator Star Destroyer,,Hyperspace Foil,,,,,
SOR,Gladiator Star Destroyer,,Standard,,,,,
SOR,Grand Admiral Thrawn,Patient and Insightful,Hyperspace,,,,,
SOR,Grand Admiral Thrawn,Patient and Insightful,Standard,,,,,
SOR,Grand Admiral Thrawn,Patient and Insightful,Showcase,,,,,
SOR,Grand Inquisitor,Hunting the Jedi,Hyperspace,,,,,
SOR,Grand Inquisitor,Hunting the Jedi,Showcase,,,,,
SOR,Grand Inquisitor,Hunting the Jedi,Standard,,,,,
SOR,Grand Moff Tarkin,Oversector Governor,Hyperspace,,,,,
SOR,Grand Moff Tarkin,Death Star Overseer,Standard,,,,,
SOR,Grand Moff Tarkin,Oversector Governor,Standard,,,,,
SOR,Grand Moff Tarkin,Oversector Governor,Showcase,,,,,
SOR,Grand Moff Tarkin,Death Star Overseer,Hyperspace,,,,,
SOR,Greedo,Slow on the Draw,Hyperspace,,,,,
SOR,Greedo,Slow on the Draw,Hyperspace Foil,,,,,
SOR,Greedo,Slow on the Draw,Standard Foil,,,,,
SOR,Greedo,Slow on the Draw,Standard,,,,,
SOR,Green Squadron A-Wing,,Standard Foil,,,,,
SOR,Green Squadron A-Wing,,Standard,,,,,
SOR,Green Squadron A-Wing,,Hyperspace Foil,,,,,
SOR,Green Squadron A-Wing,,Hyperspace,,,,,
SOR,Guardian of the Whills,,Standard Foil,,,,,
SOR,Guardian of the Whills,,Hyperspace,,,,,
SOR,Guardian of the Whills,,Hyperspace Foil,,,,,
SOR,Guardian of the Whills,,Standard,,,,,
SOR,Guerilla Attack Pod,,Hyperspace Foil,,,,,
SOR,Guerilla Attack Pod,,Standard Foil,,,,,
SOR,Guerilla Attack Pod,,Hyperspace,,,,,
SOR,Guerilla Attack Pod,,Standard,,,,,
SOR,Han Solo,Audacious Smuggler,Hyperspace,,,,,
SOR,Han Solo,Audacious Smuggler,Showcase,,,,,
SOR,Han Solo,Audacious Smuggler,Standard,,,,,
SOR,Han Solo,Reluctant Hero,Hyperspace Foil,,,,,
SOR,Han Solo,Reluctant Hero,Standard,,,,,
SOR,Han Solo,Reluctant Hero,Standard Foil,,,,,
SOR,Han Solo,Reluctant Hero,Hyperspace,,,,,
SOR,Hardpoint Heavy Blaster,,Hyperspace Foil,,,,,
SOR,Hardpoint Heavy Blaster,,Hyperspace,,,,,
SOR,Hardpoint Heavy Blaster,,Standard Foil,,,,,
SOR,Hardpoint Heavy Blaster,,Standard,,,,,
SOR,Hera Syndulla,Spectre Two,Standard,,,,,
SOR,Hera Syndulla,Spectre Two,Hyperspace,,,,,
SOR,Hera Syndulla,Spectre Two,Showcase,,,,,
SOR,Heroic Sacrifice,,Standard,,,,,
SOR,Heroic Sacrifice,,Hyperspace Foil,,,,,
SOR,Heroic Sacrifice,,Standard Foil,,,,,
SOR,Heroic Sacrifice,,Hyperspace,,,,,
SOR,Home One,Alliance Flagship,Hyperspace,,,,,
SOR,Home One,Alliance Flagship,Standard Foil,,,,,
SOR,Home One,Alliance Flagship,Hyperspace Foil,,,,,
SOR,Home One,Alliance Flagship,Standard,,,,,
SOR,Homestead Militia,,Hyperspace Foil,,,,,
SOR,Homestead Militia,,Hyperspace,,,,,
SOR,Homestead Militia,,Standard,,,,,
SOR,Homestead Militia,,Standard Foil,,,,,
SOR,I Am Your Father,,Hyperspace,,,,,
SOR,I Am Your Father,,Standard,,,,,
SOR,I Had No Choice,,Standard,,,,,
SOR,I Had No Choice,,Standard Foil,,,,,
SOR,I Had No Choice,,Hyperspace Foil,,,,,
SOR,I Had No Choice,,Hyperspace,,,,,
SOR,Iden Versio,Inferno Squad Commander,Standard,,,,,
SOR,Iden Versio,Inferno Squad Commander,Showcase,,,,,
SOR,Iden Versio,Inferno Squad Commander,Hyperspace,,,,,
SOR,IG-88,Ruthless Bounty Hunter,Hyperspace,,,,,
SOR,IG-88,Ruthless Bounty Hunter,Showcase,,,,,
SOR,IG-88,Ruthless Bounty Hunter,Standard,,,,,
SOR,Imperial Interceptor,,Standard Foil,,,,,
SOR,Imperial Interceptor,,Hyperspace Foil,,,,,
SOR,Imperial Interceptor,,Hyperspace,,,,,
SOR,Imperial Interceptor,,Standard,,,,,
SOR,Inferno Four,Unforgetting,Standard Foil,,,,,
SOR,Inferno Four,Unforgetting,Standard,,,,,
SOR,Inferno Four,Unforgetting,Hyperspace Foil,,,,,
SOR,Inferno Four,Unforgetting,Hyperspace,,,,,
SOR,Infiltrator's Skill,,Standard,,,,,
SOR,Infiltrator's Skill,,Standard Foil,,,,,
SOR,Infiltrator's Skill,,Hyperspace,,,,,
SOR,Infiltrator's Skill,,Hyperspace Foil,,,,,
SOR,ISB Agent,,Hyperspace,,,,,
SOR,ISB Agent,,Standard Foil,,,,,
SOR,ISB Agent,,Standard,,,,,
SOR,ISB Agent,,Hyperspace Foil,,,,,
SOR,It Binds All Things,,Standard Foil,,,,,
SOR,It Binds All Things,,Hyperspace,,,,,
SOR,It Binds All Things,,Hyperspace Foil,,,,,
SOR,It Binds All Things,,Standard,,,,,
SOR,Jabba the Hutt,Cunning Daimyo,Hyperspace Foil,,,,,
SOR,Jabba the Hutt,Cunning Daimyo,Standard Foil,,,,,
SOR,Jabba the Hutt,Cunning Daimyo,Hyperspace,,,,,
SOR,Jabba the Hutt,Cunning Daimyo,Standard,,,,,
SOR,Jawa Scavenger,,Hyperspace Foil,,,,,
SOR,Jawa Scavenger,,Standard,,,,,
SOR,Jawa Scavenger,,Hyperspace,,,,,
SOR,Jawa Scavenger,,Standard Foil,,,,,
SOR,Jedha Agitator,,Standard,,,,,
SOR,Jedha Agitator,,Standard Foil,,,,,
SOR,Jedha Agitator,,Hyperspace Foil,,,,,
SOR,Jedha Agitator,,Hyperspace,,,,,
SOR,Jedha City,,Standard,,,,,
SOR,Jedha City,,Hyperspace Foil,,,,,
SOR,Jedha City,,Hyperspace,,,,,
SOR,Jedha City,,Standard Foil,,,,,
SOR,Jedi Lightsaber,,Standard Foil,,,,,
SOR,Jedi Lightsaber,,Hyperspace Foil,,,,,
SOR,Jedi Lightsaber,,Hyperspace,,,,,
SOR,Jedi Lightsaber,,Standard,,,,,
SOR,Jyn Erso,Resisting Oppression,Standard,,,,,
SOR,Jyn Erso,Resisting Oppression,Showcase,,,,,
SOR,Jyn Erso,Resisting Oppression,Hyperspace,,,,,
SOR,K-2SO,Cassian's Counterpart,Hyperspace,,,,,
SOR,K-2SO,Cassian's Counterpart,Standard Foil,,,,,
SOR,K-2SO,Cassian's Counterpart,Hyperspace Foil,,,,,
SOR,K-2SO,Cassian's Counterpart,Standard,,,,,
SOR,Kanan Jarrus,Revealed Jedi,Hyperspace,,,,,
SOR,Kanan Jarrus,Revealed Jedi,Hyperspace Foil,,,,,
SOR,Kanan Jarrus,Revealed Jedi,Standard,,,,,
SOR,Kanan Jarrus,Revealed Jedi,Standard Foil,,,,,
SOR,Karabast,,Standard Foil,,,,,
SOR,Karabast,,Standard,,,,,
SOR,Karabast,,Hyperspace,,,,,
SOR,Karabast,,Hyperspace Foil,,,,,
SOR,Keep Fighting,,Hyperspace Foil,,,,,
SOR,Keep Fighting,,Standard,,,,,
SOR,Keep Fighting,,Standard Foil,,,,,
SOR,Keep Fighting,,Hyperspace,,,,,
SOR,Kestro City,,Standard,,,,,
SOR,Kestro City,,Hyperspace,,,,,
SOR,Lando Calrissian,Responsible Businessman,Standard Foil,,,,,
SOR,Lando Calrissian,Responsible Businessman,Hyperspace Foil,,,,,
SOR,Lando Calrissian,Responsible Businessman,Hyperspace,,,,,
SOR,Lando Calrissian,Responsible Businessman,Standard,,,,,
SOR,Leia Organa,Defiant Princess,Standard,,,,,
SOR,Leia Organa,Alliance General,Showcase,,,,,
SOR,Leia Organa,Defiant Princess,Hyperspace,,,,,
SOR,Leia Organa,Alliance General,Hyperspace,,,,,
SOR,Leia Organa,Alliance General,Standard,,,,,
SOR,Lieutenant Childsen,Death Star Prison Warden,Hyperspace Foil,,,,,
SOR,Lieutenant Childsen,Death Star Prison Warden,Standard Foil,,,,,
SOR,Lieutenant Childsen,Death Star Prison Warden,Standard,,,,,
SOR,Lieutenant Childsen,Death Star Prison Warden,Hyperspace,,,,,
SOR,Lothal Insurgent,,Standard,,,,,
SOR,Lothal Insurgent,,Hyperspace Foil,,,,,
SOR,Lothal Insurgent,,Hyperspace,,,,,
SOR,Lothal Insurgent,,Standard Foil,,,,,
SOR,Luke Skywalker,Jedi Knight,Hyperspace,,,,,
SOR,Luke Skywalker,Faithful Friend,Hyperspace,,,,,
SOR,Luke Skywalker,Faithful Friend,Standard,,,,,
SOR,Luke Skywalker,Jedi Knight,Hyperspace Foil,,,,,
SOR,Luke Skywalker,Jedi Knight,Standard,,,,,
SOR,Luke Skywalker,Jedi Knight,Standard Foil,,,,,
SOR,Luke's Lightsaber,,Hyperspace,,,,,
SOR,Luke's Lightsaber,,Standard,,,,,
SOR,Mace Windu,Party Crasher,Hyperspace,,,,,
SOR,Mace Windu,Party Crasher,Hyperspace Foil,,,,,
SOR,Mace Windu,Party Crasher,Standard,,,,,
SOR,Mace Windu,Party Crasher,Standard Foil,,,,,
SOR,Make an Opening,,Standard,,,,,
SOR,Make an Opening,,Standard Foil,,,,,
SOR,Make an Opening,,Hyperspace,,,,,
SOR,Make an Opening,,Hyperspace Foil,,,,,
SOR,Maximum Firepower,,Standard,,,,,
SOR,Maximum Firepower,,Standard Foil,,,,,
SOR,Maximum Firepower,,Hyperspace,,,,,
SOR,Maximum Firepower,,Hyperspace Foil,,,,,
SOR,Medal Ceremony,,Standard Foil,,,,,
SOR,Medal Ceremony,,Hyperspace Foil,,,,,
SOR,Medal Ceremony,,Standard,,,,,
SOR,Medal Ceremony,,Hyperspace,,,,,
SOR,Mercenary Company,,Hyperspace,,,,,
SOR,Mercenary Company,,Standard,,,,,
SOR,Mercenary Company,,Standard Foil,,,,,
SOR,Mercenary Company,,Hyperspace Foil,,,,,
SOR,Millennium Falcon,Piece of Junk,Hyperspace Foil,,,,,
SOR,Millennium Falcon,Piece of Junk,Standard Foil,,,,,
SOR,Millennium Falcon,Piece of Junk,Hyperspace,,,,,
SOR,Millennium Falcon,Piece of Junk,Standard,,,,,
SOR,Mining Guild TIE Fighter,,Standard,,,,,
SOR,Mining Guild TIE Fighter,,Hyperspace,,,,,
SOR,Mining Guild TIE Fighter,,Hyperspace Foil,,,,,
SOR,Mining Guild TIE Fighter,,Standard Foil,,,,,
SOR,Mission Briefing,,Standard Foil,,,,,
SOR,Mission Briefing,,Standard,,,,,
SOR,Mission Briefing,,Hyperspace Foil,,,,,
SOR,Mission Briefing,,Hyperspace,,,,,
SOR,Moment of Peace,,Standard Foil,,,,,
SOR,Moment of Peace,,Hyperspace,,,,,
SOR,Moment of Peace,,Hyperspace Foil,,,,,
SOR,Moment of Peace,,Standard,,,,,
SOR,Mon Mothma,Voice Of The Rebellion,Standard,,,,,
SOR,Mon Mothma,Voice Of The Rebellion,Hyperspace Foil,,,,,
SOR,Mon Mothma,Voice Of The Rebellion,Hyperspace,,,,,
SOR,Mon Mothma,Voice Of The Rebellion,Standard Foil,,,,,
SOR,No Good to Me Dead,,Hyperspace,,,,,
SOR,No Good to Me Dead,,Standard,,,,,
SOR,No Good to Me Dead,,Standard Foil,,,,,
SOR,No Good to Me Dead,,Hyperspace Foil,,,,,
SOR,Obi-Wan Kenobi,Following Fate,Standard Foil,,,,,
SOR,Obi-Wan Kenobi,Following Fate,Standard,,,,,
SOR,Obi-Wan Kenobi,Following Fate,Hyperspace Foil,,,,,
SOR,Obi-Wan Kenobi,Following Fate,Hyperspace,,,,,
SOR,Occupier Siege Tank,,Hyperspace Foil,,,,,
SOR,Occupier Siege Tank,,Standard Foil,,,,,
SOR,Occupier Siege Tank,,Hyperspace,,,,,
SOR,Occupier Siege Tank,,Standard,,,,,
SOR,Open Fire,,Hyperspace Foil,,,,,
SOR,Open Fire,,Standard Foil,,,,,
SOR,Open Fire,,Hyperspace,,,,,
SOR,Open Fire,,Standard,,,,,
SOR,Outer Rim Headhunter,,Hyperspace,,,,,
SOR,Outer Rim Headhunter,,Standard,,,,,
SOR,Outer Rim Headhunter,,Standard Foil,,,,,
SOR,Outer Rim Headhunter,,Hyperspace Foil,,,,,
SOR,Outmaneuver,,Hyperspace,,,,,
SOR,Outmaneuver,,Standard,,,,,
SOR,Outmaneuver,,Standard Foil,,,,,
SOR,Outmaneuver,,Hyperspace Foil,,,,,
SOR,Overwhelming Barrage,,Standard,,,,,
SOR,Overwhelming Barrage,,Standard Foil,,,,,
SOR,Overwhelming Barrage,,Hyperspace Foil,,,,,
SOR,Overwhelming Barrage,,Hyperspace,,,,,
SOR,Partisan Insurgent,,Standard Foil,,,,,
SOR,Partisan Insurgent,,Hyperspace,,,,,
SOR,Partisan Insurgent,,Hyperspace Foil,,,,,
SOR,Partisan Insurgent,,Standard,,,,,
SOR,Patrolling V-Wing,,Hyperspace Foil,,,,,
SOR,Patrolling V-Wing,,Standard Foil,,,,,
SOR,Patrolling V-Wing,,Hyperspace,,,,,
SOR,Patrolling V-Wing,,Standard,,,,,
SOR,Pirated Starfighter,,Standard Foil,,,,,
SOR,Pirated Starfighter,,Hyperspace Foil,,,,,
SOR,Pirated Starfighter,,Hyperspace,,,,,
SOR,Pirated Starfighter,,Standard,,,,,
SOR,Power Failure,,Standard,,,,,
SOR,Power Failure,,Standard Foil,,,,,
SOR,Power Failure,,Hyperspace Foil,,,,,
SOR,Power Failure,,Hyperspace,,,,,
SOR,Power of the Dark Side,,Hyperspace Foil,,,,,
SOR,Power of the Dark Side,,Standard,,,,,
SOR,Power of the Dark Side,,Standard Foil,,,,,
SOR,Power of the Dark Side,,Hyperspace,,,,,
SOR,Precision Fire,,Standard,,,,,
SOR,Precision Fire,,Hyperspace,,,,,
SOR,Precision Fire,,Standard Foil,,,,,
SOR,Precision Fire,,Hyperspace Foil,,,,,
SOR,Prepare for Takeoff,,Standard Foil,,,,,
SOR,Prepare for Takeoff,,Standard,,,,,
SOR,Prepare for Takeoff,,Hyperspace,,,,,
SOR,Prepare for Takeoff,,Hyperspace Foil,,,,,
SOR,Protector,,Standard,,,,,
SOR,Protector,,Hyperspace Foil,,,,,
SOR,Protector,,Hyperspace,,,,,
SOR,Protector,,Standard Foil,,,,,
SOR,R2-D2,Ignoring Protocol,Hyperspace,,,,,
SOR,R2-D2,Ignoring Protocol,Standard,,,,,
SOR,Rallying Cry,,Hyperspace Foil,,,,,
SOR,Rallying Cry,,Standard Foil,,,,,
SOR,Rallying Cry,,Standard,,,,,
SOR,Rallying Cry,,Hyperspace,,,,,
SOR,Rebel Assault,,Standard,,,,,
SOR,Rebel Assault,,Hyperspace,,,,,
SOR,Rebel Assault,,Standard Foil,,,,,
SOR,Rebel Assault,,Hyperspace Foil,,,,,
SOR,Rebel Pathfinder,,Hyperspace,,,,,
SOR,Rebel Pathfinder,,Standard,,,,,
SOR,Rebel Pathfinder,,Hyperspace Foil,,,,,
SOR,Rebel Pathfinder,,Standard Foil,,,,,
SOR,Recruit,,Standard Foil,,,,,
SOR,Recruit,,Hyperspace,,,,,
SOR,Recruit,,Standard,,,,,
SOR,Recruit,,Hyperspace Foil,,,,,
SOR,Red Three,Unstoppable,Standard,,,,,
SOR,Red Three,Unstoppable,Standard Foil,,,,,
SOR,Red Three,Unstoppable,Hyperspace,,,,,
SOR,Red Three,Unstoppable,Hyperspace Foil,,,,,
SOR,Redemption,Medical Frigate,Standard,,,,,
SOR,Redemption,Medical Frigate,Hyperspace,,,,,
SOR,Redemption,Medical Frigate,Hyperspace Foil,,,,,
SOR,Redemption,Medical Frigate,Standard Foil,,,,,
SOR,Regional Governor,,Standard,,,,,
SOR,Regional Governor,,Standard Foil,,,,,
SOR,Regional Governor,,Hyperspace Foil,,,,,
SOR,Regional Governor,,Hyperspace,,,,,
SOR,Regional Sympathizers,,Hyperspace,,,,,
SOR,Regional Sympathizers,,Standard Foil,,,,,
SOR,Regional Sympathizers,,Hyperspace Foil,,,,,
SOR,Regional Sympathizers,,Standard,,,,,
SOR,Reinforcement Walker,,Standard Foil,,,,,
SOR,Reinforcement Walker,,Hyperspace,,,,,
SOR,Reinforcement Walker,,Hyperspace Foil,,,,,
SOR,Reinforcement Walker,,Standard,,,,,
SOR,Relentless,Konstantine's Folly,Standard Foil,,,,,
SOR,Relentless,Konstantine's Folly,Hyperspace Foil,,,,,
SOR,Relentless,Konstantine's Folly,Hyperspace,,,,,
SOR,Relentless,Konstantine's Folly,Standard,,,,,
SOR,Repair,,Hyperspace Foil,,,,,
SOR,Repair,,Standard Foil,,,,,
SOR,Repair,,Hyperspace,,,,,
SOR,Repair,,Standard,,,,,
SOR,Resilient,,Hyperspace Foil,,,,,
SOR,Resilient,,Hyperspace,,,,,
SOR,Resilient,,Standard Foil,,,,,
SOR,Resilient,,Standard,,,,,
SOR,Restock,,Hyperspace,,,,,
SOR,Restock,,Standard Foil,,,,,
SOR,Restock,,Hyperspace Foil,,,,,
SOR,Restock,,Standard,,,,,
SOR,Restored ARC-170,,Hyperspace Foil,,,,,
SOR,Restored ARC-170,,Hyperspace,,,,,
SOR,Restored ARC-170,,Standard Foil,,,,,
SOR,Restored ARC-170,,Standard,,,,,
SOR,Resupply,,Hyperspace Foil,,,,,
SOR,Resupply,,Hyperspace,,,,,
SOR,Resupply,,Standard,,,,,
SOR,Resupply,,Standard Foil,,,,,
SOR,Rogue Operative,,Hyperspace Foil,,,,,
SOR,Rogue Operative,,Standard Foil,,,,,
SOR,Rogue Operative,,Standard,,,,,
SOR,Rogue Operative,,Hyperspace,,,,,
SOR,Rogue Squadron Skirmisher,,Hyperspace Foil,,,,,
SOR,Rogue Squadron Skirmisher,,Standard,,,,,
SOR,Rogue Squadron Skirmisher,,Standard Foil,,,,,
SOR,Rogue Squadron Skirmisher,,Hyperspace,,,,,
SOR,Rugged Survivors,,Hyperspace Foil,,,,,
SOR,Rugged Survivors,,Standard,,,,,
SOR,Rugged Survivors,,Standard Foil,,,,,
SOR,Rugged Survivors,,Hyperspace,,,,,
SOR,Rukh,Thrawn's Assassin,Hyperspace Foil,,,,,
SOR,Rukh,Thrawn's Assassin,Hyperspace,,,,,
SOR,Rukh,Thrawn's Assassin,Standard,,,,,
SOR,Rukh,Thrawn's Assassin,Standard Foil,,,,,
SOR,Ruthless Raider,,Standard,,,,,
SOR,Ruthless Raider,,Standard Foil,,,,,
SOR,Ruthless Raider,,Hyperspace,,,,,
SOR,Ruthless Raider,,Hyperspace Foil,,,,,
SOR,Sabine Wren,Explosives Artist,Hyperspace,,,,,
SOR,Sabine Wren,Galvanized Revolutionary,Hyperspace,,,,,
SOR,Sabine Wren,Galvanized Revolutionary,Showcase,,,,,
SOR,Sabine Wren,Galvanized Revolutionary,Standard,,,,,
SOR,Sabine Wren,Explosives Artist,Standard,,,,,
SOR,Sabine Wren,Explosives Artist,Hyperspace Foil,,,,,
SOR,Sabine Wren,Explosives Artist,Standard Foil,,,,,
SOR,Saw Gerrera,Extremist,Standard Foil,,,,,
SOR,Saw Gerrera,Extremist,Hyperspace,,,,,
SOR,Saw Gerrera,Extremist,Hyperspace Foil,,,,,
SOR,Saw Gerrera,Extremist,Standard,,,,,
SOR,Scout Bike Pursuer,,Standard Foil,,,,,
SOR,Scout Bike Pursuer,,Standard,,,,,
SOR,Scout Bike Pursuer,,Hyperspace,,,,,
SOR,Scout Bike Pursuer,,Hyperspace Foil,,,,,
SOR,Search Your Feelings,,Standard,,,,,
SOR,Search Your Feelings,,Hyperspace,,,,,
SOR,Search Your Feelings,,Standard Foil,,,,,
SOR,Search Your Feelings,,Hyperspace Foil,,,,,
SOR,Seasoned Shoretrooper,,Hyperspace,,,,,
SOR,Seasoned Shoretrooper,,Hyperspace Foil,,,,,
SOR,Seasoned Shoretrooper,,Standard,,,,,
SOR,Seasoned Shoretrooper,,Standard Foil,,,,,
SOR,Security Complex,,Standard Foil,,,,,
SOR,Security Complex,,Standard,,,,,
SOR,Security Complex,,Hyperspace Foil,,,,,
SOR,Security Complex,,Hyperspace,,,,,
SOR,Seventh Fleet Defender,,Standard,,,,,
SOR,Seventh Fleet Defender,,Hyperspace,,,,,
SOR,Seventh Fleet Defender,,Standard Foil,,,,,
SOR,Seventh Fleet Defender,,Hyperspace Foil,,,,,
SOR,Seventh Sister,Implacable Inquisitor,Hyperspace Foil,,,,,
SOR,Seventh Sister,Implacable Inquisitor,Hyperspace,,,,,
SOR,Seventh Sister,Implacable Inquisitor,Standard Foil,,,,,
SOR,Seventh Sister,Implacable Inquisitor,Standard,,,,,
SOR,Shoot First,,Standard Foil,,,,,
SOR,Shoot First,,Hyperspace,,,,,
SOR,Shoot First,,Hyperspace Foil,,,,,
SOR,Shoot First,,Standard,,,,,
SOR,Smoke and Cinders,,Standard,,,,,
SOR,Smoke and Cinders,,Hyperspace,,,,,
SOR,Smoke and Cinders,,Hyperspace Foil,,,,,
SOR,Smoke and Cinders,,Standard Foil,,,,,
SOR,Smuggling Compartment,,Standard,,,,,
SOR,Smuggling Compartment,,Hyperspace,,,,,
SOR,Smuggling Compartment,,Hyperspace Foil,,,,,
SOR,Smuggling Compartment,,Standard Foil,,,,,
SOR,Snapshot Reflexes,,Standard,,,,,
SOR,Snapshot Reflexes,,Standard Foil,,,,,
SOR,Snapshot Reflexes,,Hyperspace,,,,,
SOR,Snapshot Reflexes,,Hyperspace Foil,,,,,
SOR,Sneak Attack,,Hyperspace,,,,,
SOR,Sneak Attack,,Standard,,,,,
SOR,Sneak Attack,,Hyperspace Foil,,,,,
SOR,Sneak Attack,,Standard Foil,,,,,
SOR,Snowspeeder,,Standard Foil,,,,,
SOR,Snowspeeder,,Standard,,,,,
SOR,Snowspeeder,,Hyperspace Foil,,,,,
SOR,Snowspeeder,,Hyperspace,,,,,
SOR,Snowtrooper Lieutenant,,Hyperspace,,,,,
SOR,Snowtrooper Lieutenant,,Standard Foil,,,,,
SOR,Snowtrooper Lieutenant,,Standard,,,,,
SOR,Snowtrooper Lieutenant,,Hyperspace Foil,,,,,
SOR,Spark of Rebellion,,Standard,,,,,
SOR,Spark of Rebellion,,Hyperspace,,,,,
SOR,Spark of Rebellion,,Standard Foil,,,,,
SOR,Spark of Rebellion,,Hyperspace Foil,,,,,
SOR,SpecForce Soldier,,Hyperspace Foil,,,,,
SOR,SpecForce Soldier,,Hyperspace,,,,,
SOR,SpecForce Soldier,,Standard Foil,,,,,
SOR,SpecForce Soldier,,Standard,,,,,
SOR,Star Wing Scout,,Hyperspace,,,,,
SOR,Star Wing Scout,,Standard Foil,,,,,
SOR,Star Wing Scout,,Hyperspace Foil,,,,,
SOR,Star Wing Scout,,Standard,,,,,
SOR,Steadfast Battalion,,Standard,,,,,
SOR,Steadfast Battalion,,Hyperspace Foil,,,,,
SOR,Steadfast Battalion,,Standard Foil,,,,,
SOR,Steadfast Battalion,,Hyperspace,,,,,
SOR,Strafing Gunship,,Hyperspace,,,,,
SOR,Strafing Gunship,,Hyperspace Foil,,,,,
SOR,Strafing Gunship,,Standard,,,,,
SOR,Strafing Gunship,,Standard Foil,,,,,
SOR,Strike True,,Standard,,,,,
SOR,Strike True,,Hyperspace Foil,,,,,
SOR,Strike True,,Hyperspace,,,,,
SOR,Strike True,,Standard Foil,,,,,
SOR,Superlaser Blast,,Standard,233,Vigilance|Villainy,-,Event,Rare
SOR,Superlaser Blast,,Hyperspace,,,,,
SOR,Superlaser Blast,,Hyperspace Foil,,,,,
SOR,Superlaser Blast,,Standard Foil,,,,,
SOR,Superlaser Technician,,Hyperspace,,,,,
SOR,Superlaser Technician,,Standard,,,,,
SOR,Superlaser Technician,,Hyperspace Foil,,,,,
SOR,Superlaser Technician,,Standard Foil,,,,,
SOR,Surprise Strike,,Standard Foil,,,,,
SOR,Surprise Strike,,Standard,,,,,
SOR,Surprise Strike,,Hyperspace,,,,,
SOR,Surprise Strike,,Hyperspace Foil,,,,,
SOR,Swoop Racer,,Hyperspace Foil,,,,,
SOR,Swoop Racer,,Standard Foil,,,,,
SOR,Swoop Racer,,Hyperspace,,,,,
SOR,Swoop Racer,,Standard,,,,,
SOR,Syndicate Lackeys,,Hyperspace,,,,,
SOR,Syndicate Lackeys,,Standard,,,,,
SOR,Syndicate Lackeys,,Standard Foil,,,,,
SOR,Syndicate Lackeys,,Hyperspace Foil,,,,,
SOR,System Patrol Craft,,Standard,,,,,
SOR,System Patrol Craft,,Hyperspace Foil,,,,,
SOR,System Patrol Craft,,Standard Foil,,,,,
SOR,System Patrol Craft,,Hyperspace,,,,,
SOR,Tactical Advantage,,Hyperspace Foil,,,,,
SOR,Tactical Advantage,,Standard Foil,,,,,
SOR,Tactical Advantage,,Hyperspace,,,,,
SOR,Tactical Advantage,,Standard,,,,,
SOR,Takedown,,Hyperspace,,,,,
SOR,Takedown,,Hyperspace Foil,,,,,
SOR,Takedown,,Standard,,,,,
SOR,Takedown,,Standard Foil,,,,,
SOR,Tarkintown,,Hyperspace,,,,,
SOR,Tarkintown,,Hyperspace Foil,,,,,
SOR,Tarkintown,,Standard,,,,,
SOR,Tarkintown,,Standard Foil,,,,,
SOR,The Emperor's Legion,,Standard,,,,,
SOR,The Emperor's Legion,,Hyperspace,,,,,
SOR,The Emperor's Legion,,Standard Foil,,,,,
SOR,The Emperor's Legion,,Hyperspace Foil,,,,,
SOR,The Force Is With Me,,Hyperspace Foil,,,,,
SOR,The Force Is With Me,,Standard,,,,,
SOR,The Force Is With Me,,Standard Foil,,,,,
SOR,The Force Is With Me,,Hyperspace,,,,,
SOR,The Ghost,Spectre Home Base,Hyperspace,,,,,
SOR,The Ghost,Spectre Home Base,Standard,,,,,
SOR,The Ghost,Spectre Home Base,Standard Foil,,,,,
SOR,The Ghost,Spectre Home Base,Hyperspace Foil,,,,,
SOR,TIE Advanced,,Hyperspace Foil,,,,,
SOR,TIE Advanced,,Standard Foil,,,,,
SOR,TIE Advanced,,Standard,,,,,
SOR,TIE Advanced,,Hyperspace,,,,,
SOR,TIE/ln Fighter,,Hyperspace Foil,,,,,
SOR,TIE/ln Fighter,,Standard,,,,,
SOR,TIE/ln Fighter,,Hyperspace,,,,,
SOR,TIE/ln Fighter,,Standard Foil,,,,,
SOR,Traitorous,,Hyperspace,,,,,
SOR,Traitorous,,Standard Foil,,,,,
SOR,Traitorous,,Standard,,,,,
SOR,Traitorous,,Hyperspace Foil,,,,,
SOR,U-Wing Reinforcement,,Standard Foil,,,,,
SOR,U-Wing Reinforcement,,Hyperspace,,,,,
SOR,U-Wing Reinforcement,,Hyperspace Foil,,,,,
SOR,U-Wing Reinforcement,,Standard,,,,,
SOR,Underworld Thug,,Hyperspace Foil,,,,,
SOR,Underworld Thug,,Standard Foil,,,,,
SOR,Underworld Thug,,Hyperspace,,,,,
SOR,Underworld Thug,,Standard,,,,,
SOR,Vader's Lightsaber,,Standard,,,,,
SOR,Vader's Lightsaber,,Hyperspace,,,,,
SOR,Vanguard Ace,,Standard Foil,,,,,
SOR,Vanguard Ace,,Hyperspace Foil,,,,,
SOR,Vanguard Ace,,Standard,,,,,
SOR,Vanguard Ace,,Hyperspace,,,,,
SOR,Vanguard Infantry,,Standard Foil,,,,,
SOR,Vanguard Infantry,,Standard,,,,,
SOR,Vanguard Infantry,,Hyperspace,,,,,
SOR,Vanguard Infantry,,Hyperspace Foil,,,,,
SOR,Vanquish,,Hyperspace Foil,,,,,
SOR,Vanquish,,Hyperspace,,,,,
SOR,Vanquish,,Standard Foil,,,,,
SOR,Vanquish,,Standard,,,,,
SOR,Vigilance,,Standard,,,,,
SOR,Vigilance,,Hyperspace,,,,,
SOR,Vigilance,,Standard Foil,,,,,
SOR,Vigilance,,Hyperspace Foil,,,,,
SOR,Vigilant Honor Guards,,Hyperspace,,,,,
SOR,Vigilant Honor Guards,,Hyperspace Foil,,,,,
SOR,Vigilant Honor Guards,,Standard,,,,,
SOR,Vigilant Honor Guards,,Standard Foil,,,,,
SOR,Viper Probe Droid,,Standard Foil,,,,,
SOR,Viper Probe Droid,,Hyperspace,,,,,
SOR,Viper Probe Droid,,Standard,,,,,
SOR,Viper Probe Droid,,Hyperspace Foil,,,,,
SOR,Volunteer Soldier,,Standard Foil,,,,,
SOR,Volunteer Soldier,,Standard,,,,,
SOR,Volunteer Soldier,,Hyperspace,,,,,
SOR,Volunteer Soldier,,Hyperspace Foil,,,,,
SOR,Wampa,,Standard Foil,,,,,
SOR,Wampa,,Hyperspace,,,,,
SOR,Wampa,,Hyperspace Foil,,,,,
SOR,Wampa,,Standard,,,,,
SOR,Waylay,,Hyperspace,,,,,
SOR,Waylay,,Standard Foil,,,,,
SOR,Waylay,,Standard,,,,,
SOR,Waylay,,Hyperspace Foil,,,,,
SOR,Wedge Antilles,Star of the Rebellion,Hyperspace Foil,,,,,
SOR,Wedge Antilles,Star of the Rebellion,Standard Foil,,,,,
SOR,Wedge Antilles,Star of the Rebellion,Standard,,,,,
SOR,Wedge Antilles,Star of the Rebellion,Hyperspace,,,,,
SOR,Wilderness Fighter,,Standard,,,,,
SOR,Wilderness Fighter,,Hyperspace Foil,,,,,
SOR,Wilderness Fighter,,Hyperspace,,,,,
SOR,Wilderness Fighter,,Standard Foil,,,,,
SOR,Wing Leader,,Hyperspace Foil,,,,,
SOR,Wing Leader,,Standard,,,,,
SOR,Wing Leader,,Hyperspace,,,,,
SOR,Wing Leader,,Standard Foil,,,,,
SOR,Wolffe,Suspicious Veteran,Standard,,,,,
SOR,Wolffe,Suspicious Veteran,Standard Foil,,,,,
SOR,Wolffe,Suspicious Veteran,Hyperspace Foil,,,,,
SOR,Wolffe,Suspicious Veteran,Hyperspace,,,,,
SOR,Yoda,Old Master,Standard Foil,,,,,
SOR,Yoda,Old Master,Hyperspace,,,,,
SOR,Yoda,Old Master,Hyperspace Foil,,,,,
SOR,Yoda,Old Master,Standard,,,,,
SOR,You're My Only Hope,,Hyperspace,,,,,
SOR,You're My Only Hope,,Hyperspace Foil,,,,,
SOR,You're My Only Hope,,Standard,,,,,
SOR,You're My Only Hope,,Standard Foil,,,,,
SOR,Zeb Orrelios,Headstrong Warrior,Standard,,,,,
SOR,Zeb Orrelios,Headstrong Warrior,Hyperspace,,,,,
SOR,Zeb Orrelios,Headstrong Warrior,Standard Foil,,,,,
SOR,Zeb Orrelios,Headstrong Warrior,Hyperspace Foil,,,,,
SORPR,Darth Vader,Dark Lord of the Sith,Prerelease Judge,,,,,
SORPR,Darth Vader,Dark Lord of the Sith,Prerelease Promo,,,,,
SORPR,Luke Skywalker,Faithful Friend,Prerelease Judge,,,,,
SORPR,Luke Skywalker,Faithful Friend,Prerelease Promo,,,,,
SORSS,Mace Windu,Party Crasher,SS Top 4,,,,,
SORSS,Mace Windu,Party Crasher,SS Champion,,,,,
SORSS,Mace Windu,Party Crasher,SS Top 8,,,,,
SORSS,Mace Windu,Party Crasher,SS Finalist,,,,,
SORSS,Takedown,,SS Judge,,,,,
SORSS,Takedown,,SS Participation,,,,,
SORW,Battlefield Marine,,Weekly Play,,,,,
SORW,Bossk,Deadly Stalker,Weekly Play Foil,,,,,
SORW,Bossk,Deadly Stalker,Weekly Play,,,,,
SORW,Death Star Stormtrooper,,Weekly Play Foil,,,,,
SORW,Death Star Stormtrooper,,Weekly Play,,,,,
SORW,Death Trooper,,Weekly Play Foil,,,,,
SORW,Death Trooper,,Weekly Play,,,,,
SORW,General Dodonna,Massassi Group Commander,Weekly Play,,,,,
SORW,General Dodonna,Massassi Group Commander,Weekly Play Foil,,,,,
SORW,General Veers,Blizzard Force Commander,Weekly Play,,,,,
SORW,General Veers,Blizzard Force Commander,Weekly Play Foil,,,,,
SORW,Greedo,Slow on the Draw,Weekly Play,,,,,
SORW,Greedo,Slow on the Draw,Weekly Play Foil,,,,,
SORW,Green Squadron A-Wing,,Weekly Play,,,,,
SORW,Resupply,,Weekly Play,,,,,
SORW,Resupply,,Weekly Play Foil,,,,,
SORW,Sabine Wren,Explosives Artist,Weekly Play,,,,,
SORW,Sabine Wren,Explosives Artist,Weekly Play Foil,,,,,
SORW,Waylay,,Weekly Play,,,,,
SORW,Yoda,Old Master,Weekly Play Foil,,,,,
SORW,Yoda,Old Master,Weekly Play,,,,,
Tokens,Battle Droid,,Standard Foil,,,,,
Tokens,Battle Droid,,Standard,,,,,
Tokens,Battle Droid,,Hyperspace Foil,,,,,
Tokens,Battle Droid,,GC VIP Promo,,,,,
Tokens,Battle Droid,,Hyperspace,,,,,
Tokens,Clone Trooper,,GC VIP Promo,,,,,
Tokens,Clone Trooper,,Hyperspace,,,,,
Tokens,Clone Trooper,,Standard Foil,,,,,
Tokens,Clone Trooper,,Hyperspace Foil,,,,,
Tokens,Clone Trooper,,Standard,,,,,
Tokens,Experience,,Hyperspace Foil,,,,,
Tokens,Experience,,Standard,,,,,
Tokens,Experience,,Hyperspace,,,,,
Tokens,Experience,,Standard,,,,,
Tokens,Experience,,Hyperspace,,,,,
Tokens,Experience,,Standard,,,,,
Tokens,Experience,,Hyperspace,,,,,
Tokens,Shield,,Hyperspace,,,,,
Tokens,Shield,,Hyperspace Foil,,,,,
Tokens,Shield,,Hyperspace,,,,,
Tokens,Shield,,Standard,,,,,
Tokens,Shield,,Standard,,,,,
Tokens,Shield,,Hyperspace,,,,,
Tokens,Spy,,Hyperspace,,,,,
Tokens,Spy,,Standard,,,,,
Tokens,TIE Fighter,,GC VIP Promo,,,,,
Tokens,TIE Fighter,,Standard,,,,,
Tokens,TIE Fighter,,Hyperspace,,,,,
Tokens,X-Wing,,Standard,,,,,
Tokens,X-Wing,,Hyperspace,,,,,
Tokens,X-Wing,,GC VIP Promo,,,,,
TS26,Ahsoka Tano,I Have an Idea,Standard,,,,,
TS26,Ahsoka's Lightsabers,Don't Hurt Them,Standard,,,,,
TS26,Anakin Skywalker,Protect Her At All Costs,Standard,,,,,
TS26,Arena Reek,Lumbering Beast,Standard,,,,,
TS26,Asajj Ventress,Ambitious Apprentice,Standard,,,,,
TS26,Assault Lander LAAT,,Standard,,,,,
TS26,Barriss Offee,It's Only a Matter of Time,Standard,,,,,
TS26,Bo-Katan Kryze,The Lawless,Standard,,,,,
TS26,Brothers,,Standard,,,,,
TS26,C-3P0,"Die, Jedi Dogs!",Standard,,,,,
TS26,Count Dooku,Offering Aid,Standard,,,,,
TS26,Darth Sidious,Under a Cloak of Darkness,Standard,,,,,
TS26,Evade Arrest,,Standard,,,,,
TS26,Fives,I Have Proof!,Standard,,,,,
TS26,Galactic Escalation,,Standard,,,,,
TS26,Gar Saxon,Sundari Pillager,Standard,,,,,
TS26,Kouhun Assassination,,Standard,,,,,
TS26,Lom Pyke,Making a Withdrawal,Standard,,,,,
TS26,Maul,Collective Ambition,Standard,,,,,
TS26,Mislead,,Standard,,,,,
TS26,Obi-Wan Kenobi,Steadfast Knight,Standard,,,,,
TS26,Padmé Amidala,Follow My Lead,Standard,,,,,
TS26,Rex,No Other Option,Standard,,,,,
TS26,Rex's DC-17s,This Ship is Going Down,Standard,,,,,
TS26,Savage Opress,You Must Have Your Revenge,Standard,,,,,
TS26,Separatist Council,Quarrelsome Holdouts,Standard,,,,,
TS26,Wartime Mercenaries,,Standard,,,,,
TS26,Ziton Moj,Sowing Chaos,Standard,,,,,
TWI,332nd Stalwart,,Hyperspace,,,,,
TWI,332nd Stalwart,,Standard,,,,,
TWI,41st Elite Corps,,Standard Foil,,,,,
TWI,41st Elite Corps,,Standard,,,,,
TWI,41st Elite Corps,,Hyperspace Foil,,,,,
TWI,41st Elite Corps,,Hyperspace,,,,,
TWI,501st Liberator,,Hyperspace Foil,,,,,
TWI,501st Liberator,,Standard Foil,,,,,
TWI,501st Liberator,,Hyperspace,,,,,
TWI,501st Liberator,,Standard,,,,,
TWI,A Fine Addition,,Hyperspace Foil,,,,,
TWI,A Fine Addition,,Standard Foil,,,,,
TWI,A Fine Addition,,Hyperspace,,,,,
TWI,A Fine Addition,,Standard,,,,,
TWI,Aayla Secura,Master of the Blade,Standard,,,,,
TWI,Aayla Secura,Master of the Blade,Hyperspace Foil,,,,,
TWI,Aayla Secura,Master of the Blade,Standard Foil,,,,,
TWI,Aayla Secura,Master of the Blade,Hyperspace,,,,,
TWI,Admiral Trench,Holding the Line,Hyperspace,,,,,
TWI,Admiral Trench,Holding the Line,Standard,,,,,
TWI,Admiral Trench,Holding the Line,Standard Foil,,,,,
TWI,Admiral Trench,Holding the Line,Hyperspace Foil,,,,,
TWI,Admiral Yularen,Advising Caution,Standard Foil,,,,,
TWI,Admiral Yularen,Advising Caution,Hyperspace Foil,,,,,
TWI,Admiral Yularen,Advising Caution,Hyperspace,,,,,
TWI,Admiral Yularen,Advising Caution,Standard,,,,,
TWI,Advanced Recon Commando,,Hyperspace,,,,,
TWI,Advanced Recon Commando,,Standard Foil,,,,,
TWI,Advanced Recon Commando,,Standard,,,,,
TWI,Advanced Recon Commando,,Hyperspace Foil,,,,,
TWI,Aggrieved Parliamentarian,,Hyperspace,,,,,
TWI,Aggrieved Parliamentarian,,Standard,,,,,
TWI,Aggrieved Parliamentarian,,Standard Foil,,,,,
TWI,Aggrieved Parliamentarian,,Hyperspace Foil,,,,,
TWI,Ahsoka Tano,Snips,Standard,,,,,
TWI,Ahsoka Tano,Always Ready For Trouble,Hyperspace,,,,,
TWI,Ahsoka Tano,Snips,Showcase,,,,,
TWI,Ahsoka Tano,Always Ready For Trouble,Standard Foil,,,,,
TWI,Ahsoka Tano,Snips,Hyperspace,,,,,
TWI,Ahsoka Tano,Always Ready For Trouble,Standard,,,,,
TWI,Ahsoka Tano,Always Ready For Trouble,Hyperspace Foil,,,,,
TWI,Ahsoka's Padawan Lightsaber,,Hyperspace,,,,,
TWI,Ahsoka's Padawan Lightsaber,,Standard,,,,,
TWI,Aid from the Innocent,,Hyperspace,,,,,
TWI,Aid from the Innocent,,Hyperspace Foil,,,,,
TWI,Aid from the Innocent,,Standard,,,,,
TWI,Aid from the Innocent,,Standard Foil,,,,,
TWI,Anakin Skywalker,Maverick Mentor,Hyperspace,,,,,
TWI,Anakin Skywalker,Maverick Mentor,Standard,,,,,
TWI,Anakin Skywalker,What it Takes to Win,Showcase,,,,,
TWI,Anakin Skywalker,What it Takes to Win,Hyperspace,,,,,
TWI,Anakin Skywalker,What it Takes to Win,Standard,,,,,
TWI,Anakin's Interceptor,Where the Fun Begins,Hyperspace Foil,,,,,
TWI,Anakin's Interceptor,Where the Fun Begins,Hyperspace,,,,,
TWI,Anakin's Interceptor,Where the Fun Begins,Standard,,,,,
TWI,Anakin's Interceptor,Where the Fun Begins,Standard Foil,,,,,
TWI,Armored Saber Tank,,Hyperspace Foil,,,,,
TWI,Armored Saber Tank,,Standard Foil,,,,,
TWI,Armored Saber Tank,,Standard,,,,,
TWI,Armored Saber Tank,,Hyperspace,,,,,
TWI,Asajj Ventress,Unparalleled Adversary,Showcase,,,,,
TWI,Asajj Ventress,Count Dooku's Assassin,Standard,,,,,
TWI,Asajj Ventress,Unparalleled Adversary,Hyperspace,,,,,
TWI,Asajj Ventress,Count Dooku's Assassin,Standard Foil,,,,,
TWI,Asajj Ventress,Count Dooku's Assassin,Hyperspace,,,,,
TWI,Asajj Ventress,Unparalleled Adversary,Standard,,,,,
TWI,Asajj Ventress,Count Dooku's Assassin,Hyperspace Foil,,,,,
TWI,AT-TE Vanguard,,Hyperspace,,,,,
TWI,AT-TE Vanguard,,Standard Foil,,,,,
TWI,AT-TE Vanguard,,Hyperspace Foil,,,,,
TWI,AT-TE Vanguard,,Standard,,,,,
TWI,Aurra Sing,Crackshot Sniper,Standard,,,,,
TWI,Aurra Sing,Crackshot Sniper,Hyperspace,,,,,
TWI,Aurra Sing,Crackshot Sniper,Hyperspace Foil,,,,,
TWI,Aurra Sing,Crackshot Sniper,Standard Foil,,,,,
TWI,B1 Attack Platform,,Standard,,,,,
TWI,B1 Attack Platform,,Hyperspace,,,,,
TWI,B1 Attack Platform,,Hyperspace Foil,,,,,
TWI,B1 Attack Platform,,Standard Foil,,,,,
TWI,B1 Security Team,,Standard Foil,,,,,
TWI,B1 Security Team,,Standard,,,,,
TWI,B1 Security Team,,Hyperspace,,,,,
TWI,B1 Security Team,,Hyperspace Foil,,,,,
TWI,B2 Legionnaires,,Standard Foil,,,,,
TWI,B2 Legionnaires,,Hyperspace Foil,,,,,
TWI,B2 Legionnaires,,Hyperspace,,,,,
TWI,B2 Legionnaires,,Standard,,,,,
TWI,Baktoid Spider Droid,,Hyperspace Foil,,,,,
TWI,Baktoid Spider Droid,,Standard,,,,,
TWI,Baktoid Spider Droid,,Hyperspace,,,,,
TWI,Baktoid Spider Droid,,Standard Foil,,,,,
TWI,Barriss Offee,Unassuming Apprentice,Hyperspace,,,,,
TWI,Barriss Offee,Unassuming Apprentice,Standard Foil,,,,,
TWI,Barriss Offee,Unassuming Apprentice,Standard,,,,,
TWI,Barriss Offee,Unassuming Apprentice,Hyperspace Foil,,,,,
TWI,Batch Brothers,,Standard,,,,,
TWI,Batch Brothers,,Standard Foil,,,,,
TWI,Batch Brothers,,Hyperspace,,,,,
TWI,Batch Brothers,,Hyperspace Foil,,,,,
TWI,Battle Droid Escort,,Hyperspace,,,,,
TWI,Battle Droid Escort,,Standard,,,,,
TWI,Battle Droid Legion,,Standard Foil,,,,,
TWI,Battle Droid Legion,,Hyperspace Foil,,,,,
TWI,Battle Droid Legion,,Standard,,,,,
TWI,Battle Droid Legion,,Hyperspace,,,,,
TWI,Blood Sport,,Standard,,,,,
TWI,Blood Sport,,Hyperspace,,,,,
TWI,Blood Sport,,Hyperspace Foil,,,,,
TWI,Blood Sport,,Standard Foil,,,,,
TWI,Bo-Katan Kryze,Death Watch Lieutenant,Standard Foil,,,,,
TWI,Bo-Katan Kryze,Death Watch Lieutenant,Hyperspace Foil,,,,,
TWI,Bo-Katan Kryze,Death Watch Lieutenant,Hyperspace,,,,,
TWI,Bo-Katan Kryze,Death Watch Lieutenant,Standard,,,,,
TWI,Bold Recon Commando,,Standard Foil,,,,,
TWI,Bold Recon Commando,,Hyperspace Foil,,,,,
TWI,Bold Recon Commando,,Standard,,,,,
TWI,Bold Recon Commando,,Hyperspace,,,,,
TWI,Bold Resistance,,Standard,,,,,
TWI,Bold Resistance,,Standard Foil,,,,,
TWI,Bold Resistance,,Hyperspace,,,,,
TWI,Bold Resistance,,Hyperspace Foil,,,,,
TWI,Brain Invaders,,Standard,,,,,
TWI,Brain Invaders,,Standard Foil,,,,,
TWI,Brain Invaders,,Hyperspace,,,,,
TWI,Brain Invaders,,Hyperspace Foil,,,,,
TWI,Breaking In,,Standard,,,,,
TWI,Breaking In,,Hyperspace,,,,,
TWI,Breaking In,,Hyperspace Foil,,,,,
TWI,Breaking In,,Standard Foil,,,,,
TWI,Cad Bane,Hostage Taker,Hyperspace Foil,,,,,
TWI,Cad Bane,Hostage Taker,Hyperspace,,,,,
TWI,Cad Bane,Hostage Taker,Standard,,,,,
TWI,Cad Bane,Hostage Taker,Standard Foil,,,,,
TWI,Calculating MagnaGuard,,Standard,,,,,
TWI,Calculating MagnaGuard,,Hyperspace,,,,,
TWI,Calculating MagnaGuard,,Hyperspace Foil,,,,,
TWI,Calculating MagnaGuard,,Standard Foil,,,,,
TWI,Captain Rex,Fighting For His Brothers,Hyperspace,,,,,
TWI,Captain Rex,Lead by Example,Hyperspace,,,,,
TWI,Captain Rex,Lead by Example,Standard,,,,,
TWI,Captain Rex,Fighting For His Brothers,Standard,,,,,
TWI,Captain Rex,Fighting For His Brothers,Showcase,,,,,
TWI,Captain Typho,Protecting the Senator,Hyperspace,,,,,
TWI,Captain Typho,Protecting the Senator,Standard,,,,,
TWI,Captain Typho,Protecting the Senator,Hyperspace Foil,,,,,
TWI,Captain Typho,Protecting the Senator,Standard Foil,,,,,
TWI,Caught in the Crossfire,,Hyperspace,,,,,
TWI,Caught in the Crossfire,,Hyperspace Foil,,,,,
TWI,Caught in the Crossfire,,Standard Foil,,,,,
TWI,Caught in the Crossfire,,Standard,,,,,
TWI,Chancellor Palpatine,Playing Both Sides,Showcase,,,,,
TWI,Chancellor Palpatine,Wartime Chancellor,Hyperspace,,,,,
TWI,Chancellor Palpatine,Playing Both Sides,Hyperspace,,,,,
TWI,Chancellor Palpatine,Wartime Chancellor,Standard Foil,,,,,
TWI,Chancellor Palpatine,Wartime Chancellor,Standard,,,,,
TWI,Chancellor Palpatine,Wartime Chancellor,Hyperspace Foil,,,,,
TWI,Chancellor Palpatine,Playing Both Sides,Standard,,,,,
TWI,Clear the Field,,Hyperspace,,,,,
TWI,Clear the Field,,Hyperspace Foil,,,,,
TWI,Clear the Field,,Standard,,,,,
TWI,Clear the Field,,Standard Foil,,,,,
TWI,Clone,,Hyperspace Foil,,,,,
TWI,Clone,,Standard,,,,,
TWI,Clone,,Hyperspace,,,,,
TWI,Clone,,Standard Foil,,,,,
TWI,Clone Cohort,,Standard,,,,,
TWI,Clone Cohort,,Hyperspace,,,,,
TWI,Clone Cohort,,Standard Foil,,,,,
TWI,Clone Cohort,,Hyperspace Foil,,,,,
TWI,Clone Commander Cody,Commanding the 212th,Standard,,,,,
TWI,Clone Commander Cody,Commanding the 212th,Standard Foil,,,,,
TWI,Clone Commander Cody,Commanding the 212th,Hyperspace,,,,,
TWI,Clone Commander Cody,Commanding the 212th,Hyperspace Foil,,,,,
TWI,Clone Dive Trooper,,Hyperspace Foil,,,,,
TWI,Clone Dive Trooper,,Standard,,,,,
TWI,Clone Dive Trooper,,Standard Foil,,,,,
TWI,Clone Dive Trooper,,Hyperspace,,,,,
TWI,Clone Heavy Gunner,,Hyperspace Foil,,,,,
TWI,Clone Heavy Gunner,,Standard Foil,,,,,
TWI,Clone Heavy Gunner,,Hyperspace,,,,,
TWI,Clone Heavy Gunner,,Standard,,,,,
TWI,Compassionate Senator,,Standard Foil,,,,,
TWI,Compassionate Senator,,Hyperspace Foil,,,,,
TWI,Compassionate Senator,,Hyperspace,,,,,
TWI,Compassionate Senator,,Standard,,,,,
TWI,Confederate Courier,,Standard Foil,,,,,
TWI,Confederate Courier,,Standard,,,,,
TWI,Confederate Courier,,Hyperspace,,,,,
TWI,Confederate Courier,,Hyperspace Foil,,,,,
TWI,Confederate Tri-Fighter,,Hyperspace,,,,,
TWI,Confederate Tri-Fighter,,Hyperspace Foil,,,,,
TWI,Confederate Tri-Fighter,,Standard Foil,,,,,
TWI,Confederate Tri-Fighter,,Standard,,,,,
TWI,Consolidation of Power,,Standard,,,,,
TWI,Consolidation of Power,,Hyperspace Foil,,,,,
TWI,Consolidation of Power,,Hyperspace,,,,,
TWI,Consolidation of Power,,Standard Foil,,,,,
TWI,Corner the Prey,,Hyperspace,,,,,
TWI,Corner the Prey,,Standard,,,,,
TWI,Corner the Prey,,Hyperspace Foil,,,,,
TWI,Corner the Prey,,Standard Foil,,,,,
TWI,Coruscant Guard,,Standard Foil,,,,,
TWI,Coruscant Guard,,Hyperspace Foil,,,,,
TWI,Coruscant Guard,,Standard,,,,,
TWI,Coruscant Guard,,Hyperspace,,,,,
TWI,Count Dooku,Fallen Jedi,Hyperspace,,,,,
TWI,Count Dooku,Face of the Confederacy,Showcase,,,,,
TWI,Count Dooku,Fallen Jedi,Standard Foil,,,,,
TWI,Count Dooku,Fallen Jedi,Hyperspace Foil,,,,,
TWI,Count Dooku,Face of the Confederacy,Hyperspace,,,,,
TWI,Count Dooku,Fallen Jedi,Standard,,,,,
TWI,Count Dooku,Face of the Confederacy,Standard,,,,,
TWI,Creative Thinking,,Standard Foil,,,,,
TWI,Creative Thinking,,Hyperspace,,,,,
TWI,Creative Thinking,,Standard,,,,,
TWI,Creative Thinking,,Hyperspace Foil,,,,,
TWI,Daring Raid,,Hyperspace,,,,,
TWI,Daring Raid,,Standard Foil,,,,,
TWI,Daring Raid,,Standard,,,,,
TWI,Daring Raid,,Hyperspace Foil,,,,,
TWI,Darth Maul,Revenge At Last,Standard,,,,,
TWI,Darth Maul,Revenge At Last,Hyperspace Foil,,,,,
TWI,Darth Maul,Revenge At Last,Standard Foil,,,,,
TWI,Darth Maul,Revenge At Last,Hyperspace,,,,,
TWI,Daughter of Dathomir,,Standard Foil,,,,,
TWI,Daughter of Dathomir,,Standard,,,,,
TWI,Daughter of Dathomir,,Hyperspace,,,,,
TWI,Daughter of Dathomir,,Hyperspace Foil,,,,,
TWI,Death by Droids,,Hyperspace,,,,,
TWI,Death by Droids,,Standard Foil,,,,,
TWI,Death by Droids,,Standard,,,,,
TWI,Death by Droids,,Hyperspace Foil,,,,,
TWI,Dendup's Loyalist,,Hyperspace Foil,,,,,
TWI,Dendup's Loyalist,,Standard Foil,,,,,
TWI,Dendup's Loyalist,,Hyperspace,,,,,
TWI,Dendup's Loyalist,,Standard,,,,,
TWI,Devastating Gunship,,Standard Foil,,,,,
TWI,Devastating Gunship,,Hyperspace Foil,,,,,
TWI,Devastating Gunship,,Standard,,,,,
TWI,Devastating Gunship,,Hyperspace,,,,,
TWI,Disaffected Senator,,Hyperspace Foil,,,,,
TWI,Disaffected Senator,,Standard Foil,,,,,
TWI,Disaffected Senator,,Standard,,,,,
TWI,Disaffected Senator,,Hyperspace,,,,,
TWI,Disruptive Burst,,Standard Foil,,,,,
TWI,Disruptive Burst,,Standard,,,,,
TWI,Disruptive Burst,,Hyperspace,,,,,
TWI,Disruptive Burst,,Hyperspace Foil,,,,,
TWI,Droid Cohort,,Standard,,,,,
TWI,Droid Cohort,,Standard Foil,,,,,
TWI,Droid Cohort,,Hyperspace,,,,,
TWI,Droid Cohort,,Hyperspace Foil,,,,,
TWI,Droid Commando,,Hyperspace,,,,,
TWI,Droid Commando,,Standard Foil,,,,,
TWI,Droid Commando,,Hyperspace Foil,,,,,
TWI,Droid Commando,,Standard,,,,,
TWI,Droid Deployment,,Standard,,,,,
TWI,Droid Deployment,,Hyperspace Foil,,,,,
TWI,Droid Deployment,,Hyperspace,,,,,
TWI,Droid Deployment,,Standard Foil,,,,,
TWI,Droid Manufactory,,Standard Foil,,,,,
TWI,Droid Manufactory,,Standard,,,,,
TWI,Droid Manufactory,,Hyperspace Foil,,,,,
TWI,Droid Manufactory,,Hyperspace,,,,,
TWI,Droid Starfighter,,Hyperspace Foil,,,,,
TWI,Droid Starfighter,,Hyperspace,,,,,
TWI,Droid Starfighter,,Standard,,,,,
TWI,Droid Starfighter,,Standard Foil,,,,,
TWI,Droideka Security,,Standard,,,,,
TWI,Droideka Security,,Standard Foil,,,,,
TWI,Droideka Security,,Hyperspace,,,,,
TWI,Droideka Security,,Hyperspace Foil,,,,,
TWI,Drop In,,Hyperspace Foil,,,,,
TWI,Drop In,,Standard Foil,,,,,
TWI,Drop In,,Standard,,,,,
TWI,Drop In,,Hyperspace,,,,,
TWI,Duchess's Champion,,Standard,,,,,
TWI,Duchess's Champion,,Standard Foil,,,,,
TWI,Duchess's Champion,,Hyperspace Foil,,,,,
TWI,Duchess's Champion,,Hyperspace,,,,,
TWI,Dwarf Spider Droid,,Standard Foil,,,,,
TWI,Dwarf Spider Droid,,Hyperspace Foil,,,,,
TWI,Dwarf Spider Droid,,Hyperspace,,,,,
TWI,Dwarf Spider Droid,,Standard,,,,,
TWI,Echo,Valiant ARC Trooper,Standard Foil,,,,,
TWI,Echo,Valiant ARC Trooper,Hyperspace,,,,,
TWI,Echo,Valiant ARC Trooper,Hyperspace Foil,,,,,
TWI,Echo,Valiant ARC Trooper,Standard,,,,,
TWI,Elite P-38 Starfighter,,Hyperspace,,,,,
TWI,Elite P-38 Starfighter,,Standard,,,,,
TWI,Elite P-38 Starfighter,,Standard Foil,,,,,
TWI,Elite P-38 Starfighter,,Hyperspace Foil,,,,,
TWI,Encouraging Leadership,,Hyperspace Foil,,,,,
TWI,Encouraging Leadership,,Standard,,,,,
TWI,Encouraging Leadership,,Hyperspace,,,,,
TWI,Encouraging Leadership,,Standard Foil,,,,,
TWI,Enfys Nest,Champion of Justice,Hyperspace Foil,,,,,
TWI,Enfys Nest,Champion of Justice,Standard Foil,,,,,
TWI,Enfys Nest,Champion of Justice,Standard,,,,,
TWI,Enfys Nest,Champion of Justice,Hyperspace,,,,,
TWI,Equalize,,Hyperspace,,,,,
TWI,Equalize,,Hyperspace Foil,,,,,
TWI,Equalize,,Standard,,,,,
TWI,Equalize,,Standard Foil,,,,,
TWI,Eta-2 Light Interceptor,,Hyperspace Foil,,,,,
TWI,Eta-2 Light Interceptor,,Hyperspace,,,,,
TWI,Eta-2 Light Interceptor,,Standard Foil,,,,,
TWI,Eta-2 Light Interceptor,,Standard,,,,,
TWI,Execute Order 66,,Standard,,,,,
TWI,Execute Order 66,,Standard Foil,,,,,
TWI,Execute Order 66,,Hyperspace,,,,,
TWI,Execute Order 66,,Hyperspace Foil,,,,,
TWI,Falchion Ion Tank,,Hyperspace,,,,,
TWI,Falchion Ion Tank,,Standard,,,,,
TWI,Falchion Ion Tank,,Hyperspace Foil,,,,,
TWI,Falchion Ion Tank,,Standard Foil,,,,,
TWI,Favorable Delegate,,Hyperspace,,,,,
TWI,Favorable Delegate,,Standard Foil,,,,,
TWI,Favorable Delegate,,Standard,,,,,
TWI,Favorable Delegate,,Hyperspace Foil,,,,,
TWI,Finn,On the Run,Standard,,,,,
TWI,Finn,On the Run,Standard Foil,,,,,
TWI,Finn,On the Run,Hyperspace,,,,,
TWI,Finn,On the Run,Hyperspace Foil,,,,,
TWI,Fives,In Search of Truth,Hyperspace Foil,,,,,
TWI,Fives,In Search of Truth,Standard,,,,,
TWI,Fives,In Search of Truth,Standard Foil,,,,,
TWI,Fives,In Search of Truth,Hyperspace,,,,,
TWI,For The Republic,,Standard,,,,,
TWI,For The Republic,,Hyperspace Foil,,,,,
TWI,For The Republic,,Standard Foil,,,,,
TWI,For The Republic,,Hyperspace,,,,,
TWI,Foresight,,Standard Foil,,,,,
TWI,Foresight,,Hyperspace,,,,,
TWI,Foresight,,Hyperspace Foil,,,,,
TWI,Foresight,,Standard,,,,,
TWI,Freelance Assassin,,Standard,,,,,
TWI,Freelance Assassin,,Standard Foil,,,,,
TWI,Freelance Assassin,,Hyperspace,,,,,
TWI,Freelance Assassin,,Hyperspace Foil,,,,,
TWI,General Grievous,Trophy Collector,Hyperspace Foil,,,,,
TWI,General Grievous,General of the Droid Armies,Showcase,,,,,
TWI,General Grievous,General of the Droid Armies,Hyperspace,,,,,
TWI,General Grievous,Trophy Collector,Hyperspace,,,,,
TWI,General Grievous,General of the Droid Armies,Standard,,,,,
TWI,General Grievous,Trophy Collector,Standard Foil,,,,,
TWI,General Grievous,Trophy Collector,Standard,,,,,
TWI,General's Blade,,Hyperspace,,,,,
TWI,General's Blade,,Hyperspace Foil,,,,,
TWI,General's Blade,,Standard Foil,,,,,
TWI,General's Blade,,Standard,,,,,
TWI,General's Guardian,,Hyperspace,,,,,
TWI,General's Guardian,,Standard,,,,,
TWI,Geonosis Patrol Fighter,,Standard Foil,,,,,
TWI,Geonosis Patrol Fighter,,Standard,,,,,
TWI,Geonosis Patrol Fighter,,Hyperspace Foil,,,,,
TWI,Geonosis Patrol Fighter,,Hyperspace,,,,,
TWI,Gor,Grievous's Pet,Standard,,,,,
TWI,Gor,Grievous's Pet,Standard Foil,,,,,
TWI,Gor,Grievous's Pet,Hyperspace,,,,,
TWI,Gor,Grievous's Pet,Hyperspace Foil,,,,,
TWI,Grenade Strike,,Hyperspace,,,,,
TWI,Grenade Strike,,Standard Foil,,,,,
TWI,Grenade Strike,,Standard,,,,,
TWI,Grenade Strike,,Hyperspace Foil,,,,,
TWI,Grievous Reassembly,,Hyperspace Foil,,,,,
TWI,Grievous Reassembly,,Standard Foil,,,,,
TWI,Grievous Reassembly,,Hyperspace,,,,,
TWI,Grievous Reassembly,,Standard,,,,,
TWI,Grievous's Wheel Bike,,Standard,,,,,
TWI,Grievous's Wheel Bike,,Hyperspace,,,,,
TWI,Grim Resolve,,Standard Foil,,,,,
TWI,Grim Resolve,,Hyperspace Foil,,,,,
TWI,Grim Resolve,,Hyperspace,,,,,
TWI,Grim Resolve,,Standard,,,,,
TWI,Guarding the Way,,Standard Foil,,,,,
TWI,Guarding the Way,,Hyperspace,,,,,
TWI,Guarding the Way,,Hyperspace Foil,,,,,
TWI,Guarding the Way,,Standard,,,,,
TWI,Guerilla Insurgency,,Standard,,,,,
TWI,Guerilla Insurgency,,Standard Foil,,,,,
TWI,Guerilla Insurgency,,Hyperspace,,,,,
TWI,Guerilla Insurgency,,Hyperspace Foil,,,,,
TWI,Hailfire Tank,,Standard,,,,,
TWI,Hailfire Tank,,Hyperspace,,,,,
TWI,Hailfire Tank,,Standard Foil,,,,,
TWI,Hailfire Tank,,Hyperspace Foil,,,,,
TWI,Headhunter Squadron,,Standard,,,,,
TWI,Headhunter Squadron,,Hyperspace Foil,,,,,
TWI,Headhunter Squadron,,Standard Foil,,,,,
TWI,Headhunter Squadron,,Hyperspace,,,,,
TWI,Heavy Persuader Tank,,Hyperspace Foil,,,,,
TWI,Heavy Persuader Tank,,Standard Foil,,,,,
TWI,Heavy Persuader Tank,,Standard,,,,,
TWI,Heavy Persuader Tank,,Hyperspace,,,,,
TWI,Hello There,,Hyperspace Foil,,,,,
TWI,Hello There,,Hyperspace,,,,,
TWI,Hello There,,Standard,,,,,
TWI,Hello There,,Standard Foil,,,,,
TWI,Heroes on Both Sides,,Hyperspace Foil,,,,,
TWI,Heroes on Both Sides,,Standard,,,,,
TWI,Heroes on Both Sides,,Hyperspace,,,,,
TWI,Heroes on Both Sides,,Standard Foil,,,,,
TWI,Hevy,Staunch Martyr,Hyperspace,,,,,
TWI,Hevy,Staunch Martyr,Hyperspace Foil,,,,,
TWI,Hevy,Staunch Martyr,Standard Foil,,,,,
TWI,Hevy,Staunch Martyr,Standard,,,,,
TWI,Hidden Sharpshooter,,Standard,,,,,
TWI,Hidden Sharpshooter,,Standard Foil,,,,,
TWI,Hidden Sharpshooter,,Hyperspace,,,,,
TWI,Hidden Sharpshooter,,Hyperspace Foil,,,,,
TWI,Hold-Out Blaster,,Hyperspace,,,,,
TWI,Hold-Out Blaster,,Standard,,,,,
TWI,Hold-Out Blaster,,Standard Foil,,,,,
TWI,Hold-Out Blaster,,Hyperspace Foil,,,,,
TWI,Hotshot V-Wing,,Hyperspace Foil,,,,,
TWI,Hotshot V-Wing,,Standard,,,,,
TWI,Hotshot V-Wing,,Standard Foil,,,,,
TWI,Hotshot V-Wing,,Hyperspace,,,,,
TWI,Huyang,Enduring Instructor,Standard Foil,,,,,
TWI,Huyang,Enduring Instructor,Standard,,,,,
TWI,Huyang,Enduring Instructor,Hyperspace,,,,,
TWI,Huyang,Enduring Instructor,Hyperspace Foil,,,,,
TWI,I Have the High Ground,,Standard,,,,,
TWI,I Have the High Ground,,Hyperspace,,,,,
TWI,I Have the High Ground,,Standard Foil,,,,,
TWI,I Have the High Ground,,Hyperspace Foil,,,,,
TWI,Impropriety Among Thieves,,Hyperspace,,,,,
TWI,Impropriety Among Thieves,,Standard,,,,,
TWI,Impropriety Among Thieves,,Standard Foil,,,,,
TWI,Impropriety Among Thieves,,Hyperspace Foil,,,,,
TWI,In Defense of Kamino,,Standard,,,,,
TWI,In Defense of Kamino,,Hyperspace Foil,,,,,
TWI,In Defense of Kamino,,Standard Foil,,,,,
TWI,In Defense of Kamino,,Hyperspace,,,,,
TWI,In Pursuit,,Standard,,,,,
TWI,In Pursuit,,Hyperspace Foil,,,,,
TWI,In Pursuit,,Hyperspace,,,,,
TWI,In Pursuit,,Standard Foil,,,,,
TWI,Independent Senator,,Hyperspace,,,,,
TWI,Independent Senator,,Standard Foil,,,,,
TWI,Independent Senator,,Hyperspace Foil,,,,,
TWI,Independent Senator,,Standard,,,,,
TWI,Infantry of the 212th,,Standard Foil,,,,,
TWI,Infantry of the 212th,,Hyperspace,,,,,
TWI,Infantry of the 212th,,Standard,,,,,
TWI,Infantry of the 212th,,Hyperspace Foil,,,,,
TWI,Infiltrating Demolisher,,Standard,,,,,
TWI,Infiltrating Demolisher,,Standard Foil,,,,,
TWI,Infiltrating Demolisher,,Hyperspace Foil,,,,,
TWI,Infiltrating Demolisher,,Hyperspace,,,,,
TWI,Jango Fett,Concealing the Conspiracy,Standard,,,,,
TWI,Jango Fett,Concealing the Conspiracy,Hyperspace,,,,,
TWI,Jango Fett,Concealing the Conspiracy,Showcase,,,,,
TWI,Jar Jar Binks,Foolish Gungan,Hyperspace Foil,,,,,
TWI,Jar Jar Binks,Foolish Gungan,Standard,,,,,
TWI,Jar Jar Binks,Foolish Gungan,Standard Foil,,,,,
TWI,Jar Jar Binks,Foolish Gungan,Hyperspace,,,,,
TWI,Jesse,Hard-Fighting Patriot,Hyperspace,,,,,
TWI,Jesse,Hard-Fighting Patriot,Standard Foil,,,,,
TWI,Jesse,Hard-Fighting Patriot,Standard,,,,,
TWI,Jesse,Hard-Fighting Patriot,Hyperspace Foil,,,,,
TWI,Jyn Erso,Stardust,Hyperspace,,,,,
TWI,Jyn Erso,Stardust,Standard Foil,,,,,
TWI,Jyn Erso,Stardust,Standard,,,,,
TWI,Jyn Erso,Stardust,Hyperspace Foil,,,,,
TWI,Kalani,Analytical General,Standard Foil,,,,,
TWI,Kalani,Analytical General,Hyperspace Foil,,,,,
TWI,Kalani,Analytical General,Standard,,,,,
TWI,Kalani,Analytical General,Hyperspace,,,,,
TWI,Kashyyyk Defender,,Standard Foil,,,,,
TWI,Kashyyyk Defender,,Hyperspace Foil,,,,,
TWI,Kashyyyk Defender,,Hyperspace,,,,,
TWI,Kashyyyk Defender,,Standard,,,,,
TWI,KCM Mining Facility,,Hyperspace,,,,,
TWI,KCM Mining Facility,,Standard,,,,,
TWI,Ki-Adi-Mundi,Composed and Confident,Hyperspace Foil,,,,,
TWI,Ki-Adi-Mundi,Composed and Confident,Hyperspace,,,,,
TWI,Ki-Adi-Mundi,Composed and Confident,Standard Foil,,,,,
TWI,Ki-Adi-Mundi,Composed and Confident,Standard,,,,,
TWI,Kit Fisto,The Smiling Jedi,Standard,,,,,
TWI,Kit Fisto,The Smiling Jedi,Standard Foil,,,,,
TWI,Kit Fisto,The Smiling Jedi,Hyperspace,,,,,
TWI,Kit Fisto,The Smiling Jedi,Hyperspace Foil,,,,,
TWI,Knight of the Republic,,Hyperspace,,,,,
TWI,Knight of the Republic,,Standard,,,,,
TWI,Knight of the Republic,,Hyperspace Foil,,,,,
TWI,Knight of the Republic,,Standard Foil,,,,,
TWI,Kraken,Confederate Tactician,Hyperspace,,,,,
TWI,Kraken,Confederate Tactician,Hyperspace Foil,,,,,
TWI,Kraken,Confederate Tactician,Standard Foil,,,,,
TWI,Kraken,Confederate Tactician,Standard,,,,,
TWI,Lair of Grievous,,Hyperspace,,,,,
TWI,Lair of Grievous,,Standard,,,,,
TWI,Lethal Crackdown,,Hyperspace Foil,,,,,
TWI,Lethal Crackdown,,Hyperspace,,,,,
TWI,Lethal Crackdown,,Standard Foil,,,,,
TWI,Lethal Crackdown,,Standard,,,,,
TWI,Level 1313,,Hyperspace,,,,,
TWI,Level 1313,,Standard,,,,,
TWI,Low Altitude Gunship,,Hyperspace Foil,,,,,
TWI,Low Altitude Gunship,,Standard,,,,,
TWI,Low Altitude Gunship,,Hyperspace,,,,,
TWI,Low Altitude Gunship,,Standard Foil,,,,,
TWI,Luminara Unduli,Soft-Spoken Master,Standard Foil,,,,,
TWI,Luminara Unduli,Soft-Spoken Master,Hyperspace Foil,,,,,
TWI,Luminara Unduli,Soft-Spoken Master,Hyperspace,,,,,
TWI,Luminara Unduli,Soft-Spoken Master,Standard,,,,,
TWI,Lux Bonteri,Renegade Separatist,Hyperspace Foil,,,,,
TWI,Lux Bonteri,Renegade Separatist,Standard Foil,,,,,
TWI,Lux Bonteri,Renegade Separatist,Hyperspace,,,,,
TWI,Lux Bonteri,Renegade Separatist,Standard,,,,,
TWI,Mace Windu,Vaapad Form Master,Hyperspace,,,,,
TWI,Mace Windu,Vaapad Form Master,Standard,,,,,
TWI,Mace Windu,Vaapad Form Master,Showcase,,,,,
TWI,Mace Windu's Lightsaber,,Standard Foil,,,,,
TWI,Mace Windu's Lightsaber,,Hyperspace Foil,,,,,
TWI,Mace Windu's Lightsaber,,Hyperspace,,,,,
TWI,Mace Windu's Lightsaber,,Standard,,,,,
TWI,MagnaGuard Wing Leader,,Hyperspace,,,,,
TWI,MagnaGuard Wing Leader,,Hyperspace Foil,,,,,
TWI,MagnaGuard Wing Leader,,Standard Foil,,,,,
TWI,MagnaGuard Wing Leader,,Standard,,,,,
TWI,Malevolence,Grievous's Secret Weapon,Standard,,,,,
TWI,Malevolence,Grievous's Secret Weapon,Hyperspace,,,,,
TWI,Malevolence,Grievous's Secret Weapon,Standard Foil,,,,,
TWI,Malevolence,Grievous's Secret Weapon,Hyperspace Foil,,,,,
TWI,Manufactured Soldiers,,Standard Foil,,,,,
TWI,Manufactured Soldiers,,Standard,,,,,
TWI,Manufactured Soldiers,,Hyperspace Foil,,,,,
TWI,Manufactured Soldiers,,Hyperspace,,,,,
TWI,Mas Amedda,Vice Chair,Standard Foil,,,,,
TWI,Mas Amedda,Vice Chair,Standard,,,,,
TWI,Mas Amedda,Vice Chair,Hyperspace Foil,,,,,
TWI,Mas Amedda,Vice Chair,Hyperspace,,,,,
TWI,Maul,A Rival in Darkness,Standard,,,,,
TWI,Maul,A Rival in Darkness,Showcase,,,,,
TWI,Maul,A Rival in Darkness,Hyperspace,,,,,
TWI,Merciless Contest,,Standard Foil,,,,,
TWI,Merciless Contest,,Hyperspace,,,,,
TWI,Merciless Contest,,Standard,,,,,
TWI,Merciless Contest,,Hyperspace Foil,,,,,
TWI,Mister Bones,I Performed Violence,Hyperspace,,,,,
TWI,Mister Bones,I Performed Violence,Hyperspace Foil,,,,,
TWI,Mister Bones,I Performed Violence,Standard Foil,,,,,
TWI,Mister Bones,I Performed Violence,Standard,,,,,
TWI,Morgan Elsbeth,Keeper of Many Secrets,Standard,,,,,
TWI,Morgan Elsbeth,Keeper of Many Secrets,Standard Foil,,,,,
TWI,Morgan Elsbeth,Keeper of Many Secrets,Hyperspace,,,,,
TWI,Morgan Elsbeth,Keeper of Many Secrets,Hyperspace Foil,,,,,
TWI,Multi-Troop Transport,,Standard Foil,,,,,
TWI,Multi-Troop Transport,,Hyperspace Foil,,,,,
TWI,Multi-Troop Transport,,Standard,,,,,
TWI,Multi-Troop Transport,,Hyperspace,,,,,
TWI,Nala Se,Clone Engineer,Hyperspace,,,,,
TWI,Nala Se,Clone Engineer,Showcase,,,,,
TWI,Nala Se,Clone Engineer,Standard,,,,,
TWI,Nameless Valor,,Standard Foil,,,,,
TWI,Nameless Valor,,Hyperspace,,,,,
TWI,Nameless Valor,,Hyperspace Foil,,,,,
TWI,Nameless Valor,,Standard,,,,,
TWI,Now There Are Two of Them,,Hyperspace Foil,,,,,
TWI,Now There Are Two of Them,,Standard Foil,,,,,
TWI,Now There Are Two of Them,,Hyperspace,,,,,
TWI,Now There Are Two of Them,,Standard,,,,,
TWI,Nute Gunray,Vindictive Viceroy,Hyperspace,,,,,
TWI,Nute Gunray,Vindictive Viceroy,Standard,,,,,
TWI,Nute Gunray,Vindictive Viceroy,Showcase,,,,,
TWI,Obedient Vanguard,,Standard Foil,,,,,
TWI,Obedient Vanguard,,Hyperspace,,,,,
TWI,Obedient Vanguard,,Hyperspace Foil,,,,,
TWI,Obedient Vanguard,,Standard,,,,,
TWI,Obi-Wan Kenobi,Patient Mentor,Showcase,,,,,
TWI,Obi-Wan Kenobi,Patient Mentor,Hyperspace,,,,,
TWI,Obi-Wan Kenobi,Patient Mentor,Standard,,,,,
TWI,Obi-Wan's Aethersprite,This is Why I Hate Flying,Standard Foil,,,,,
TWI,Obi-Wan's Aethersprite,This is Why I Hate Flying,Standard,,,,,
TWI,Obi-Wan's Aethersprite,This is Why I Hate Flying,Hyperspace,,,,,
TWI,Obi-Wan's Aethersprite,This is Why I Hate Flying,Hyperspace Foil,,,,,
TWI,Old Access Codes,,Standard,,,,,
TWI,Old Access Codes,,Standard Foil,,,,,
TWI,Old Access Codes,,Hyperspace Foil,,,,,
TWI,Old Access Codes,,Hyperspace,,,,,
TWI,On the Doorstep,,Hyperspace,,,,,
TWI,On the Doorstep,,Standard Foil,,,,,
TWI,On the Doorstep,,Standard,,,,,
TWI,On the Doorstep,,Hyperspace Foil,,,,,
TWI,On Top of Things,,Standard,,,,,
TWI,On Top of Things,,Hyperspace,,,,,
TWI,On Top of Things,,Hyperspace Foil,,,,,
TWI,On Top of Things,,Standard Foil,,,,,
TWI,OOM-Series Officer,,Standard,,,,,
TWI,OOM-Series Officer,,Hyperspace,,,,,
TWI,OOM-Series Officer,,Hyperspace Foil,,,,,
TWI,OOM-Series Officer,,Standard Foil,,,,,
TWI,Open Fire,,Standard,,,,,
TWI,Osi Sobeck,Warden of the Citadel,Hyperspace Foil,,,,,
TWI,Osi Sobeck,Warden of the Citadel,Standard,,,,,
TWI,Osi Sobeck,Warden of the Citadel,Hyperspace,,,,,
TWI,Osi Sobeck,Warden of the Citadel,Standard Foil,,,,,
TWI,Outflank,,Standard,,,,,
TWI,Outspoken Representative,,Hyperspace Foil,,,,,
TWI,Outspoken Representative,,Hyperspace,,,,,
TWI,Outspoken Representative,,Standard Foil,,,,,
TWI,Outspoken Representative,,Standard,,,,,
TWI,Padawan Starfighter,,Hyperspace Foil,,,,,
TWI,Padawan Starfighter,,Hyperspace,,,,,
TWI,Padawan Starfighter,,Standard,,,,,
TWI,Padawan Starfighter,,Standard Foil,,,,,
TWI,Padmé Amidala,Serving the Republic,Standard,,,,,
TWI,Padmé Amidala,Serving the Republic,Showcase,,,,,
TWI,Padmé Amidala,Pursuing Peace,Standard,,,,,
TWI,Padmé Amidala,Serving the Republic,Hyperspace,,,,,
TWI,Padmé Amidala,Pursuing Peace,Hyperspace Foil,,,,,
TWI,Padmé Amidala,Pursuing Peace,Hyperspace,,,,,
TWI,Padmé Amidala,Pursuing Peace,Standard Foil,,,,,
TWI,Patrolling AAT,,Hyperspace Foil,,,,,
TWI,Patrolling AAT,,Hyperspace,,,,,
TWI,Patrolling AAT,,Standard,,,,,
TWI,Patrolling AAT,,Standard Foil,,,,,
TWI,Patrolling V-Wing,,Standard,,,,,
TWI,Pau City,,Standard Foil,,,,,
TWI,Pau City,,Hyperspace,,,,,
TWI,Pau City,,Hyperspace Foil,,,,,
TWI,Pau City,,Standard,,,,,
TWI,Pelta Supply Frigate,,Hyperspace,,,,,
TWI,Pelta Supply Frigate,,Standard,,,,,
TWI,Pelta Supply Frigate,,Hyperspace Foil,,,,,
TWI,Pelta Supply Frigate,,Standard Foil,,,,,
TWI,Perilous Position,,Standard Foil,,,,,
TWI,Perilous Position,,Standard,,,,,
TWI,Perilous Position,,Hyperspace Foil,,,,,
TWI,Perilous Position,,Hyperspace,,,,,
TWI,Petition the Senate,,Standard,,,,,
TWI,Petition the Senate,,Hyperspace,,,,,
TWI,Petition the Senate,,Standard Foil,,,,,
TWI,Petition the Senate,,Hyperspace Foil,,,,,
TWI,Petranaki Arena,,Standard Foil,,,,,
TWI,Petranaki Arena,,Hyperspace Foil,,,,,
TWI,Petranaki Arena,,Standard,,,,,
TWI,Petranaki Arena,,Hyperspace,,,,,
TWI,Phase I Clone Trooper,,Standard,,,,,
TWI,Phase I Clone Trooper,,Standard Foil,,,,,
TWI,Phase I Clone Trooper,,Hyperspace Foil,,,,,
TWI,Phase I Clone Trooper,,Hyperspace,,,,,
TWI,Phase II Clone Trooper,,Standard,,,,,
TWI,Phase II Clone Trooper,,Hyperspace,,,,,
TWI,Phase II Clone Trooper,,Standard Foil,,,,,
TWI,Phase II Clone Trooper,,Hyperspace Foil,,,,,
TWI,Planetary Invasion,,Standard Foil,,,,,
TWI,Planetary Invasion,,Hyperspace,,,,,
TWI,Planetary Invasion,,Hyperspace Foil,,,,,
TWI,Planetary Invasion,,Standard,,,,,
TWI,Plo Koon,Koh-to-yah!,Hyperspace Foil,,,,,
TWI,Plo Koon,Koh-to-yah!,Hyperspace,,,,,
TWI,Plo Koon,Koh-to-yah!,Standard Foil,,,,,
TWI,Plo Koon,Koh-to-yah!,Standard,,,,,
TWI,Poggle the Lesser,Archduke of the Stalgasin Hive,Hyperspace,,,,,
TWI,Poggle the Lesser,Archduke of the Stalgasin Hive,Hyperspace Foil,,,,,
TWI,Poggle the Lesser,Archduke of the Stalgasin Hive,Standard,,,,,
TWI,Poggle the Lesser,Archduke of the Stalgasin Hive,Standard Foil,,,,,
TWI,Political Pressure,,Hyperspace Foil,,,,,
TWI,Political Pressure,,Standard,,,,,
TWI,Political Pressure,,Hyperspace,,,,,
TWI,Political Pressure,,Standard Foil,,,,,
TWI,Pre Vizsla,Pursuing the Throne,Showcase,,,,,
TWI,Pre Vizsla,Pursuing the Throne,Hyperspace,,,,,
TWI,Pre Vizsla,Pursuing the Throne,Standard,,,,,
TWI,Prisoner of War,,Standard Foil,,,,,
TWI,Prisoner of War,,Hyperspace,,,,,
TWI,Prisoner of War,,Hyperspace Foil,,,,,
TWI,Prisoner of War,,Standard,,,,,
TWI,Private Manufacturing,,Standard Foil,,,,,
TWI,Private Manufacturing,,Hyperspace,,,,,
TWI,Private Manufacturing,,Standard,,,,,
TWI,Private Manufacturing,,Hyperspace Foil,,,,,
TWI,Providence Destroyer,,Standard,,,,,
TWI,Providence Destroyer,,Standard Foil,,,,,
TWI,Providence Destroyer,,Hyperspace Foil,,,,,
TWI,Providence Destroyer,,Hyperspace,,,,,
TWI,Pyke Palace,,Standard,,,,,
TWI,Pyke Palace,,Hyperspace,,,,,
TWI,Pyrrhic Assault,,Hyperspace,,,,,
TWI,Pyrrhic Assault,,Hyperspace Foil,,,,,
TWI,Pyrrhic Assault,,Standard Foil,,,,,
TWI,Pyrrhic Assault,,Standard,,,,,
TWI,Quinlan Vos,Sticking the Landing,Showcase,,,,,
TWI,Quinlan Vos,Sticking the Landing,Hyperspace,,,,,
TWI,Quinlan Vos,Sticking the Landing,Standard,,,,,
TWI,R2-D2,Full of Solutions,Hyperspace Foil,,,,,
TWI,R2-D2,Full of Solutions,Hyperspace,,,,,
TWI,R2-D2,Full of Solutions,Standard,,,,,
TWI,R2-D2,Full of Solutions,Standard Foil,,,,,
TWI,Reckless Torrent,,Standard Foil,,,,,
TWI,Reckless Torrent,,Hyperspace,,,,,
TWI,Reckless Torrent,,Standard,,,,,
TWI,Reckless Torrent,,Hyperspace Foil,,,,,
TWI,Relentless Rocket Droid,,Standard,,,,,
TWI,Relentless Rocket Droid,,Hyperspace,,,,,
TWI,Relentless Rocket Droid,,Standard Foil,,,,,
TWI,Relentless Rocket Droid,,Hyperspace Foil,,,,,
TWI,Reprocess,,Standard,,,,,
TWI,Reprocess,,Hyperspace Foil,,,,,
TWI,Reprocess,,Standard Foil,,,,,
TWI,Reprocess,,Hyperspace,,,,,
TWI,Republic ARC-170,,Hyperspace Foil,,,,,
TWI,Republic ARC-170,,Standard,,,,,
TWI,Republic ARC-170,,Hyperspace,,,,,
TWI,Republic ARC-170,,Standard Foil,,,,,
TWI,Republic Attack Pod,,Standard Foil,,,,,
TWI,Republic Attack Pod,,Standard,,,,,
TWI,Republic Attack Pod,,Hyperspace Foil,,,,,
TWI,Republic Attack Pod,,Hyperspace,,,,,
TWI,Republic Commando,,Standard,,,,,
TWI,Republic Commando,,Hyperspace Foil,,,,,
TWI,Republic Commando,,Standard Foil,,,,,
TWI,Republic Commando,,Hyperspace,,,,,
TWI,Republic Defense Carrier,,Hyperspace,,,,,
TWI,Republic Defense Carrier,,Standard,,,,,
TWI,Republic Defense Carrier,,Hyperspace Foil,,,,,
TWI,Republic Defense Carrier,,Standard Foil,,,,,
TWI,Republic Tactical Officer,,Standard Foil,,,,,
TWI,Republic Tactical Officer,,Standard,,,,,
TWI,Republic Tactical Officer,,Hyperspace,,,,,
TWI,Republic Tactical Officer,,Hyperspace Foil,,,,,
TWI,Resolute,Under Anakin's Command,Hyperspace Foil,,,,,
TWI,Resolute,Under Anakin's Command,Hyperspace,,,,,
TWI,Resolute,Under Anakin's Command,Standard,,,,,
TWI,Resolute,Under Anakin's Command,Standard Foil,,,,,
TWI,Resupply,,Standard,,,,,
TWI,Resupply,,Hyperspace Foil,,,,,
TWI,Resupply,,Standard Foil,,,,,
TWI,Resupply,,Hyperspace,,,,,
TWI,Roger Roger,,Standard Foil,,,,,
TWI,Roger Roger,,Standard,,,,,
TWI,Roger Roger,,Hyperspace Foil,,,,,
TWI,Roger Roger,,Hyperspace,,,,,
TWI,Royal Guard Attaché,,Hyperspace Foil,,,,,
TWI,Royal Guard Attaché,,Standard,,,,,
TWI,Royal Guard Attaché,,Hyperspace,,,,,
TWI,Royal Guard Attaché,,Standard Foil,,,,,
TWI,Rune Haako,Scheming Second,Standard Foil,,,,,
TWI,Rune Haako,Scheming Second,Standard,,,,,
TWI,Rune Haako,Scheming Second,Hyperspace,,,,,
TWI,Rune Haako,Scheming Second,Hyperspace Foil,,,,,
TWI,Rush Clovis,Banking Clan Scion,Hyperspace Foil,,,,,
TWI,Rush Clovis,Banking Clan Scion,Hyperspace,,,,,
TWI,Rush Clovis,Banking Clan Scion,Standard Foil,,,,,
TWI,Rush Clovis,Banking Clan Scion,Standard,,,,,
TWI,Ryloth Militia,,Hyperspace,,,,,
TWI,Ryloth Militia,,Hyperspace Foil,,,,,
TWI,Ryloth Militia,,Standard Foil,,,,,
TWI,Ryloth Militia,,Standard,,,,,
TWI,Sabine Wren,You Can Count On Me,Standard,,,,,
TWI,Sabine Wren,You Can Count On Me,Hyperspace,,,,,
TWI,Sabine Wren,You Can Count On Me,Hyperspace Foil,,,,,
TWI,Sabine Wren,You Can Count On Me,Standard Foil,,,,,
TWI,San Hill,Chairman of the Banking Clan,Hyperspace,,,,,
TWI,San Hill,Chairman of the Banking Clan,Standard Foil,,,,,
TWI,San Hill,Chairman of the Banking Clan,Hyperspace Foil,,,,,
TWI,San Hill,Chairman of the Banking Clan,Standard,,,,,
TWI,Sanctioner's Shuttle,,Standard Foil,,,,,
TWI,Sanctioner's Shuttle,,Hyperspace,,,,,
TWI,Sanctioner's Shuttle,,Standard,,,,,
TWI,Sanctioner's Shuttle,,Hyperspace Foil,,,,,
TWI,Satine Kryze,Committed to Peace,Hyperspace Foil,,,,,
TWI,Satine Kryze,Committed to Peace,Hyperspace,,,,,
TWI,Satine Kryze,Committed to Peace,Standard Foil,,,,,
TWI,Satine Kryze,Committed to Peace,Standard,,,,,
TWI,Savage Opress,Monster,Standard,,,,,
TWI,Savage Opress,Monster,Hyperspace Foil,,,,,
TWI,Savage Opress,Monster,Standard Foil,,,,,
TWI,Savage Opress,Monster,Hyperspace,,,,,
TWI,Saw Gerrera,Resistance is Not Terrorism,Hyperspace,,,,,
TWI,Saw Gerrera,Resistance is Not Terrorism,Standard Foil,,,,,
TWI,Saw Gerrera,Resistance is Not Terrorism,Standard,,,,,
TWI,Saw Gerrera,Resistance is Not Terrorism,Hyperspace Foil,,,,,
TWI,Self-Destruct,,Hyperspace,,,,,
TWI,Self-Destruct,,Standard,,,,,
TWI,Self-Destruct,,Standard Foil,,,,,
TWI,Self-Destruct,,Hyperspace Foil,,,,,
TWI,Senatorial Corvette,,Standard Foil,,,,,
TWI,Senatorial Corvette,,Hyperspace,,,,,
TWI,Senatorial Corvette,,Standard,,,,,
TWI,Senatorial Corvette,,Hyperspace Foil,,,,,
TWI,Separatist Commando,,Standard,,,,,
TWI,Separatist Commando,,Hyperspace,,,,,
TWI,Separatist Super Tank,,Hyperspace Foil,,,,,
TWI,Separatist Super Tank,,Hyperspace,,,,,
TWI,Separatist Super Tank,,Standard Foil,,,,,
TWI,Separatist Super Tank,,Standard,,,,,
TWI,Shaak Ti,Unity Wins Wars,Standard,,,,,
TWI,Shaak Ti,Unity Wins Wars,Hyperspace Foil,,,,,
TWI,Shaak Ti,Unity Wins Wars,Standard Foil,,,,,
TWI,Shaak Ti,Unity Wins Wars,Hyperspace,,,,,
TWI,Shadow Collective Camp,,Standard Foil,,,,,
TWI,Shadow Collective Camp,,Hyperspace Foil,,,,,
TWI,Shadow Collective Camp,,Hyperspace,,,,,
TWI,Shadow Collective Camp,,Standard,,,,,
TWI,Shadowed Intentions,,Standard,,,,,
TWI,Shadowed Intentions,,Standard Foil,,,,,
TWI,Shadowed Intentions,,Hyperspace Foil,,,,,
TWI,Shadowed Intentions,,Hyperspace,,,,,
TWI,Sly Moore,Secretive Advisor,Standard Foil,,,,,
TWI,Sly Moore,Secretive Advisor,Standard,,,,,
TWI,Sly Moore,Secretive Advisor,Hyperspace,,,,,
TWI,Sly Moore,Secretive Advisor,Hyperspace Foil,,,,,
TWI,Soldier of the 501st,,Hyperspace Foil,,,,,
TWI,Soldier of the 501st,,Standard,,,,,
TWI,Soldier of the 501st,,Hyperspace,,,,,
TWI,Soldier of the 501st,,Standard Foil,,,,,
TWI,Soulless One,Customized for Grievous,Standard Foil,,,,,
TWI,Soulless One,Customized for Grievous,Hyperspace Foil,,,,,
TWI,Soulless One,Customized for Grievous,Standard,,,,,
TWI,Soulless One,Customized for Grievous,Hyperspace,,,,,
TWI,Squad Support,,Hyperspace Foil,,,,,
TWI,Squad Support,,Hyperspace,,,,,
TWI,Squad Support,,Standard,,,,,
TWI,Squad Support,,Standard Foil,,,,,
TWI,Squadron of Vultures,,Standard Foil,,,,,
TWI,Squadron of Vultures,,Hyperspace Foil,,,,,
TWI,Squadron of Vultures,,Hyperspace,,,,,
TWI,Squadron of Vultures,,Standard,,,,,
TWI,Steadfast Senator,,Hyperspace Foil,,,,,
TWI,Steadfast Senator,,Standard,,,,,
TWI,Steadfast Senator,,Hyperspace,,,,,
TWI,Steadfast Senator,,Standard Foil,,,,,
TWI,Steela Gerrera,Beloved Tactician,Standard Foil,,,,,
TWI,Steela Gerrera,Beloved Tactician,Hyperspace Foil,,,,,
TWI,Steela Gerrera,Beloved Tactician,Standard,,,,,
TWI,Steela Gerrera,Beloved Tactician,Hyperspace,,,,,
TWI,Strategic Acumen,,Hyperspace,,,,,
TWI,Strategic Acumen,,Hyperspace Foil,,,,,
TWI,Strategic Acumen,,Standard Foil,,,,,
TWI,Strategic Acumen,,Standard,,,,,
TWI,Strategic Analysis,,Hyperspace Foil,,,,,
TWI,Strategic Analysis,,Standard Foil,,,,,
TWI,Strategic Analysis,,Hyperspace,,,,,
TWI,Strategic Analysis,,Standard,,,,,
TWI,Subjugating Starfighter,,Standard Foil,,,,,
TWI,Subjugating Starfighter,,Hyperspace,,,,,
TWI,Subjugating Starfighter,,Hyperspace Foil,,,,,
TWI,Subjugating Starfighter,,Standard,,,,,
TWI,Sundari,,Standard,,,,,
TWI,Sundari,,Hyperspace,,,,,
TWI,Super Battle Droid,,Hyperspace,,,,,
TWI,Super Battle Droid,,Hyperspace Foil,,,,,
TWI,Super Battle Droid,,Standard Foil,,,,,
TWI,Super Battle Droid,,Standard,,,,,
TWI,Sword and Shield Maneuver,,Hyperspace,,,,,
TWI,Sword and Shield Maneuver,,Hyperspace Foil,,,,,
TWI,Sword and Shield Maneuver,,Standard Foil,,,,,
TWI,Sword and Shield Maneuver,,Standard,,,,,
TWI,Synchronized Strike,,Hyperspace,,,,,
TWI,Synchronized Strike,,Hyperspace Foil,,,,,
TWI,Synchronized Strike,,Standard,,,,,
TWI,Synchronized Strike,,Standard Foil,,,,,
TWI,Tactical Advantage,,Standard,,,,,
TWI,Tactical Droid Commander,,Standard Foil,,,,,
TWI,Tactical Droid Commander,,Hyperspace,,,,,
TWI,Tactical Droid Commander,,Hyperspace Foil,,,,,
TWI,Tactical Droid Commander,,Standard,,,,,
TWI,Take Captive,,Standard Foil,,,,,
TWI,Take Captive,,Hyperspace Foil,,,,,
TWI,Take Captive,,Hyperspace,,,,,
TWI,Take Captive,,Standard,,,,,
TWI,The Clone Wars,,Hyperspace,,,,,
TWI,The Clone Wars,,Hyperspace Foil,,,,,
TWI,The Clone Wars,,Standard,,,,,
TWI,The Clone Wars,,Standard Foil,,,,,
TWI,The Crystal City,,Standard,,,,,
TWI,The Crystal City,,Hyperspace,,,,,
TWI,The Invasion of Christophsis,,Standard,,,,,
TWI,The Invasion of Christophsis,,Hyperspace Foil,,,,,
TWI,The Invasion of Christophsis,,Standard Foil,,,,,
TWI,The Invasion of Christophsis,,Hyperspace,,,,,
TWI,The Invisible Hand,Imposing Flagship,Hyperspace Foil,,,,,
TWI,The Invisible Hand,Imposing Flagship,Hyperspace,,,,,
TWI,The Invisible Hand,Imposing Flagship,Standard Foil,,,,,
TWI,The Invisible Hand,Imposing Flagship,Standard,,,,,
TWI,The Nest,,Hyperspace,,,,,
TWI,The Nest,,Standard,,,,,
TWI,The Zillo Beast,Awoken From The Depths,Standard Foil,,,,,
TWI,The Zillo Beast,Awoken From The Depths,Hyperspace Foil,,,,,
TWI,The Zillo Beast,Awoken From The Depths,Standard,,,,,
TWI,The Zillo Beast,Awoken From The Depths,Hyperspace,,,,,
TWI,Tipoca City,,Standard,,,,,
TWI,Tipoca City,,Hyperspace,,,,,
TWI,Trade Federation Shuttle,,Standard Foil,,,,,
TWI,Trade Federation Shuttle,,Standard,,,,,
TWI,Trade Federation Shuttle,,Hyperspace Foil,,,,,
TWI,Trade Federation Shuttle,,Hyperspace,,,,,
TWI,Tranquility,Inspiring Flagship,Hyperspace,,,,,
TWI,Tranquility,Inspiring Flagship,Standard,,,,,
TWI,Tranquility,Inspiring Flagship,Standard Foil,,,,,
TWI,Tranquility,Inspiring Flagship,Hyperspace Foil,,,,,
TWI,Tri-Droid Suppressor,,Hyperspace,,,,,
TWI,Tri-Droid Suppressor,,Standard,,,,,
TWI,Tri-Droid Suppressor,,Standard Foil,,,,,
TWI,Tri-Droid Suppressor,,Hyperspace Foil,,,,,
TWI,Twice the Pride,,Standard Foil,,,,,
TWI,Twice the Pride,,Hyperspace,,,,,
TWI,Twice the Pride,,Hyperspace Foil,,,,,
TWI,Twice the Pride,,Standard,,,,,
TWI,Unlimited Power,,Hyperspace Foil,,,,,
TWI,Unlimited Power,,Standard Foil,,,,,
TWI,Unlimited Power,,Hyperspace,,,,,
TWI,Unlimited Power,,Standard,,,,,
TWI,Unmasking the Conspiracy,,Hyperspace,,,,,
TWI,Unmasking the Conspiracy,,Standard Foil,,,,,
TWI,Unmasking the Conspiracy,,Hyperspace Foil,,,,,
TWI,Unmasking the Conspiracy,,Standard,,,,,
TWI,Unnatural Life,,Standard Foil,,,,,
TWI,Unnatural Life,,Hyperspace Foil,,,,,
TWI,Unnatural Life,,Hyperspace,,,,,
TWI,Unnatural Life,,Standard,,,,,
TWI,Unshakeable Will,,Hyperspace,,,,,
TWI,Unshakeable Will,,Standard,,,,,
TWI,Unshakeable Will,,Standard Foil,,,,,
TWI,Unshakeable Will,,Hyperspace Foil,,,,,
TWI,Vanguard Droid Bomber,,Hyperspace Foil,,,,,
TWI,Vanguard Droid Bomber,,Standard Foil,,,,,
TWI,Vanguard Droid Bomber,,Standard,,,,,
TWI,Vanguard Droid Bomber,,Hyperspace,,,,,
TWI,Vanquish,,Standard,,,,,
TWI,Vanquish,,Standard Foil,,,,,
TWI,Vanquish,,Hyperspace Foil,,,,,
TWI,Vanquish,,Hyperspace,,,,,
TWI,Volunteer Soldier,,Hyperspace,,,,,
TWI,Volunteer Soldier,,Standard,,,,,
TWI,Volunteer Soldier,,Standard Foil,,,,,
TWI,Volunteer Soldier,,Hyperspace Foil,,,,,
TWI,Vulture Interceptor Wing,,Standard,,,,,
TWI,Vulture Interceptor Wing,,Standard Foil,,,,,
TWI,Vulture Interceptor Wing,,Hyperspace Foil,,,,,
TWI,Vulture Interceptor Wing,,Hyperspace,,,,,
TWI,Warrior Drone,,Hyperspace Foil,,,,,
TWI,Warrior Drone,,Standard Foil,,,,,
TWI,Warrior Drone,,Hyperspace,,,,,
TWI,Warrior Drone,,Standard,,,,,
TWI,Wartime Profiteering,,Standard Foil,,,,,
TWI,Wartime Profiteering,,Hyperspace Foil,,,,,
TWI,Wartime Profiteering,,Hyperspace,,,,,
TWI,Wartime Profiteering,,Standard,,,,,
TWI,Wartime Trade Official,,Hyperspace Foil,,,,,
TWI,Wartime Trade Official,,Standard,,,,,
TWI,Wartime Trade Official,,Standard Foil,,,,,
TWI,Wartime Trade Official,,Hyperspace,,,,,
TWI,Wat Tambor,Techno Union Foreman,Standard,,,,,
TWI,Wat Tambor,Techno Union Foreman,Showcase,,,,,
TWI,Wat Tambor,Techno Union Foreman,Hyperspace,,,,,
TWI,Waylay,,Standard,,,,,
TWI,Wolf Pack Escort,,Standard Foil,,,,,
TWI,Wolf Pack Escort,,Standard,,,,,
TWI,Wolf Pack Escort,,Hyperspace,,,,,
TWI,Wolf Pack Escort,,Hyperspace Foil,,,,,
TWI,Yoda,Sensing Darkness,Showcase,,,,,
TWI,Yoda,Sensing Darkness,Standard,,,,,
TWI,Yoda,Sensing Darkness,Hyperspace,,,,,
TWI,Ziro the Hutt,Colorful Schemer,Standard Foil,,,,,
TWI,Ziro the Hutt,Colorful Schemer,Hyperspace,,,,,
TWI,Ziro the Hutt,Colorful Schemer,Standard,,,,,
TWI,Ziro the Hutt,Colorful Schemer,Hyperspace Foil,,,,,
TWIPQ,The Invisible Hand,Imposing Flagship,PQ Judge,,,,,
TWIPQ,The Invisible Hand,Imposing Flagship,PQ Participation,,,,,
TWIPQ,Tranquility,Inspiring Flagship,PQ Top 4,,,,,
TWIPQ,Tranquility,Inspiring Flagship,PQ Finalist,,,,,
TWIPQ,Tranquility,Inspiring Flagship,PQ Champion,,,,,
TWIPQ,Tranquility,Inspiring Flagship,PQ Top 16,,,,,
TWIPQ,Tranquility,Inspiring Flagship,PQ Top 8,,,,,
TWIPR,Ahsoka Tano,Snips,Prerelease Judge,,,,,
TWIPR,General Grievous,General of the Droid Armies,Prerelease Judge,,,,,
TWISS,Gor,Grievous's Pet,SS Finalist,,,,,
TWISS,Gor,Grievous's Pet,SS Champion,,,,,
TWISS,Gor,Grievous's Pet,SS Top 4,,,,,
TWISS,Gor,Grievous's Pet,SS Top 8,,,,,
TWISS,Savage Opress,Monster,SS Participation,,,,,
TWISS,Savage Opress,Monster,SS Judge,,,,,
TWIW,B1 Security Team,,Weekly Play,,,,,
TWIW,B1 Security Team,,Weekly Play Foil,,,,,
TWIW,Battle Droid Legion,,Weekly Play,,,,,
TWIW,Battle Droid Legion,,Weekly Play Foil,,,,,
TWIW,Clone Cohort,,Weekly Play,,,,,
TWIW,Clone Cohort,,Weekly Play Foil,,,,,
TWIW,Confederate Courier,,Weekly Play,,,,,
TWIW,Confederate Courier,,Weekly Play Foil,,,,,
TWIW,Disruptive Burst,,Weekly Play Foil,,,,,
TWIW,Disruptive Burst,,Weekly Play,,,,,
TWIW,Droideka Security,,Weekly Play,,,,,
TWIW,Hello There,,Weekly Play,,,,,
TWIW,Hello There,,Weekly Play Foil,,,,,
TWIW,Kalani,Analytical General,Weekly Play,,,,,
TWIW,Kalani,Analytical General,Weekly Play Foil,,,,,
TWIW,On Top of Things,,Weekly Play Foil,,,,,
TWIW,On Top of Things,,Weekly Play,,,,,
TWIW,Perilous Position,,Weekly Play,,,,,
TWIW,R2-D2,Full Of Solutions,Weekly Play Foil,,,,,
TWIW,R2-D2,Full Of Solutions,Weekly Play,,,,,
TWIW,Shaak Ti,Unity Wins Wars,Weekly Play Foil,,,,,
TWIW,Shaak Ti,Unity Wins Wars,Weekly Play,,,,,